Reading timing models for corner nom_tt_025C_1v80…
Reading cell library for the 'nom_tt_025C_1v80' corner at '/root/.volare/volare/sky130/versions/bdc9412b3e468c102d01b7cf6337be06ec6e9c9a/sky130A/libs.ref/sky130_fd_sc_hd/lib/sky130_fd_sc_hd__tt_025C_1v80.lib'…
Reading top-level netlist at '/work/runs/RUN_2026-05-18_06-24-15/46-openroad-fillinsertion/chiplet_0_qkv_outproj.nl.v'…
Linking design 'chiplet_0_qkv_outproj' from netlist…
Warning: /work/runs/RUN_2026-05-18_06-24-15/46-openroad-fillinsertion/chiplet_0_qkv_outproj.nl.v line 8800, module sky130_fd_sc_hd__tapvpwrvgnd_1 not found. Creating black box for TAP_TAPCELL_ROW_0_2188.
Warning: /work/runs/RUN_2026-05-18_06-24-15/46-openroad-fillinsertion/chiplet_0_qkv_outproj.nl.v line 137524, module sky130_ef_sc_hd__decap_12 not found. Creating black box for FILLER_0_0_3.
Warning: /work/runs/RUN_2026-05-18_06-24-15/46-openroad-fillinsertion/chiplet_0_qkv_outproj.nl.v line 137526, module sky130_fd_sc_hd__fill_1 not found. Creating black box for FILLER_0_0_27.
Warning: /work/runs/RUN_2026-05-18_06-24-15/46-openroad-fillinsertion/chiplet_0_qkv_outproj.nl.v line 138558, module sky130_fd_sc_hd__fill_2 not found. Creating black box for FILLER_0_1_3218.
Reading design constraints file at '/nix/store/y4j42adqnj1miz3nz8bk388bywwrlf6k-python3-3.11.9-env/lib/python3.11/site-packages/openlane/scripts/base.sdc'…
[INFO] Using clock clk…
[INFO] Setting output delay to: 2.0
[INFO] Setting input delay to: 2.0
[INFO] Setting load to: 0.033442
[INFO] Setting clock uncertainty to: 0.25
[INFO] Setting clock transition to: 0.1499999999999999944488848768742172978818416595458984375
[INFO] Setting timing derate to: 5%
Reading top-level design parasitics for the 'nom_tt_025C_1v80' corner at '/work/runs/RUN_2026-05-18_06-24-15/47-openroad-rcx/nom/chiplet_0_qkv_outproj.nom.spef'…
%OL_CREATE_REPORT min.rpt

===========================================================================
report_checks -path_delay min (Hold)
============================================================================
======================= nom_tt_025C_1v80 Corner ===================================

Startpoint: _0068_ (rising edge-triggered flip-flop clocked by clk)
Endpoint: _0060_ (rising edge-triggered flip-flop clocked by clk)
Path Group: clk
Path Type: min

Fanout         Cap        Slew       Delay        Time   Description
---------------------------------------------------------------------------------------------
                                  0.000000    0.000000   clock clk (rise edge)
                                  0.000000    0.000000   clock source latency
     1    0.009839    0.050715    0.033543    0.033543 ^ clk (in)
                                                         clk (net)
                      0.050717    0.000000    0.033543 ^ clkbuf_0_clk/A (sky130_fd_sc_hd__clkbuf_16)
     2    0.019078    0.041056    0.126445    0.159987 ^ clkbuf_0_clk/X (sky130_fd_sc_hd__clkbuf_16)
                                                         clknet_0_clk (net)
                      0.041060    0.000714    0.160702 ^ clkbuf_1_0__f_clk/A (sky130_fd_sc_hd__clkbuf_16)
     5    0.014070    0.036803    0.118301    0.279003 ^ clkbuf_1_0__f_clk/X (sky130_fd_sc_hd__clkbuf_16)
                                                         clknet_1_0__leaf_clk (net)
                      0.036803    0.000244    0.279247 ^ _0068_/CLK (sky130_fd_sc_hd__dfrtp_1)
     3    0.010019    0.100420    0.360122    0.639369 ^ _0068_/Q (sky130_fd_sc_hd__dfrtp_1)
                                                         _0002_ (net)
                      0.100420    0.000244    0.639614 ^ _0037_/D (sky130_fd_sc_hd__and4bb_1)
     1    0.002850    0.056870    0.199080    0.838693 ^ _0037_/X (sky130_fd_sc_hd__and4bb_1)
                                                         _0000_ (net)
                      0.056870    0.000086    0.838780 ^ _0060_/D (sky130_fd_sc_hd__dfrtp_1)
                                              0.838780   data arrival time

                                  0.000000    0.000000   clock clk (rise edge)
                                  0.000000    0.000000   clock source latency
     1    0.009839    0.050715    0.033543    0.033543 ^ clk (in)
                                                         clk (net)
                      0.050717    0.000000    0.033543 ^ clkbuf_0_clk/A (sky130_fd_sc_hd__clkbuf_16)
     2    0.019078    0.041056    0.126445    0.159987 ^ clkbuf_0_clk/X (sky130_fd_sc_hd__clkbuf_16)
                                                         clknet_0_clk (net)
                      0.041059    0.000600    0.160587 ^ clkbuf_1_1__f_clk/A (sky130_fd_sc_hd__clkbuf_16)
     5    0.016628    0.038972    0.120706    0.281293 ^ clkbuf_1_1__f_clk/X (sky130_fd_sc_hd__clkbuf_16)
                                                         clknet_1_1__leaf_clk (net)
                      0.038980    0.000357    0.281650 ^ _0060_/CLK (sky130_fd_sc_hd__dfrtp_1)
                                  0.250000    0.531650   clock uncertainty
                                  0.000000    0.531650   clock reconvergence pessimism
                                 -0.038077    0.493573   library hold time
                                              0.493573   data required time
---------------------------------------------------------------------------------------------
                                              0.493573   data required time
                                             -0.838780   data arrival time
---------------------------------------------------------------------------------------------
                                              0.345207   slack (MET)


Startpoint: _0065_ (rising edge-triggered flip-flop clocked by clk)
Endpoint: _0065_ (rising edge-triggered flip-flop clocked by clk)
Path Group: clk
Path Type: min

Fanout         Cap        Slew       Delay        Time   Description
---------------------------------------------------------------------------------------------
                                  0.000000    0.000000   clock clk (rise edge)
                                  0.000000    0.000000   clock source latency
     1    0.009839    0.050715    0.033543    0.033543 ^ clk (in)
                                                         clk (net)
                      0.050717    0.000000    0.033543 ^ clkbuf_0_clk/A (sky130_fd_sc_hd__clkbuf_16)
     2    0.019078    0.041056    0.126445    0.159987 ^ clkbuf_0_clk/X (sky130_fd_sc_hd__clkbuf_16)
                                                         clknet_0_clk (net)
                      0.041059    0.000600    0.160587 ^ clkbuf_1_1__f_clk/A (sky130_fd_sc_hd__clkbuf_16)
     5    0.016628    0.038972    0.120706    0.281293 ^ clkbuf_1_1__f_clk/X (sky130_fd_sc_hd__clkbuf_16)
                                                         clknet_1_1__leaf_clk (net)
                      0.038980    0.000373    0.281666 ^ _0065_/CLK (sky130_fd_sc_hd__dfrtp_2)
     9    0.032323    0.164905    0.439801    0.721467 ^ _0065_/Q (sky130_fd_sc_hd__dfrtp_2)
                                                         cnt[4] (net)
                      0.164914    0.001401    0.722867 ^ _0052_/B2 (sky130_fd_sc_hd__a32o_1)
     1    0.004069    0.060671    0.156080    0.878947 ^ _0052_/X (sky130_fd_sc_hd__a32o_1)
                                                         _0007_ (net)
                      0.060671    0.000107    0.879054 ^ _0065_/D (sky130_fd_sc_hd__dfrtp_2)
                                              0.879054   data arrival time

                                  0.000000    0.000000   clock clk (rise edge)
                                  0.000000    0.000000   clock source latency
     1    0.009839    0.050715    0.033543    0.033543 ^ clk (in)
                                                         clk (net)
                      0.050717    0.000000    0.033543 ^ clkbuf_0_clk/A (sky130_fd_sc_hd__clkbuf_16)
     2    0.019078    0.041056    0.126445    0.159987 ^ clkbuf_0_clk/X (sky130_fd_sc_hd__clkbuf_16)
                                                         clknet_0_clk (net)
                      0.041059    0.000600    0.160587 ^ clkbuf_1_1__f_clk/A (sky130_fd_sc_hd__clkbuf_16)
     5    0.016628    0.038972    0.120706    0.281293 ^ clkbuf_1_1__f_clk/X (sky130_fd_sc_hd__clkbuf_16)
                                                         clknet_1_1__leaf_clk (net)
                      0.038980    0.000373    0.281666 ^ _0065_/CLK (sky130_fd_sc_hd__dfrtp_2)
                                  0.250000    0.531666   clock uncertainty
                                  0.000000    0.531666   clock reconvergence pessimism
                                 -0.038748    0.492918   library hold time
                                              0.492918   data required time
---------------------------------------------------------------------------------------------
                                              0.492918   data required time
                                             -0.879054   data arrival time
---------------------------------------------------------------------------------------------
                                              0.386137   slack (MET)


Startpoint: _0061_ (rising edge-triggered flip-flop clocked by clk)
Endpoint: _0061_ (rising edge-triggered flip-flop clocked by clk)
Path Group: clk
Path Type: min

Fanout         Cap        Slew       Delay        Time   Description
---------------------------------------------------------------------------------------------
                                  0.000000    0.000000   clock clk (rise edge)
                                  0.000000    0.000000   clock source latency
     1    0.009839    0.050715    0.033543    0.033543 ^ clk (in)
                                                         clk (net)
                      0.050717    0.000000    0.033543 ^ clkbuf_0_clk/A (sky130_fd_sc_hd__clkbuf_16)
     2    0.019078    0.041056    0.126445    0.159987 ^ clkbuf_0_clk/X (sky130_fd_sc_hd__clkbuf_16)
                                                         clknet_0_clk (net)
                      0.041060    0.000714    0.160702 ^ clkbuf_1_0__f_clk/A (sky130_fd_sc_hd__clkbuf_16)
     5    0.014070    0.036803    0.118301    0.279003 ^ clkbuf_1_0__f_clk/X (sky130_fd_sc_hd__clkbuf_16)
                                                         clknet_1_0__leaf_clk (net)
                      0.036803    0.000249    0.279252 ^ _0061_/CLK (sky130_fd_sc_hd__dfrtp_1)
     6    0.024243    0.217208    0.446186    0.725438 ^ _0061_/Q (sky130_fd_sc_hd__dfrtp_1)
                                                         cnt[0] (net)
                      0.217208    0.000577    0.726015 ^ _0041_/S (sky130_fd_sc_hd__mux2_1)
     1    0.003775    0.048742    0.175451    0.901465 ^ _0041_/X (sky130_fd_sc_hd__mux2_1)
                                                         _0003_ (net)
                      0.048742    0.000113    0.901579 ^ _0061_/D (sky130_fd_sc_hd__dfrtp_1)
                                              0.901579   data arrival time

                                  0.000000    0.000000   clock clk (rise edge)
                                  0.000000    0.000000   clock source latency
     1    0.009839    0.050715    0.033543    0.033543 ^ clk (in)
                                                         clk (net)
                      0.050717    0.000000    0.033543 ^ clkbuf_0_clk/A (sky130_fd_sc_hd__clkbuf_16)
     2    0.019078    0.041056    0.126445    0.159987 ^ clkbuf_0_clk/X (sky130_fd_sc_hd__clkbuf_16)
                                                         clknet_0_clk (net)
                      0.041060    0.000714    0.160702 ^ clkbuf_1_0__f_clk/A (sky130_fd_sc_hd__clkbuf_16)
     5    0.014070    0.036803    0.118301    0.279003 ^ clkbuf_1_0__f_clk/X (sky130_fd_sc_hd__clkbuf_16)
                                                         clknet_1_0__leaf_clk (net)
                      0.036803    0.000249    0.279252 ^ _0061_/CLK (sky130_fd_sc_hd__dfrtp_1)
                                  0.250000    0.529252   clock uncertainty
                                  0.000000    0.529252   clock reconvergence pessimism
                                 -0.036670    0.492582   library hold time
                                              0.492582   data required time
---------------------------------------------------------------------------------------------
                                              0.492582   data required time
                                             -0.901579   data arrival time
---------------------------------------------------------------------------------------------
                                              0.408997   slack (MET)


Startpoint: _0062_ (rising edge-triggered flip-flop clocked by clk)
Endpoint: _0062_ (rising edge-triggered flip-flop clocked by clk)
Path Group: clk
Path Type: min

Fanout         Cap        Slew       Delay        Time   Description
---------------------------------------------------------------------------------------------
                                  0.000000    0.000000   clock clk (rise edge)
                                  0.000000    0.000000   clock source latency
     1    0.009839    0.050715    0.033543    0.033543 ^ clk (in)
                                                         clk (net)
                      0.050717    0.000000    0.033543 ^ clkbuf_0_clk/A (sky130_fd_sc_hd__clkbuf_16)
     2    0.019078    0.041056    0.126445    0.159987 ^ clkbuf_0_clk/X (sky130_fd_sc_hd__clkbuf_16)
                                                         clknet_0_clk (net)
                      0.041060    0.000714    0.160702 ^ clkbuf_1_0__f_clk/A (sky130_fd_sc_hd__clkbuf_16)
     5    0.014070    0.036803    0.118301    0.279003 ^ clkbuf_1_0__f_clk/X (sky130_fd_sc_hd__clkbuf_16)
                                                         clknet_1_0__leaf_clk (net)
                      0.036803    0.000201    0.279204 ^ _0062_/CLK (sky130_fd_sc_hd__dfrtp_1)
     6    0.025913    0.230748    0.455915    0.735118 ^ _0062_/Q (sky130_fd_sc_hd__dfrtp_1)
                                                         cnt[1] (net)
                      0.230748    0.000636    0.735754 ^ _0043_/B2 (sky130_fd_sc_hd__a32o_1)
     1    0.003340    0.056101    0.164548    0.900302 ^ _0043_/X (sky130_fd_sc_hd__a32o_1)
                                                         _0004_ (net)
                      0.056101    0.000105    0.900407 ^ _0062_/D (sky130_fd_sc_hd__dfrtp_1)
                                              0.900407   data arrival time

                                  0.000000    0.000000   clock clk (rise edge)
                                  0.000000    0.000000   clock source latency
     1    0.009839    0.050715    0.033543    0.033543 ^ clk (in)
                                                         clk (net)
                      0.050717    0.000000    0.033543 ^ clkbuf_0_clk/A (sky130_fd_sc_hd__clkbuf_16)
     2    0.019078    0.041056    0.126445    0.159987 ^ clkbuf_0_clk/X (sky130_fd_sc_hd__clkbuf_16)
                                                         clknet_0_clk (net)
                      0.041060    0.000714    0.160702 ^ clkbuf_1_0__f_clk/A (sky130_fd_sc_hd__clkbuf_16)
     5    0.014070    0.036803    0.118301    0.279003 ^ clkbuf_1_0__f_clk/X (sky130_fd_sc_hd__clkbuf_16)
                                                         clknet_1_0__leaf_clk (net)
                      0.036803    0.000201    0.279204 ^ _0062_/CLK (sky130_fd_sc_hd__dfrtp_1)
                                  0.250000    0.529204   clock uncertainty
                                  0.000000    0.529204   clock reconvergence pessimism
                                 -0.038214    0.490990   library hold time
                                              0.490990   data required time
---------------------------------------------------------------------------------------------
                                              0.490990   data required time
                                             -0.900407   data arrival time
---------------------------------------------------------------------------------------------
                                              0.409417   slack (MET)


Startpoint: _0067_ (rising edge-triggered flip-flop clocked by clk)
Endpoint: _0068_ (rising edge-triggered flip-flop clocked by clk)
Path Group: clk
Path Type: min

Fanout         Cap        Slew       Delay        Time   Description
---------------------------------------------------------------------------------------------
                                  0.000000    0.000000   clock clk (rise edge)
                                  0.000000    0.000000   clock source latency
     1    0.009839    0.050715    0.033543    0.033543 ^ clk (in)
                                                         clk (net)
                      0.050717    0.000000    0.033543 ^ clkbuf_0_clk/A (sky130_fd_sc_hd__clkbuf_16)
     2    0.019078    0.041056    0.126445    0.159987 ^ clkbuf_0_clk/X (sky130_fd_sc_hd__clkbuf_16)
                                                         clknet_0_clk (net)
                      0.041059    0.000600    0.160587 ^ clkbuf_1_1__f_clk/A (sky130_fd_sc_hd__clkbuf_16)
     5    0.016628    0.038972    0.120706    0.281293 ^ clkbuf_1_1__f_clk/X (sky130_fd_sc_hd__clkbuf_16)
                                                         clknet_1_1__leaf_clk (net)
                      0.038981    0.000457    0.281749 ^ _0067_/CLK (sky130_fd_sc_hd__dfrtp_1)
     4    0.015646    0.095329    0.412195    0.693944 v _0067_/Q (sky130_fd_sc_hd__dfrtp_1)
                                                         _0001_ (net)
                      0.095329    0.000239    0.694183 v _0056_/A (sky130_fd_sc_hd__nand4_1)
     2    0.013582    0.149897    0.160173    0.854356 ^ _0056_/Y (sky130_fd_sc_hd__nand4_1)
                                                         _0029_ (net)
                      0.149898    0.000390    0.854746 ^ _0059_/A2 (sky130_fd_sc_hd__a21oi_1)
     1    0.003365    0.042852    0.089952    0.944698 v _0059_/Y (sky130_fd_sc_hd__a21oi_1)
                                                         _0010_ (net)
                      0.042852    0.000112    0.944809 v _0068_/D (sky130_fd_sc_hd__dfrtp_1)
                                              0.944809   data arrival time

                                  0.000000    0.000000   clock clk (rise edge)
                                  0.000000    0.000000   clock source latency
     1    0.009839    0.050715    0.033543    0.033543 ^ clk (in)
                                                         clk (net)
                      0.050717    0.000000    0.033543 ^ clkbuf_0_clk/A (sky130_fd_sc_hd__clkbuf_16)
     2    0.019078    0.041056    0.126445    0.159987 ^ clkbuf_0_clk/X (sky130_fd_sc_hd__clkbuf_16)
                                                         clknet_0_clk (net)
                      0.041060    0.000714    0.160702 ^ clkbuf_1_0__f_clk/A (sky130_fd_sc_hd__clkbuf_16)
     5    0.014070    0.036803    0.118301    0.279003 ^ clkbuf_1_0__f_clk/X (sky130_fd_sc_hd__clkbuf_16)
                                                         clknet_1_0__leaf_clk (net)
                      0.036803    0.000244    0.279247 ^ _0068_/CLK (sky130_fd_sc_hd__dfrtp_1)
                                  0.250000    0.529247   clock uncertainty
                                  0.000000    0.529247   clock reconvergence pessimism
                                 -0.046771    0.482477   library hold time
                                              0.482477   data required time
---------------------------------------------------------------------------------------------
                                              0.482477   data required time
                                             -0.944809   data arrival time
---------------------------------------------------------------------------------------------
                                              0.462333   slack (MET)


Startpoint: _0063_ (rising edge-triggered flip-flop clocked by clk)
Endpoint: _0063_ (rising edge-triggered flip-flop clocked by clk)
Path Group: clk
Path Type: min

Fanout         Cap        Slew       Delay        Time   Description
---------------------------------------------------------------------------------------------
                                  0.000000    0.000000   clock clk (rise edge)
                                  0.000000    0.000000   clock source latency
     1    0.009839    0.050715    0.033543    0.033543 ^ clk (in)
                                                         clk (net)
                      0.050717    0.000000    0.033543 ^ clkbuf_0_clk/A (sky130_fd_sc_hd__clkbuf_16)
     2    0.019078    0.041056    0.126445    0.159987 ^ clkbuf_0_clk/X (sky130_fd_sc_hd__clkbuf_16)
                                                         clknet_0_clk (net)
                      0.041060    0.000714    0.160702 ^ clkbuf_1_0__f_clk/A (sky130_fd_sc_hd__clkbuf_16)
     5    0.014070    0.036803    0.118301    0.279003 ^ clkbuf_1_0__f_clk/X (sky130_fd_sc_hd__clkbuf_16)
                                                         clknet_1_0__leaf_clk (net)
                      0.036803    0.000264    0.279267 ^ _0063_/CLK (sky130_fd_sc_hd__dfrtp_1)
     4    0.017561    0.162373    0.405772    0.685039 ^ _0063_/Q (sky130_fd_sc_hd__dfrtp_1)
                                                         cnt[2] (net)
                      0.162373    0.000300    0.685340 ^ _0044_/B1 (sky130_fd_sc_hd__a21o_1)
     1    0.004925    0.053055    0.115902    0.801242 ^ _0044_/X (sky130_fd_sc_hd__a21o_1)
                                                         _0021_ (net)
                      0.053055    0.000183    0.801425 ^ _0045_/A3 (sky130_fd_sc_hd__a32o_1)
     1    0.004144    0.060044    0.167605    0.969029 ^ _0045_/X (sky130_fd_sc_hd__a32o_1)
                                                         _0005_ (net)
                      0.060044    0.000139    0.969168 ^ _0063_/D (sky130_fd_sc_hd__dfrtp_1)
                                              0.969168   data arrival time

                                  0.000000    0.000000   clock clk (rise edge)
                                  0.000000    0.000000   clock source latency
     1    0.009839    0.050715    0.033543    0.033543 ^ clk (in)
                                                         clk (net)
                      0.050717    0.000000    0.033543 ^ clkbuf_0_clk/A (sky130_fd_sc_hd__clkbuf_16)
     2    0.019078    0.041056    0.126445    0.159987 ^ clkbuf_0_clk/X (sky130_fd_sc_hd__clkbuf_16)
                                                         clknet_0_clk (net)
                      0.041060    0.000714    0.160702 ^ clkbuf_1_0__f_clk/A (sky130_fd_sc_hd__clkbuf_16)
     5    0.014070    0.036803    0.118301    0.279003 ^ clkbuf_1_0__f_clk/X (sky130_fd_sc_hd__clkbuf_16)
                                                         clknet_1_0__leaf_clk (net)
                      0.036803    0.000264    0.279267 ^ _0063_/CLK (sky130_fd_sc_hd__dfrtp_1)
                                  0.250000    0.529267   clock uncertainty
                                  0.000000    0.529267   clock reconvergence pessimism
                                 -0.039041    0.490226   library hold time
                                              0.490226   data required time
---------------------------------------------------------------------------------------------
                                              0.490226   data required time
                                             -0.969168   data arrival time
---------------------------------------------------------------------------------------------
                                              0.478942   slack (MET)


Startpoint: _0064_ (rising edge-triggered flip-flop clocked by clk)
Endpoint: _0064_ (rising edge-triggered flip-flop clocked by clk)
Path Group: clk
Path Type: min

Fanout         Cap        Slew       Delay        Time   Description
---------------------------------------------------------------------------------------------
                                  0.000000    0.000000   clock clk (rise edge)
                                  0.000000    0.000000   clock source latency
     1    0.009839    0.050715    0.033543    0.033543 ^ clk (in)
                                                         clk (net)
                      0.050717    0.000000    0.033543 ^ clkbuf_0_clk/A (sky130_fd_sc_hd__clkbuf_16)
     2    0.019078    0.041056    0.126445    0.159987 ^ clkbuf_0_clk/X (sky130_fd_sc_hd__clkbuf_16)
                                                         clknet_0_clk (net)
                      0.041059    0.000600    0.160587 ^ clkbuf_1_1__f_clk/A (sky130_fd_sc_hd__clkbuf_16)
     5    0.016628    0.038972    0.120706    0.281293 ^ clkbuf_1_1__f_clk/X (sky130_fd_sc_hd__clkbuf_16)
                                                         clknet_1_1__leaf_clk (net)
                      0.038980    0.000266    0.281559 ^ _0064_/CLK (sky130_fd_sc_hd__dfrtp_1)
     5    0.012163    0.117974    0.373908    0.655467 ^ _0064_/Q (sky130_fd_sc_hd__dfrtp_1)
                                                         cnt[3] (net)
                      0.117974    0.000244    0.655711 ^ _0046_/A (sky130_fd_sc_hd__or2_1)
     1    0.006110    0.068281    0.136393    0.792103 ^ _0046_/X (sky130_fd_sc_hd__or2_1)
                                                         _0022_ (net)
                      0.068281    0.000234    0.792337 ^ _0049_/A2 (sky130_fd_sc_hd__a32o_1)
     1    0.006048    0.077114    0.182313    0.974650 ^ _0049_/X (sky130_fd_sc_hd__a32o_1)
                                                         _0006_ (net)
                      0.077114    0.000254    0.974904 ^ _0064_/D (sky130_fd_sc_hd__dfrtp_1)
                                              0.974904   data arrival time

                                  0.000000    0.000000   clock clk (rise edge)
                                  0.000000    0.000000   clock source latency
     1    0.009839    0.050715    0.033543    0.033543 ^ clk (in)
                                                         clk (net)
                      0.050717    0.000000    0.033543 ^ clkbuf_0_clk/A (sky130_fd_sc_hd__clkbuf_16)
     2    0.019078    0.041056    0.126445    0.159987 ^ clkbuf_0_clk/X (sky130_fd_sc_hd__clkbuf_16)
                                                         clknet_0_clk (net)
                      0.041059    0.000600    0.160587 ^ clkbuf_1_1__f_clk/A (sky130_fd_sc_hd__clkbuf_16)
     5    0.016628    0.038972    0.120706    0.281293 ^ clkbuf_1_1__f_clk/X (sky130_fd_sc_hd__clkbuf_16)
                                                         clknet_1_1__leaf_clk (net)
                      0.038980    0.000266    0.281559 ^ _0064_/CLK (sky130_fd_sc_hd__dfrtp_1)
                                  0.250000    0.531559   clock uncertainty
                                  0.000000    0.531559   clock reconvergence pessimism
                                 -0.042323    0.489236   library hold time
                                              0.489236   data required time
---------------------------------------------------------------------------------------------
                                              0.489236   data required time
                                             -0.974904   data arrival time
---------------------------------------------------------------------------------------------
                                              0.485668   slack (MET)


Startpoint: _0066_ (rising edge-triggered flip-flop clocked by clk)
Endpoint: _0066_ (rising edge-triggered flip-flop clocked by clk)
Path Group: clk
Path Type: min

Fanout         Cap        Slew       Delay        Time   Description
---------------------------------------------------------------------------------------------
                                  0.000000    0.000000   clock clk (rise edge)
                                  0.000000    0.000000   clock source latency
     1    0.009839    0.050715    0.033543    0.033543 ^ clk (in)
                                                         clk (net)
                      0.050717    0.000000    0.033543 ^ clkbuf_0_clk/A (sky130_fd_sc_hd__clkbuf_16)
     2    0.019078    0.041056    0.126445    0.159987 ^ clkbuf_0_clk/X (sky130_fd_sc_hd__clkbuf_16)
                                                         clknet_0_clk (net)
                      0.041059    0.000600    0.160587 ^ clkbuf_1_1__f_clk/A (sky130_fd_sc_hd__clkbuf_16)
     5    0.016628    0.038972    0.120706    0.281293 ^ clkbuf_1_1__f_clk/X (sky130_fd_sc_hd__clkbuf_16)
                                                         clknet_1_1__leaf_clk (net)
                      0.038980    0.000423    0.281716 ^ _0066_/CLK (sky130_fd_sc_hd__dfrtp_2)
     7    0.026100    0.137414    0.418787    0.700503 ^ _0066_/Q (sky130_fd_sc_hd__dfrtp_2)
                                                         cnt[5] (net)
                      0.137414    0.000432    0.700936 ^ _0053_/B1 (sky130_fd_sc_hd__a21o_1)
     1    0.006935    0.068651    0.124187    0.825123 ^ _0053_/X (sky130_fd_sc_hd__a21o_1)
                                                         _0027_ (net)
                      0.068651    0.000267    0.825390 ^ _0055_/A2 (sky130_fd_sc_hd__a32o_1)
     1    0.004293    0.061516    0.168994    0.994384 ^ _0055_/X (sky130_fd_sc_hd__a32o_1)
                                                         _0008_ (net)
                      0.061516    0.000107    0.994490 ^ _0066_/D (sky130_fd_sc_hd__dfrtp_2)
                                              0.994490   data arrival time

                                  0.000000    0.000000   clock clk (rise edge)
                                  0.000000    0.000000   clock source latency
     1    0.009839    0.050715    0.033543    0.033543 ^ clk (in)
                                                         clk (net)
                      0.050717    0.000000    0.033543 ^ clkbuf_0_clk/A (sky130_fd_sc_hd__clkbuf_16)
     2    0.019078    0.041056    0.126445    0.159987 ^ clkbuf_0_clk/X (sky130_fd_sc_hd__clkbuf_16)
                                                         clknet_0_clk (net)
                      0.041059    0.000600    0.160587 ^ clkbuf_1_1__f_clk/A (sky130_fd_sc_hd__clkbuf_16)
     5    0.016628    0.038972    0.120706    0.281293 ^ clkbuf_1_1__f_clk/X (sky130_fd_sc_hd__clkbuf_16)
                                                         clknet_1_1__leaf_clk (net)
                      0.038980    0.000423    0.281716 ^ _0066_/CLK (sky130_fd_sc_hd__dfrtp_2)
                                  0.250000    0.531716   clock uncertainty
                                  0.000000    0.531716   clock reconvergence pessimism
                                 -0.038923    0.492793   library hold time
                                              0.492793   data required time
---------------------------------------------------------------------------------------------
                                              0.492793   data required time
                                             -0.994490   data arrival time
---------------------------------------------------------------------------------------------
                                              0.501697   slack (MET)


Startpoint: _0067_ (rising edge-triggered flip-flop clocked by clk)
Endpoint: _0067_ (rising edge-triggered flip-flop clocked by clk)
Path Group: clk
Path Type: min

Fanout         Cap        Slew       Delay        Time   Description
---------------------------------------------------------------------------------------------
                                  0.000000    0.000000   clock clk (rise edge)
                                  0.000000    0.000000   clock source latency
     1    0.009839    0.050715    0.033543    0.033543 ^ clk (in)
                                                         clk (net)
                      0.050717    0.000000    0.033543 ^ clkbuf_0_clk/A (sky130_fd_sc_hd__clkbuf_16)
     2    0.019078    0.041056    0.126445    0.159987 ^ clkbuf_0_clk/X (sky130_fd_sc_hd__clkbuf_16)
                                                         clknet_0_clk (net)
                      0.041059    0.000600    0.160587 ^ clkbuf_1_1__f_clk/A (sky130_fd_sc_hd__clkbuf_16)
     5    0.016628    0.038972    0.120706    0.281293 ^ clkbuf_1_1__f_clk/X (sky130_fd_sc_hd__clkbuf_16)
                                                         clknet_1_1__leaf_clk (net)
                      0.038981    0.000457    0.281749 ^ _0067_/CLK (sky130_fd_sc_hd__dfrtp_1)
     4    0.016245    0.151526    0.398612    0.680362 ^ _0067_/Q (sky130_fd_sc_hd__dfrtp_1)
                                                         _0001_ (net)
                      0.151526    0.000245    0.680607 ^ _0057_/B1 (sky130_fd_sc_hd__a31o_1)
     1    0.009695    0.100992    0.163339    0.843946 ^ _0057_/X (sky130_fd_sc_hd__a31o_1)
                                                         _0030_ (net)
                      0.100994    0.000629    0.844575 ^ _0058_/A3 (sky130_fd_sc_hd__a31o_1)
     1    0.007449    0.083739    0.180067    1.024642 ^ _0058_/X (sky130_fd_sc_hd__a31o_1)
                                                         _0009_ (net)
                      0.083739    0.000367    1.025009 ^ _0067_/D (sky130_fd_sc_hd__dfrtp_1)
                                              1.025009   data arrival time

                                  0.000000    0.000000   clock clk (rise edge)
                                  0.000000    0.000000   clock source latency
     1    0.009839    0.050715    0.033543    0.033543 ^ clk (in)
                                                         clk (net)
                      0.050717    0.000000    0.033543 ^ clkbuf_0_clk/A (sky130_fd_sc_hd__clkbuf_16)
     2    0.019078    0.041056    0.126445    0.159987 ^ clkbuf_0_clk/X (sky130_fd_sc_hd__clkbuf_16)
                                                         clknet_0_clk (net)
                      0.041059    0.000600    0.160587 ^ clkbuf_1_1__f_clk/A (sky130_fd_sc_hd__clkbuf_16)
     5    0.016628    0.038972    0.120706    0.281293 ^ clkbuf_1_1__f_clk/X (sky130_fd_sc_hd__clkbuf_16)
                                                         clknet_1_1__leaf_clk (net)
                      0.038981    0.000457    0.281749 ^ _0067_/CLK (sky130_fd_sc_hd__dfrtp_1)
                                  0.250000    0.531749   clock uncertainty
                                  0.000000    0.531749   clock reconvergence pessimism
                                 -0.043713    0.488037   library hold time
                                              0.488037   data required time
---------------------------------------------------------------------------------------------
                                              0.488037   data required time
                                             -1.025009   data arrival time
---------------------------------------------------------------------------------------------
                                              0.536972   slack (MET)


Startpoint: rst_n (input port clocked by clk)
Endpoint: _0064_ (removal check against rising-edge clock clk)
Path Group: asynchronous
Path Type: min

Fanout         Cap        Slew       Delay        Time   Description
---------------------------------------------------------------------------------------------
                                  0.000000    0.000000   clock clk (rise edge)
                                  0.000000    0.000000   clock network delay (propagated)
                                  2.000000    2.000000 ^ input external delay
     1    0.007955    0.042332    0.027512    2.027512 ^ rst_n (in)
                                                         rst_n (net)
                      0.042334    0.000000    2.027512 ^ input2/A (sky130_fd_sc_hd__buf_2)
     9    0.041566    0.204258    0.220251    2.247762 ^ input2/X (sky130_fd_sc_hd__buf_2)
                                                         net2 (net)
                      0.204263    0.000848    2.248611 ^ _0064_/RESET_B (sky130_fd_sc_hd__dfrtp_1)
                                              2.248611   data arrival time

                                  0.000000    0.000000   clock clk (rise edge)
                                  0.000000    0.000000   clock source latency
     1    0.009839    0.050715    0.033543    0.033543 ^ clk (in)
                                                         clk (net)
                      0.050717    0.000000    0.033543 ^ clkbuf_0_clk/A (sky130_fd_sc_hd__clkbuf_16)
     2    0.019078    0.041056    0.126445    0.159987 ^ clkbuf_0_clk/X (sky130_fd_sc_hd__clkbuf_16)
                                                         clknet_0_clk (net)
                      0.041059    0.000600    0.160587 ^ clkbuf_1_1__f_clk/A (sky130_fd_sc_hd__clkbuf_16)
     5    0.016628    0.038972    0.120706    0.281293 ^ clkbuf_1_1__f_clk/X (sky130_fd_sc_hd__clkbuf_16)
                                                         clknet_1_1__leaf_clk (net)
                      0.038980    0.000266    0.281559 ^ _0064_/CLK (sky130_fd_sc_hd__dfrtp_1)
                                  0.250000    0.531559   clock uncertainty
                                  0.000000    0.531559   clock reconvergence pessimism
                                  0.362429    0.893988   library removal time
                                              0.893988   data required time
---------------------------------------------------------------------------------------------
                                              0.893988   data required time
                                             -2.248611   data arrival time
---------------------------------------------------------------------------------------------
                                              1.354623   slack (MET)


Startpoint: rst_n (input port clocked by clk)
Endpoint: _0060_ (removal check against rising-edge clock clk)
Path Group: asynchronous
Path Type: min

Fanout         Cap        Slew       Delay        Time   Description
---------------------------------------------------------------------------------------------
                                  0.000000    0.000000   clock clk (rise edge)
                                  0.000000    0.000000   clock network delay (propagated)
                                  2.000000    2.000000 ^ input external delay
     1    0.007955    0.042332    0.027512    2.027512 ^ rst_n (in)
                                                         rst_n (net)
                      0.042334    0.000000    2.027512 ^ input2/A (sky130_fd_sc_hd__buf_2)
     9    0.041566    0.204258    0.220251    2.247762 ^ input2/X (sky130_fd_sc_hd__buf_2)
                                                         net2 (net)
                      0.204268    0.001178    2.248941 ^ _0060_/RESET_B (sky130_fd_sc_hd__dfrtp_1)
                                              2.248941   data arrival time

                                  0.000000    0.000000   clock clk (rise edge)
                                  0.000000    0.000000   clock source latency
     1    0.009839    0.050715    0.033543    0.033543 ^ clk (in)
                                                         clk (net)
                      0.050717    0.000000    0.033543 ^ clkbuf_0_clk/A (sky130_fd_sc_hd__clkbuf_16)
     2    0.019078    0.041056    0.126445    0.159987 ^ clkbuf_0_clk/X (sky130_fd_sc_hd__clkbuf_16)
                                                         clknet_0_clk (net)
                      0.041059    0.000600    0.160587 ^ clkbuf_1_1__f_clk/A (sky130_fd_sc_hd__clkbuf_16)
     5    0.016628    0.038972    0.120706    0.281293 ^ clkbuf_1_1__f_clk/X (sky130_fd_sc_hd__clkbuf_16)
                                                         clknet_1_1__leaf_clk (net)
                      0.038980    0.000357    0.281650 ^ _0060_/CLK (sky130_fd_sc_hd__dfrtp_1)
                                  0.250000    0.531650   clock uncertainty
                                  0.000000    0.531650   clock reconvergence pessimism
                                  0.362430    0.894080   library removal time
                                              0.894080   data required time
---------------------------------------------------------------------------------------------
                                              0.894080   data required time
                                             -2.248941   data arrival time
---------------------------------------------------------------------------------------------
                                              1.354861   slack (MET)


Startpoint: rst_n (input port clocked by clk)
Endpoint: _0066_ (removal check against rising-edge clock clk)
Path Group: asynchronous
Path Type: min

Fanout         Cap        Slew       Delay        Time   Description
---------------------------------------------------------------------------------------------
                                  0.000000    0.000000   clock clk (rise edge)
                                  0.000000    0.000000   clock network delay (propagated)
                                  2.000000    2.000000 ^ input external delay
     1    0.007955    0.042332    0.027512    2.027512 ^ rst_n (in)
                                                         rst_n (net)
                      0.042334    0.000000    2.027512 ^ input2/A (sky130_fd_sc_hd__buf_2)
     9    0.041566    0.204258    0.220251    2.247762 ^ input2/X (sky130_fd_sc_hd__buf_2)
                                                         net2 (net)
                      0.204274    0.001485    2.249248 ^ _0066_/RESET_B (sky130_fd_sc_hd__dfrtp_2)
                                              2.249248   data arrival time

                                  0.000000    0.000000   clock clk (rise edge)
                                  0.000000    0.000000   clock source latency
     1    0.009839    0.050715    0.033543    0.033543 ^ clk (in)
                                                         clk (net)
                      0.050717    0.000000    0.033543 ^ clkbuf_0_clk/A (sky130_fd_sc_hd__clkbuf_16)
     2    0.019078    0.041056    0.126445    0.159987 ^ clkbuf_0_clk/X (sky130_fd_sc_hd__clkbuf_16)
                                                         clknet_0_clk (net)
                      0.041059    0.000600    0.160587 ^ clkbuf_1_1__f_clk/A (sky130_fd_sc_hd__clkbuf_16)
     5    0.016628    0.038972    0.120706    0.281293 ^ clkbuf_1_1__f_clk/X (sky130_fd_sc_hd__clkbuf_16)
                                                         clknet_1_1__leaf_clk (net)
                      0.038980    0.000423    0.281716 ^ _0066_/CLK (sky130_fd_sc_hd__dfrtp_2)
                                  0.250000    0.531716   clock uncertainty
                                  0.000000    0.531716   clock reconvergence pessimism
                                  0.362020    0.893736   library removal time
                                              0.893736   data required time
---------------------------------------------------------------------------------------------
                                              0.893736   data required time
                                             -2.249248   data arrival time
---------------------------------------------------------------------------------------------
                                              1.355512   slack (MET)


Startpoint: rst_n (input port clocked by clk)
Endpoint: _0067_ (removal check against rising-edge clock clk)
Path Group: asynchronous
Path Type: min

Fanout         Cap        Slew       Delay        Time   Description
---------------------------------------------------------------------------------------------
                                  0.000000    0.000000   clock clk (rise edge)
                                  0.000000    0.000000   clock network delay (propagated)
                                  2.000000    2.000000 ^ input external delay
     1    0.007955    0.042332    0.027512    2.027512 ^ rst_n (in)
                                                         rst_n (net)
                      0.042334    0.000000    2.027512 ^ input2/A (sky130_fd_sc_hd__buf_2)
     9    0.041566    0.204258    0.220251    2.247762 ^ input2/X (sky130_fd_sc_hd__buf_2)
                                                         net2 (net)
                      0.204294    0.002234    2.249997 ^ _0067_/RESET_B (sky130_fd_sc_hd__dfrtp_1)
                                              2.249997   data arrival time

                                  0.000000    0.000000   clock clk (rise edge)
                                  0.000000    0.000000   clock source latency
     1    0.009839    0.050715    0.033543    0.033543 ^ clk (in)
                                                         clk (net)
                      0.050717    0.000000    0.033543 ^ clkbuf_0_clk/A (sky130_fd_sc_hd__clkbuf_16)
     2    0.019078    0.041056    0.126445    0.159987 ^ clkbuf_0_clk/X (sky130_fd_sc_hd__clkbuf_16)
                                                         clknet_0_clk (net)
                      0.041059    0.000600    0.160587 ^ clkbuf_1_1__f_clk/A (sky130_fd_sc_hd__clkbuf_16)
     5    0.016628    0.038972    0.120706    0.281293 ^ clkbuf_1_1__f_clk/X (sky130_fd_sc_hd__clkbuf_16)
                                                         clknet_1_1__leaf_clk (net)
                      0.038981    0.000457    0.281749 ^ _0067_/CLK (sky130_fd_sc_hd__dfrtp_1)
                                  0.250000    0.531749   clock uncertainty
                                  0.000000    0.531749   clock reconvergence pessimism
                                  0.362437    0.894187   library removal time
                                              0.894187   data required time
---------------------------------------------------------------------------------------------
                                              0.894187   data required time
                                             -2.249997   data arrival time
---------------------------------------------------------------------------------------------
                                              1.355810   slack (MET)


Startpoint: rst_n (input port clocked by clk)
Endpoint: _0065_ (removal check against rising-edge clock clk)
Path Group: asynchronous
Path Type: min

Fanout         Cap        Slew       Delay        Time   Description
---------------------------------------------------------------------------------------------
                                  0.000000    0.000000   clock clk (rise edge)
                                  0.000000    0.000000   clock network delay (propagated)
                                  2.000000    2.000000 ^ input external delay
     1    0.007955    0.042332    0.027512    2.027512 ^ rst_n (in)
                                                         rst_n (net)
                      0.042334    0.000000    2.027512 ^ input2/A (sky130_fd_sc_hd__buf_2)
     9    0.041566    0.204258    0.220251    2.247762 ^ input2/X (sky130_fd_sc_hd__buf_2)
                                                         net2 (net)
                      0.204288    0.002058    2.249821 ^ _0065_/RESET_B (sky130_fd_sc_hd__dfrtp_2)
                                              2.249821   data arrival time

                                  0.000000    0.000000   clock clk (rise edge)
                                  0.000000    0.000000   clock source latency
     1    0.009839    0.050715    0.033543    0.033543 ^ clk (in)
                                                         clk (net)
                      0.050717    0.000000    0.033543 ^ clkbuf_0_clk/A (sky130_fd_sc_hd__clkbuf_16)
     2    0.019078    0.041056    0.126445    0.159987 ^ clkbuf_0_clk/X (sky130_fd_sc_hd__clkbuf_16)
                                                         clknet_0_clk (net)
                      0.041059    0.000600    0.160587 ^ clkbuf_1_1__f_clk/A (sky130_fd_sc_hd__clkbuf_16)
     5    0.016628    0.038972    0.120706    0.281293 ^ clkbuf_1_1__f_clk/X (sky130_fd_sc_hd__clkbuf_16)
                                                         clknet_1_1__leaf_clk (net)
                      0.038980    0.000373    0.281666 ^ _0065_/CLK (sky130_fd_sc_hd__dfrtp_2)
                                  0.250000    0.531666   clock uncertainty
                                  0.000000    0.531666   clock reconvergence pessimism
                                  0.362024    0.893689   library removal time
                                              0.893689   data required time
---------------------------------------------------------------------------------------------
                                              0.893689   data required time
                                             -2.249821   data arrival time
---------------------------------------------------------------------------------------------
                                              1.356131   slack (MET)


Startpoint: rst_n (input port clocked by clk)
Endpoint: _0068_ (removal check against rising-edge clock clk)
Path Group: asynchronous
Path Type: min

Fanout         Cap        Slew       Delay        Time   Description
---------------------------------------------------------------------------------------------
                                  0.000000    0.000000   clock clk (rise edge)
                                  0.000000    0.000000   clock network delay (propagated)
                                  2.000000    2.000000 ^ input external delay
     1    0.007955    0.042332    0.027512    2.027512 ^ rst_n (in)
                                                         rst_n (net)
                      0.042334    0.000000    2.027512 ^ input2/A (sky130_fd_sc_hd__buf_2)
     9    0.041566    0.204258    0.220251    2.247762 ^ input2/X (sky130_fd_sc_hd__buf_2)
                                                         net2 (net)
                      0.204280    0.001763    2.249526 ^ _0068_/RESET_B (sky130_fd_sc_hd__dfrtp_1)
                                              2.249526   data arrival time

                                  0.000000    0.000000   clock clk (rise edge)
                                  0.000000    0.000000   clock source latency
     1    0.009839    0.050715    0.033543    0.033543 ^ clk (in)
                                                         clk (net)
                      0.050717    0.000000    0.033543 ^ clkbuf_0_clk/A (sky130_fd_sc_hd__clkbuf_16)
     2    0.019078    0.041056    0.126445    0.159987 ^ clkbuf_0_clk/X (sky130_fd_sc_hd__clkbuf_16)
                                                         clknet_0_clk (net)
                      0.041060    0.000714    0.160702 ^ clkbuf_1_0__f_clk/A (sky130_fd_sc_hd__clkbuf_16)
     5    0.014070    0.036803    0.118301    0.279003 ^ clkbuf_1_0__f_clk/X (sky130_fd_sc_hd__clkbuf_16)
                                                         clknet_1_0__leaf_clk (net)
                      0.036803    0.000244    0.279247 ^ _0068_/CLK (sky130_fd_sc_hd__dfrtp_1)
                                  0.250000    0.529247   clock uncertainty
                                  0.000000    0.529247   clock reconvergence pessimism
                                  0.361842    0.891089   library removal time
                                              0.891089   data required time
---------------------------------------------------------------------------------------------
                                              0.891089   data required time
                                             -2.249526   data arrival time
---------------------------------------------------------------------------------------------
                                              1.358437   slack (MET)


Startpoint: rst_n (input port clocked by clk)
Endpoint: _0061_ (removal check against rising-edge clock clk)
Path Group: asynchronous
Path Type: min

Fanout         Cap        Slew       Delay        Time   Description
---------------------------------------------------------------------------------------------
                                  0.000000    0.000000   clock clk (rise edge)
                                  0.000000    0.000000   clock network delay (propagated)
                                  2.000000    2.000000 ^ input external delay
     1    0.007955    0.042332    0.027512    2.027512 ^ rst_n (in)
                                                         rst_n (net)
                      0.042334    0.000000    2.027512 ^ input2/A (sky130_fd_sc_hd__buf_2)
     9    0.041566    0.204258    0.220251    2.247762 ^ input2/X (sky130_fd_sc_hd__buf_2)
                                                         net2 (net)
                      0.204282    0.001853    2.249615 ^ _0061_/RESET_B (sky130_fd_sc_hd__dfrtp_1)
                                              2.249615   data arrival time

                                  0.000000    0.000000   clock clk (rise edge)
                                  0.000000    0.000000   clock source latency
     1    0.009839    0.050715    0.033543    0.033543 ^ clk (in)
                                                         clk (net)
                      0.050717    0.000000    0.033543 ^ clkbuf_0_clk/A (sky130_fd_sc_hd__clkbuf_16)
     2    0.019078    0.041056    0.126445    0.159987 ^ clkbuf_0_clk/X (sky130_fd_sc_hd__clkbuf_16)
                                                         clknet_0_clk (net)
                      0.041060    0.000714    0.160702 ^ clkbuf_1_0__f_clk/A (sky130_fd_sc_hd__clkbuf_16)
     5    0.014070    0.036803    0.118301    0.279003 ^ clkbuf_1_0__f_clk/X (sky130_fd_sc_hd__clkbuf_16)
                                                         clknet_1_0__leaf_clk (net)
                      0.036803    0.000249    0.279252 ^ _0061_/CLK (sky130_fd_sc_hd__dfrtp_1)
                                  0.250000    0.529252   clock uncertainty
                                  0.000000    0.529252   clock reconvergence pessimism
                                  0.361842    0.891094   library removal time
                                              0.891094   data required time
---------------------------------------------------------------------------------------------
                                              0.891094   data required time
                                             -2.249615   data arrival time
---------------------------------------------------------------------------------------------
                                              1.358521   slack (MET)


Startpoint: rst_n (input port clocked by clk)
Endpoint: _0062_ (removal check against rising-edge clock clk)
Path Group: asynchronous
Path Type: min

Fanout         Cap        Slew       Delay        Time   Description
---------------------------------------------------------------------------------------------
                                  0.000000    0.000000   clock clk (rise edge)
                                  0.000000    0.000000   clock network delay (propagated)
                                  2.000000    2.000000 ^ input external delay
     1    0.007955    0.042332    0.027512    2.027512 ^ rst_n (in)
                                                         rst_n (net)
                      0.042334    0.000000    2.027512 ^ input2/A (sky130_fd_sc_hd__buf_2)
     9    0.041566    0.204258    0.220251    2.247762 ^ input2/X (sky130_fd_sc_hd__buf_2)
                                                         net2 (net)
                      0.204285    0.001938    2.249701 ^ _0062_/RESET_B (sky130_fd_sc_hd__dfrtp_1)
                                              2.249701   data arrival time

                                  0.000000    0.000000   clock clk (rise edge)
                                  0.000000    0.000000   clock source latency
     1    0.009839    0.050715    0.033543    0.033543 ^ clk (in)
                                                         clk (net)
                      0.050717    0.000000    0.033543 ^ clkbuf_0_clk/A (sky130_fd_sc_hd__clkbuf_16)
     2    0.019078    0.041056    0.126445    0.159987 ^ clkbuf_0_clk/X (sky130_fd_sc_hd__clkbuf_16)
                                                         clknet_0_clk (net)
                      0.041060    0.000714    0.160702 ^ clkbuf_1_0__f_clk/A (sky130_fd_sc_hd__clkbuf_16)
     5    0.014070    0.036803    0.118301    0.279003 ^ clkbuf_1_0__f_clk/X (sky130_fd_sc_hd__clkbuf_16)
                                                         clknet_1_0__leaf_clk (net)
                      0.036803    0.000201    0.279204 ^ _0062_/CLK (sky130_fd_sc_hd__dfrtp_1)
                                  0.250000    0.529204   clock uncertainty
                                  0.000000    0.529204   clock reconvergence pessimism
                                  0.361843    0.891047   library removal time
                                              0.891047   data required time
---------------------------------------------------------------------------------------------
                                              0.891047   data required time
                                             -2.249701   data arrival time
---------------------------------------------------------------------------------------------
                                              1.358654   slack (MET)


Startpoint: rst_n (input port clocked by clk)
Endpoint: _0063_ (removal check against rising-edge clock clk)
Path Group: asynchronous
Path Type: min

Fanout         Cap        Slew       Delay        Time   Description
---------------------------------------------------------------------------------------------
                                  0.000000    0.000000   clock clk (rise edge)
                                  0.000000    0.000000   clock network delay (propagated)
                                  2.000000    2.000000 ^ input external delay
     1    0.007955    0.042332    0.027512    2.027512 ^ rst_n (in)
                                                         rst_n (net)
                      0.042334    0.000000    2.027512 ^ input2/A (sky130_fd_sc_hd__buf_2)
     9    0.041566    0.204258    0.220251    2.247762 ^ input2/X (sky130_fd_sc_hd__buf_2)
                                                         net2 (net)
                      0.204290    0.002127    2.249889 ^ _0063_/RESET_B (sky130_fd_sc_hd__dfrtp_1)
                                              2.249889   data arrival time

                                  0.000000    0.000000   clock clk (rise edge)
                                  0.000000    0.000000   clock source latency
     1    0.009839    0.050715    0.033543    0.033543 ^ clk (in)
                                                         clk (net)
                      0.050717    0.000000    0.033543 ^ clkbuf_0_clk/A (sky130_fd_sc_hd__clkbuf_16)
     2    0.019078    0.041056    0.126445    0.159987 ^ clkbuf_0_clk/X (sky130_fd_sc_hd__clkbuf_16)
                                                         clknet_0_clk (net)
                      0.041060    0.000714    0.160702 ^ clkbuf_1_0__f_clk/A (sky130_fd_sc_hd__clkbuf_16)
     5    0.014070    0.036803    0.118301    0.279003 ^ clkbuf_1_0__f_clk/X (sky130_fd_sc_hd__clkbuf_16)
                                                         clknet_1_0__leaf_clk (net)
                      0.036803    0.000264    0.279267 ^ _0063_/CLK (sky130_fd_sc_hd__dfrtp_1)
                                  0.250000    0.529267   clock uncertainty
                                  0.000000    0.529267   clock reconvergence pessimism
                                  0.361844    0.891111   library removal time
                                              0.891111   data required time
---------------------------------------------------------------------------------------------
                                              0.891111   data required time
                                             -2.249889   data arrival time
---------------------------------------------------------------------------------------------
                                              1.358778   slack (MET)


Startpoint: _0060_ (rising edge-triggered flip-flop clocked by clk)
Endpoint: cfg_done (output port clocked by clk)
Path Group: clk
Path Type: min

Fanout         Cap        Slew       Delay        Time   Description
---------------------------------------------------------------------------------------------
                                  0.000000    0.000000   clock clk (rise edge)
                                  0.000000    0.000000   clock source latency
     1    0.009839    0.050715    0.033543    0.033543 ^ clk (in)
                                                         clk (net)
                      0.050717    0.000000    0.033543 ^ clkbuf_0_clk/A (sky130_fd_sc_hd__clkbuf_16)
     2    0.019078    0.041056    0.126445    0.159987 ^ clkbuf_0_clk/X (sky130_fd_sc_hd__clkbuf_16)
                                                         clknet_0_clk (net)
                      0.041059    0.000600    0.160587 ^ clkbuf_1_1__f_clk/A (sky130_fd_sc_hd__clkbuf_16)
     5    0.016628    0.038972    0.120706    0.281293 ^ clkbuf_1_1__f_clk/X (sky130_fd_sc_hd__clkbuf_16)
                                                         clknet_1_1__leaf_clk (net)
                      0.038980    0.000357    0.281650 ^ _0060_/CLK (sky130_fd_sc_hd__dfrtp_1)
     1    0.003955    0.053882    0.320552    0.602202 ^ _0060_/Q (sky130_fd_sc_hd__dfrtp_1)
                                                         net3 (net)
                      0.053882    0.000139    0.602341 ^ output3/A (sky130_fd_sc_hd__buf_2)
     1    0.038023    0.187487    0.213249    0.815590 ^ output3/X (sky130_fd_sc_hd__buf_2)
                                                         cfg_done (net)
                      0.187504    0.001492    0.817083 ^ cfg_done (out)
                                              0.817083   data arrival time

                                  0.000000    0.000000   clock clk (rise edge)
                                  0.000000    0.000000   clock network delay (propagated)
                                  0.250000    0.250000   clock uncertainty
                                  0.000000    0.250000   clock reconvergence pessimism
                                 -2.000000   -1.750000   output external delay
                                             -1.750000   data required time
---------------------------------------------------------------------------------------------
                                             -1.750000   data required time
                                             -0.817083   data arrival time
---------------------------------------------------------------------------------------------
                                              2.567083   slack (MET)



%OL_END_REPORT
%OL_CREATE_REPORT max.rpt

===========================================================================
report_checks -path_delay max (Setup)
============================================================================
======================= nom_tt_025C_1v80 Corner ===================================

Startpoint: _0060_ (rising edge-triggered flip-flop clocked by clk)
Endpoint: cfg_done (output port clocked by clk)
Path Group: clk
Path Type: max

Fanout         Cap        Slew       Delay        Time   Description
---------------------------------------------------------------------------------------------
                                  0.000000    0.000000   clock clk (rise edge)
                                  0.000000    0.000000   clock source latency
     1    0.009839    0.050715    0.033543    0.033543 ^ clk (in)
                                                         clk (net)
                      0.050717    0.000000    0.033543 ^ clkbuf_0_clk/A (sky130_fd_sc_hd__clkbuf_16)
     2    0.019078    0.041056    0.126445    0.159987 ^ clkbuf_0_clk/X (sky130_fd_sc_hd__clkbuf_16)
                                                         clknet_0_clk (net)
                      0.041059    0.000600    0.160587 ^ clkbuf_1_1__f_clk/A (sky130_fd_sc_hd__clkbuf_16)
     5    0.016628    0.038972    0.120706    0.281293 ^ clkbuf_1_1__f_clk/X (sky130_fd_sc_hd__clkbuf_16)
                                                         clknet_1_1__leaf_clk (net)
                      0.038980    0.000357    0.281650 ^ _0060_/CLK (sky130_fd_sc_hd__dfrtp_1)
     1    0.003795    0.044132    0.356927    0.638577 v _0060_/Q (sky130_fd_sc_hd__dfrtp_1)
                                                         net3 (net)
                      0.044132    0.000133    0.638710 v output3/A (sky130_fd_sc_hd__buf_2)
     1    0.038023    0.094684    0.186060    0.824770 v output3/X (sky130_fd_sc_hd__buf_2)
                                                         cfg_done (net)
                      0.094710    0.001491    0.826261 v cfg_done (out)
                                              0.826261   data arrival time

                                 10.000000   10.000000   clock clk (rise edge)
                                  0.000000   10.000000   clock network delay (propagated)
                                 -0.250000    9.750000   clock uncertainty
                                  0.000000    9.750000   clock reconvergence pessimism
                                 -2.000000    7.750000   output external delay
                                              7.750000   data required time
---------------------------------------------------------------------------------------------
                                              7.750000   data required time
                                             -0.826261   data arrival time
---------------------------------------------------------------------------------------------
                                              6.923739   slack (MET)


Startpoint: cfg_start (input port clocked by clk)
Endpoint: _0061_ (rising edge-triggered flip-flop clocked by clk)
Path Group: clk
Path Type: max

Fanout         Cap        Slew       Delay        Time   Description
---------------------------------------------------------------------------------------------
                                  0.000000    0.000000   clock clk (rise edge)
                                  0.000000    0.000000   clock network delay (propagated)
                                  2.000000    2.000000 ^ input external delay
     1    0.005618    0.032003    0.019897    2.019897 ^ cfg_start (in)
                                                         cfg_start (net)
                      0.032005    0.000000    2.019897 ^ input1/A (sky130_fd_sc_hd__buf_1)
     4    0.018979    0.226938    0.203716    2.223613 ^ input1/X (sky130_fd_sc_hd__buf_1)
                                                         net1 (net)
                      0.226942    0.000807    2.224420 ^ _0032_/A (sky130_fd_sc_hd__inv_2)
     2    0.014437    0.069343    0.090375    2.314795 v _0032_/Y (sky130_fd_sc_hd__inv_2)
                                                         _0012_ (net)
                      0.069345    0.000470    2.315265 v _0040_/A (sky130_fd_sc_hd__and2_1)
     7    0.027715    0.138769    0.237669    2.552934 v _0040_/X (sky130_fd_sc_hd__and2_1)
                                                         _0019_ (net)
                      0.138770    0.000697    2.553631 v _0041_/A1 (sky130_fd_sc_hd__mux2_1)
     1    0.003718    0.060554    0.329492    2.883123 v _0041_/X (sky130_fd_sc_hd__mux2_1)
                                                         _0003_ (net)
                      0.060554    0.000111    2.883235 v _0061_/D (sky130_fd_sc_hd__dfrtp_1)
                                              2.883235   data arrival time

                                 10.000000   10.000000   clock clk (rise edge)
                                  0.000000   10.000000   clock source latency
     1    0.009839    0.050715    0.033543   10.033544 ^ clk (in)
                                                         clk (net)
                      0.050717    0.000000   10.033544 ^ clkbuf_0_clk/A (sky130_fd_sc_hd__clkbuf_16)
     2    0.019078    0.041056    0.126445   10.159987 ^ clkbuf_0_clk/X (sky130_fd_sc_hd__clkbuf_16)
                                                         clknet_0_clk (net)
                      0.041060    0.000714   10.160702 ^ clkbuf_1_0__f_clk/A (sky130_fd_sc_hd__clkbuf_16)
     5    0.014070    0.036803    0.118301   10.279003 ^ clkbuf_1_0__f_clk/X (sky130_fd_sc_hd__clkbuf_16)
                                                         clknet_1_0__leaf_clk (net)
                      0.036803    0.000250   10.279252 ^ _0061_/CLK (sky130_fd_sc_hd__dfrtp_1)
                                 -0.250000   10.029252   clock uncertainty
                                  0.000000   10.029252   clock reconvergence pessimism
                                 -0.122939    9.906313   library setup time
                                              9.906313   data required time
---------------------------------------------------------------------------------------------
                                              9.906313   data required time
                                             -2.883235   data arrival time
---------------------------------------------------------------------------------------------
                                              7.023079   slack (MET)


Startpoint: cfg_start (input port clocked by clk)
Endpoint: _0064_ (rising edge-triggered flip-flop clocked by clk)
Path Group: clk
Path Type: max

Fanout         Cap        Slew       Delay        Time   Description
---------------------------------------------------------------------------------------------
                                  0.000000    0.000000   clock clk (rise edge)
                                  0.000000    0.000000   clock network delay (propagated)
                                  2.000000    2.000000 ^ input external delay
     1    0.005618    0.032003    0.019897    2.019897 ^ cfg_start (in)
                                                         cfg_start (net)
                      0.032005    0.000000    2.019897 ^ input1/A (sky130_fd_sc_hd__buf_1)
     4    0.018979    0.226938    0.203716    2.223613 ^ input1/X (sky130_fd_sc_hd__buf_1)
                                                         net1 (net)
                      0.226942    0.000807    2.224420 ^ _0032_/A (sky130_fd_sc_hd__inv_2)
     2    0.014437    0.069343    0.090375    2.314795 v _0032_/Y (sky130_fd_sc_hd__inv_2)
                                                         _0012_ (net)
                      0.069345    0.000470    2.315265 v _0040_/A (sky130_fd_sc_hd__and2_1)
     7    0.027715    0.138769    0.237669    2.552934 v _0040_/X (sky130_fd_sc_hd__and2_1)
                                                         _0019_ (net)
                      0.138773    0.000913    2.553847 v _0049_/B1 (sky130_fd_sc_hd__a32o_1)
     1    0.005991    0.055271    0.251034    2.804882 v _0049_/X (sky130_fd_sc_hd__a32o_1)
                                                         _0006_ (net)
                      0.055272    0.000252    2.805133 v _0064_/D (sky130_fd_sc_hd__dfrtp_1)
                                              2.805133   data arrival time

                                 10.000000   10.000000   clock clk (rise edge)
                                  0.000000   10.000000   clock source latency
     1    0.009839    0.050715    0.033543   10.033544 ^ clk (in)
                                                         clk (net)
                      0.050717    0.000000   10.033544 ^ clkbuf_0_clk/A (sky130_fd_sc_hd__clkbuf_16)
     2    0.019078    0.041056    0.126445   10.159987 ^ clkbuf_0_clk/X (sky130_fd_sc_hd__clkbuf_16)
                                                         clknet_0_clk (net)
                      0.041059    0.000600   10.160587 ^ clkbuf_1_1__f_clk/A (sky130_fd_sc_hd__clkbuf_16)
     5    0.016628    0.038972    0.120706   10.281294 ^ clkbuf_1_1__f_clk/X (sky130_fd_sc_hd__clkbuf_16)
                                                         clknet_1_1__leaf_clk (net)
                      0.038980    0.000266   10.281559 ^ _0064_/CLK (sky130_fd_sc_hd__dfrtp_1)
                                 -0.250000   10.031559   clock uncertainty
                                  0.000000   10.031559   clock reconvergence pessimism
                                 -0.120134    9.911425   library setup time
                                              9.911425   data required time
---------------------------------------------------------------------------------------------
                                              9.911425   data required time
                                             -2.805133   data arrival time
---------------------------------------------------------------------------------------------
                                              7.106292   slack (MET)


Startpoint: cfg_start (input port clocked by clk)
Endpoint: _0067_ (rising edge-triggered flip-flop clocked by clk)
Path Group: clk
Path Type: max

Fanout         Cap        Slew       Delay        Time   Description
---------------------------------------------------------------------------------------------
                                  0.000000    0.000000   clock clk (rise edge)
                                  0.000000    0.000000   clock network delay (propagated)
                                  2.000000    2.000000 ^ input external delay
     1    0.005618    0.032003    0.019897    2.019897 ^ cfg_start (in)
                                                         cfg_start (net)
                      0.032005    0.000000    2.019897 ^ input1/A (sky130_fd_sc_hd__buf_1)
     4    0.018979    0.226938    0.203716    2.223613 ^ input1/X (sky130_fd_sc_hd__buf_1)
                                                         net1 (net)
                      0.226942    0.000807    2.224420 ^ _0032_/A (sky130_fd_sc_hd__inv_2)
     2    0.014437    0.069343    0.090375    2.314795 v _0032_/Y (sky130_fd_sc_hd__inv_2)
                                                         _0012_ (net)
                      0.069345    0.000470    2.315265 v _0040_/A (sky130_fd_sc_hd__and2_1)
     7    0.027715    0.138769    0.237669    2.552934 v _0040_/X (sky130_fd_sc_hd__and2_1)
                                                         _0019_ (net)
                      0.138776    0.001143    2.554077 v _0058_/B1 (sky130_fd_sc_hd__a31o_1)
     1    0.007392    0.057756    0.239506    2.793582 v _0058_/X (sky130_fd_sc_hd__a31o_1)
                                                         _0009_ (net)
                      0.057757    0.000363    2.793946 v _0067_/D (sky130_fd_sc_hd__dfrtp_1)
                                              2.793946   data arrival time

                                 10.000000   10.000000   clock clk (rise edge)
                                  0.000000   10.000000   clock source latency
     1    0.009839    0.050715    0.033543   10.033544 ^ clk (in)
                                                         clk (net)
                      0.050717    0.000000   10.033544 ^ clkbuf_0_clk/A (sky130_fd_sc_hd__clkbuf_16)
     2    0.019078    0.041056    0.126445   10.159987 ^ clkbuf_0_clk/X (sky130_fd_sc_hd__clkbuf_16)
                                                         clknet_0_clk (net)
                      0.041059    0.000600   10.160587 ^ clkbuf_1_1__f_clk/A (sky130_fd_sc_hd__clkbuf_16)
     5    0.016628    0.038972    0.120706   10.281294 ^ clkbuf_1_1__f_clk/X (sky130_fd_sc_hd__clkbuf_16)
                                                         clknet_1_1__leaf_clk (net)
                      0.038981    0.000457   10.281750 ^ _0067_/CLK (sky130_fd_sc_hd__dfrtp_1)
                                 -0.250000   10.031750   clock uncertainty
                                  0.000000   10.031750   clock reconvergence pessimism
                                 -0.121219    9.910531   library setup time
                                              9.910531   data required time
---------------------------------------------------------------------------------------------
                                              9.910531   data required time
                                             -2.793946   data arrival time
---------------------------------------------------------------------------------------------
                                              7.116586   slack (MET)


Startpoint: cfg_start (input port clocked by clk)
Endpoint: _0063_ (rising edge-triggered flip-flop clocked by clk)
Path Group: clk
Path Type: max

Fanout         Cap        Slew       Delay        Time   Description
---------------------------------------------------------------------------------------------
                                  0.000000    0.000000   clock clk (rise edge)
                                  0.000000    0.000000   clock network delay (propagated)
                                  2.000000    2.000000 ^ input external delay
     1    0.005618    0.032003    0.019897    2.019897 ^ cfg_start (in)
                                                         cfg_start (net)
                      0.032005    0.000000    2.019897 ^ input1/A (sky130_fd_sc_hd__buf_1)
     4    0.018979    0.226938    0.203716    2.223613 ^ input1/X (sky130_fd_sc_hd__buf_1)
                                                         net1 (net)
                      0.226942    0.000807    2.224420 ^ _0032_/A (sky130_fd_sc_hd__inv_2)
     2    0.014437    0.069343    0.090375    2.314795 v _0032_/Y (sky130_fd_sc_hd__inv_2)
                                                         _0012_ (net)
                      0.069345    0.000470    2.315265 v _0040_/A (sky130_fd_sc_hd__and2_1)
     7    0.027715    0.138769    0.237669    2.552934 v _0040_/X (sky130_fd_sc_hd__and2_1)
                                                         _0019_ (net)
                      0.138773    0.000921    2.553855 v _0045_/B1 (sky130_fd_sc_hd__a32o_1)
     1    0.004087    0.047066    0.240966    2.794822 v _0045_/X (sky130_fd_sc_hd__a32o_1)
                                                         _0005_ (net)
                      0.047066    0.000136    2.794958 v _0063_/D (sky130_fd_sc_hd__dfrtp_1)
                                              2.794958   data arrival time

                                 10.000000   10.000000   clock clk (rise edge)
                                  0.000000   10.000000   clock source latency
     1    0.009839    0.050715    0.033543   10.033544 ^ clk (in)
                                                         clk (net)
                      0.050717    0.000000   10.033544 ^ clkbuf_0_clk/A (sky130_fd_sc_hd__clkbuf_16)
     2    0.019078    0.041056    0.126445   10.159987 ^ clkbuf_0_clk/X (sky130_fd_sc_hd__clkbuf_16)
                                                         clknet_0_clk (net)
                      0.041060    0.000714   10.160702 ^ clkbuf_1_0__f_clk/A (sky130_fd_sc_hd__clkbuf_16)
     5    0.014070    0.036803    0.118301   10.279003 ^ clkbuf_1_0__f_clk/X (sky130_fd_sc_hd__clkbuf_16)
                                                         clknet_1_0__leaf_clk (net)
                      0.036803    0.000265   10.279267 ^ _0063_/CLK (sky130_fd_sc_hd__dfrtp_1)
                                 -0.250000   10.029267   clock uncertainty
                                  0.000000   10.029267   clock reconvergence pessimism
                                 -0.117051    9.912216   library setup time
                                              9.912216   data required time
---------------------------------------------------------------------------------------------
                                              9.912216   data required time
                                             -2.794958   data arrival time
---------------------------------------------------------------------------------------------
                                              7.117258   slack (MET)


Startpoint: cfg_start (input port clocked by clk)
Endpoint: _0066_ (rising edge-triggered flip-flop clocked by clk)
Path Group: clk
Path Type: max

Fanout         Cap        Slew       Delay        Time   Description
---------------------------------------------------------------------------------------------
                                  0.000000    0.000000   clock clk (rise edge)
                                  0.000000    0.000000   clock network delay (propagated)
                                  2.000000    2.000000 ^ input external delay
     1    0.005618    0.032003    0.019897    2.019897 ^ cfg_start (in)
                                                         cfg_start (net)
                      0.032005    0.000000    2.019897 ^ input1/A (sky130_fd_sc_hd__buf_1)
     4    0.018979    0.226938    0.203716    2.223613 ^ input1/X (sky130_fd_sc_hd__buf_1)
                                                         net1 (net)
                      0.226942    0.000807    2.224420 ^ _0032_/A (sky130_fd_sc_hd__inv_2)
     2    0.014437    0.069343    0.090375    2.314795 v _0032_/Y (sky130_fd_sc_hd__inv_2)
                                                         _0012_ (net)
                      0.069345    0.000470    2.315265 v _0040_/A (sky130_fd_sc_hd__and2_1)
     7    0.027715    0.138769    0.237669    2.552934 v _0040_/X (sky130_fd_sc_hd__and2_1)
                                                         _0019_ (net)
                      0.138769    0.000431    2.553365 v _0055_/B1 (sky130_fd_sc_hd__a32o_1)
     1    0.004237    0.047826    0.241770    2.795135 v _0055_/X (sky130_fd_sc_hd__a32o_1)
                                                         _0008_ (net)
                      0.047826    0.000105    2.795241 v _0066_/D (sky130_fd_sc_hd__dfrtp_2)
                                              2.795241   data arrival time

                                 10.000000   10.000000   clock clk (rise edge)
                                  0.000000   10.000000   clock source latency
     1    0.009839    0.050715    0.033543   10.033544 ^ clk (in)
                                                         clk (net)
                      0.050717    0.000000   10.033544 ^ clkbuf_0_clk/A (sky130_fd_sc_hd__clkbuf_16)
     2    0.019078    0.041056    0.126445   10.159987 ^ clkbuf_0_clk/X (sky130_fd_sc_hd__clkbuf_16)
                                                         clknet_0_clk (net)
                      0.041059    0.000600   10.160587 ^ clkbuf_1_1__f_clk/A (sky130_fd_sc_hd__clkbuf_16)
     5    0.016628    0.038972    0.120706   10.281294 ^ clkbuf_1_1__f_clk/X (sky130_fd_sc_hd__clkbuf_16)
                                                         clknet_1_1__leaf_clk (net)
                      0.038980    0.000423   10.281716 ^ _0066_/CLK (sky130_fd_sc_hd__dfrtp_2)
                                 -0.250000   10.031716   clock uncertainty
                                  0.000000   10.031716   clock reconvergence pessimism
                                 -0.118127    9.913589   library setup time
                                              9.913589   data required time
---------------------------------------------------------------------------------------------
                                              9.913589   data required time
                                             -2.795241   data arrival time
---------------------------------------------------------------------------------------------
                                              7.118349   slack (MET)


Startpoint: cfg_start (input port clocked by clk)
Endpoint: _0065_ (rising edge-triggered flip-flop clocked by clk)
Path Group: clk
Path Type: max

Fanout         Cap        Slew       Delay        Time   Description
---------------------------------------------------------------------------------------------
                                  0.000000    0.000000   clock clk (rise edge)
                                  0.000000    0.000000   clock network delay (propagated)
                                  2.000000    2.000000 ^ input external delay
     1    0.005618    0.032003    0.019897    2.019897 ^ cfg_start (in)
                                                         cfg_start (net)
                      0.032005    0.000000    2.019897 ^ input1/A (sky130_fd_sc_hd__buf_1)
     4    0.018979    0.226938    0.203716    2.223613 ^ input1/X (sky130_fd_sc_hd__buf_1)
                                                         net1 (net)
                      0.226942    0.000807    2.224420 ^ _0032_/A (sky130_fd_sc_hd__inv_2)
     2    0.014437    0.069343    0.090375    2.314795 v _0032_/Y (sky130_fd_sc_hd__inv_2)
                                                         _0012_ (net)
                      0.069345    0.000470    2.315265 v _0040_/A (sky130_fd_sc_hd__and2_1)
     7    0.027715    0.138769    0.237669    2.552934 v _0040_/X (sky130_fd_sc_hd__and2_1)
                                                         _0019_ (net)
                      0.138774    0.001033    2.553967 v _0052_/B1 (sky130_fd_sc_hd__a32o_1)
     1    0.004013    0.046510    0.240580    2.794547 v _0052_/X (sky130_fd_sc_hd__a32o_1)
                                                         _0007_ (net)
                      0.046510    0.000105    2.794652 v _0065_/D (sky130_fd_sc_hd__dfrtp_2)
                                              2.794652   data arrival time

                                 10.000000   10.000000   clock clk (rise edge)
                                  0.000000   10.000000   clock source latency
     1    0.009839    0.050715    0.033543   10.033544 ^ clk (in)
                                                         clk (net)
                      0.050717    0.000000   10.033544 ^ clkbuf_0_clk/A (sky130_fd_sc_hd__clkbuf_16)
     2    0.019078    0.041056    0.126445   10.159987 ^ clkbuf_0_clk/X (sky130_fd_sc_hd__clkbuf_16)
                                                         clknet_0_clk (net)
                      0.041059    0.000600   10.160587 ^ clkbuf_1_1__f_clk/A (sky130_fd_sc_hd__clkbuf_16)
     5    0.016628    0.038972    0.120706   10.281294 ^ clkbuf_1_1__f_clk/X (sky130_fd_sc_hd__clkbuf_16)
                                                         clknet_1_1__leaf_clk (net)
                      0.038980    0.000372   10.281666 ^ _0065_/CLK (sky130_fd_sc_hd__dfrtp_2)
                                 -0.250000   10.031666   clock uncertainty
                                  0.000000   10.031666   clock reconvergence pessimism
                                 -0.117550    9.914116   library setup time
                                              9.914116   data required time
---------------------------------------------------------------------------------------------
                                              9.914116   data required time
                                             -2.794652   data arrival time
---------------------------------------------------------------------------------------------
                                              7.119463   slack (MET)


Startpoint: cfg_start (input port clocked by clk)
Endpoint: _0062_ (rising edge-triggered flip-flop clocked by clk)
Path Group: clk
Path Type: max

Fanout         Cap        Slew       Delay        Time   Description
---------------------------------------------------------------------------------------------
                                  0.000000    0.000000   clock clk (rise edge)
                                  0.000000    0.000000   clock network delay (propagated)
                                  2.000000    2.000000 ^ input external delay
     1    0.005618    0.032003    0.019897    2.019897 ^ cfg_start (in)
                                                         cfg_start (net)
                      0.032005    0.000000    2.019897 ^ input1/A (sky130_fd_sc_hd__buf_1)
     4    0.018979    0.226938    0.203716    2.223613 ^ input1/X (sky130_fd_sc_hd__buf_1)
                                                         net1 (net)
                      0.226942    0.000807    2.224420 ^ _0032_/A (sky130_fd_sc_hd__inv_2)
     2    0.014437    0.069343    0.090375    2.314795 v _0032_/Y (sky130_fd_sc_hd__inv_2)
                                                         _0012_ (net)
                      0.069345    0.000470    2.315265 v _0040_/A (sky130_fd_sc_hd__and2_1)
     7    0.027715    0.138769    0.237669    2.552934 v _0040_/X (sky130_fd_sc_hd__and2_1)
                                                         _0019_ (net)
                      0.138769    0.000318    2.553252 v _0043_/B1 (sky130_fd_sc_hd__a32o_1)
     1    0.003283    0.043722    0.236559    2.789811 v _0043_/X (sky130_fd_sc_hd__a32o_1)
                                                         _0004_ (net)
                      0.043722    0.000103    2.789914 v _0062_/D (sky130_fd_sc_hd__dfrtp_1)
                                              2.789914   data arrival time

                                 10.000000   10.000000   clock clk (rise edge)
                                  0.000000   10.000000   clock source latency
     1    0.009839    0.050715    0.033543   10.033544 ^ clk (in)
                                                         clk (net)
                      0.050717    0.000000   10.033544 ^ clkbuf_0_clk/A (sky130_fd_sc_hd__clkbuf_16)
     2    0.019078    0.041056    0.126445   10.159987 ^ clkbuf_0_clk/X (sky130_fd_sc_hd__clkbuf_16)
                                                         clknet_0_clk (net)
                      0.041060    0.000714   10.160702 ^ clkbuf_1_0__f_clk/A (sky130_fd_sc_hd__clkbuf_16)
     5    0.014070    0.036803    0.118301   10.279003 ^ clkbuf_1_0__f_clk/X (sky130_fd_sc_hd__clkbuf_16)
                                                         clknet_1_0__leaf_clk (net)
                      0.036803    0.000201   10.279203 ^ _0062_/CLK (sky130_fd_sc_hd__dfrtp_1)
                                 -0.250000   10.029203   clock uncertainty
                                  0.000000   10.029203   clock reconvergence pessimism
                                 -0.115591    9.913612   library setup time
                                              9.913612   data required time
---------------------------------------------------------------------------------------------
                                              9.913612   data required time
                                             -2.789914   data arrival time
---------------------------------------------------------------------------------------------
                                              7.123698   slack (MET)


Startpoint: cfg_start (input port clocked by clk)
Endpoint: _0060_ (rising edge-triggered flip-flop clocked by clk)
Path Group: clk
Path Type: max

Fanout         Cap        Slew       Delay        Time   Description
---------------------------------------------------------------------------------------------
                                  0.000000    0.000000   clock clk (rise edge)
                                  0.000000    0.000000   clock network delay (propagated)
                                  2.000000    2.000000 ^ input external delay
     1    0.005618    0.032003    0.019897    2.019897 ^ cfg_start (in)
                                                         cfg_start (net)
                      0.032005    0.000000    2.019897 ^ input1/A (sky130_fd_sc_hd__buf_1)
     4    0.018979    0.226938    0.203716    2.223613 ^ input1/X (sky130_fd_sc_hd__buf_1)
                                                         net1 (net)
                      0.226940    0.000603    2.224216 ^ _0037_/A_N (sky130_fd_sc_hd__and4bb_1)
     1    0.002793    0.040349    0.213167    2.437383 v _0037_/X (sky130_fd_sc_hd__and4bb_1)
                                                         _0000_ (net)
                      0.040349    0.000085    2.437468 v _0060_/D (sky130_fd_sc_hd__dfrtp_1)
                                              2.437468   data arrival time

                                 10.000000   10.000000   clock clk (rise edge)
                                  0.000000   10.000000   clock source latency
     1    0.009839    0.050715    0.033543   10.033544 ^ clk (in)
                                                         clk (net)
                      0.050717    0.000000   10.033544 ^ clkbuf_0_clk/A (sky130_fd_sc_hd__clkbuf_16)
     2    0.019078    0.041056    0.126445   10.159987 ^ clkbuf_0_clk/X (sky130_fd_sc_hd__clkbuf_16)
                                                         clknet_0_clk (net)
                      0.041059    0.000600   10.160587 ^ clkbuf_1_1__f_clk/A (sky130_fd_sc_hd__clkbuf_16)
     5    0.016628    0.038972    0.120706   10.281294 ^ clkbuf_1_1__f_clk/X (sky130_fd_sc_hd__clkbuf_16)
                                                         clknet_1_1__leaf_clk (net)
                      0.038980    0.000356   10.281650 ^ _0060_/CLK (sky130_fd_sc_hd__dfrtp_1)
                                 -0.250000   10.031650   clock uncertainty
                                  0.000000   10.031650   clock reconvergence pessimism
                                 -0.113621    9.918029   library setup time
                                              9.918029   data required time
---------------------------------------------------------------------------------------------
                                              9.918029   data required time
                                             -2.437468   data arrival time
---------------------------------------------------------------------------------------------
                                              7.480560   slack (MET)


Startpoint: cfg_start (input port clocked by clk)
Endpoint: _0068_ (rising edge-triggered flip-flop clocked by clk)
Path Group: clk
Path Type: max

Fanout         Cap        Slew       Delay        Time   Description
---------------------------------------------------------------------------------------------
                                  0.000000    0.000000   clock clk (rise edge)
                                  0.000000    0.000000   clock network delay (propagated)
                                  2.000000    2.000000 ^ input external delay
     1    0.005618    0.032003    0.019897    2.019897 ^ cfg_start (in)
                                                         cfg_start (net)
                      0.032005    0.000000    2.019897 ^ input1/A (sky130_fd_sc_hd__buf_1)
     4    0.018979    0.226938    0.203716    2.223613 ^ input1/X (sky130_fd_sc_hd__buf_1)
                                                         net1 (net)
                      0.226941    0.000695    2.224308 ^ _0059_/B1 (sky130_fd_sc_hd__a21oi_1)
     1    0.003365    0.064942    0.069693    2.294002 v _0059_/Y (sky130_fd_sc_hd__a21oi_1)
                                                         _0010_ (net)
                      0.064942    0.000112    2.294114 v _0068_/D (sky130_fd_sc_hd__dfrtp_1)
                                              2.294114   data arrival time

                                 10.000000   10.000000   clock clk (rise edge)
                                  0.000000   10.000000   clock source latency
     1    0.009839    0.050715    0.033543   10.033544 ^ clk (in)
                                                         clk (net)
                      0.050717    0.000000   10.033544 ^ clkbuf_0_clk/A (sky130_fd_sc_hd__clkbuf_16)
     2    0.019078    0.041056    0.126445   10.159987 ^ clkbuf_0_clk/X (sky130_fd_sc_hd__clkbuf_16)
                                                         clknet_0_clk (net)
                      0.041060    0.000714   10.160702 ^ clkbuf_1_0__f_clk/A (sky130_fd_sc_hd__clkbuf_16)
     5    0.014070    0.036803    0.118301   10.279003 ^ clkbuf_1_0__f_clk/X (sky130_fd_sc_hd__clkbuf_16)
                                                         clknet_1_0__leaf_clk (net)
                      0.036803    0.000245   10.279248 ^ _0068_/CLK (sky130_fd_sc_hd__dfrtp_1)
                                 -0.250000   10.029248   clock uncertainty
                                  0.000000   10.029248   clock reconvergence pessimism
                                 -0.124854    9.904394   library setup time
                                              9.904394   data required time
---------------------------------------------------------------------------------------------
                                              9.904394   data required time
                                             -2.294114   data arrival time
---------------------------------------------------------------------------------------------
                                              7.610281   slack (MET)


Startpoint: rst_n (input port clocked by clk)
Endpoint: _0065_ (recovery check against rising-edge clock clk)
Path Group: asynchronous
Path Type: max

Fanout         Cap        Slew       Delay        Time   Description
---------------------------------------------------------------------------------------------
                                  0.000000    0.000000   clock clk (rise edge)
                                  0.000000    0.000000   clock network delay (propagated)
                                  2.000000    2.000000 ^ input external delay
     1    0.007955    0.042332    0.027512    2.027512 ^ rst_n (in)
                                                         rst_n (net)
                      0.042334    0.000000    2.027512 ^ input2/A (sky130_fd_sc_hd__buf_2)
     9    0.041566    0.204258    0.220251    2.247762 ^ input2/X (sky130_fd_sc_hd__buf_2)
                                                         net2 (net)
                      0.204288    0.002058    2.249821 ^ _0065_/RESET_B (sky130_fd_sc_hd__dfrtp_2)
                                              2.249821   data arrival time

                                 10.000000   10.000000   clock clk (rise edge)
                                  0.000000   10.000000   clock source latency
     1    0.009839    0.050715    0.033543   10.033544 ^ clk (in)
                                                         clk (net)
                      0.050717    0.000000   10.033544 ^ clkbuf_0_clk/A (sky130_fd_sc_hd__clkbuf_16)
     2    0.019078    0.041056    0.126445   10.159987 ^ clkbuf_0_clk/X (sky130_fd_sc_hd__clkbuf_16)
                                                         clknet_0_clk (net)
                      0.041059    0.000600   10.160587 ^ clkbuf_1_1__f_clk/A (sky130_fd_sc_hd__clkbuf_16)
     5    0.016628    0.038972    0.120706   10.281294 ^ clkbuf_1_1__f_clk/X (sky130_fd_sc_hd__clkbuf_16)
                                                         clknet_1_1__leaf_clk (net)
                      0.038980    0.000372   10.281666 ^ _0065_/CLK (sky130_fd_sc_hd__dfrtp_2)
                                 -0.250000   10.031666   clock uncertainty
                                  0.000000   10.031666   clock reconvergence pessimism
                                  0.169756   10.201423   library recovery time
                                             10.201423   data required time
---------------------------------------------------------------------------------------------
                                             10.201423   data required time
                                             -2.249821   data arrival time
---------------------------------------------------------------------------------------------
                                              7.951602   slack (MET)


Startpoint: rst_n (input port clocked by clk)
Endpoint: _0066_ (recovery check against rising-edge clock clk)
Path Group: asynchronous
Path Type: max

Fanout         Cap        Slew       Delay        Time   Description
---------------------------------------------------------------------------------------------
                                  0.000000    0.000000   clock clk (rise edge)
                                  0.000000    0.000000   clock network delay (propagated)
                                  2.000000    2.000000 ^ input external delay
     1    0.007955    0.042332    0.027512    2.027512 ^ rst_n (in)
                                                         rst_n (net)
                      0.042334    0.000000    2.027512 ^ input2/A (sky130_fd_sc_hd__buf_2)
     9    0.041566    0.204258    0.220251    2.247762 ^ input2/X (sky130_fd_sc_hd__buf_2)
                                                         net2 (net)
                      0.204274    0.001485    2.249248 ^ _0066_/RESET_B (sky130_fd_sc_hd__dfrtp_2)
                                              2.249248   data arrival time

                                 10.000000   10.000000   clock clk (rise edge)
                                  0.000000   10.000000   clock source latency
     1    0.009839    0.050715    0.033543   10.033544 ^ clk (in)
                                                         clk (net)
                      0.050717    0.000000   10.033544 ^ clkbuf_0_clk/A (sky130_fd_sc_hd__clkbuf_16)
     2    0.019078    0.041056    0.126445   10.159987 ^ clkbuf_0_clk/X (sky130_fd_sc_hd__clkbuf_16)
                                                         clknet_0_clk (net)
                      0.041059    0.000600   10.160587 ^ clkbuf_1_1__f_clk/A (sky130_fd_sc_hd__clkbuf_16)
     5    0.016628    0.038972    0.120706   10.281294 ^ clkbuf_1_1__f_clk/X (sky130_fd_sc_hd__clkbuf_16)
                                                         clknet_1_1__leaf_clk (net)
                      0.038980    0.000423   10.281716 ^ _0066_/CLK (sky130_fd_sc_hd__dfrtp_2)
                                 -0.250000   10.031716   clock uncertainty
                                  0.000000   10.031716   clock reconvergence pessimism
                                  0.169761   10.201477   library recovery time
                                             10.201477   data required time
---------------------------------------------------------------------------------------------
                                             10.201477   data required time
                                             -2.249248   data arrival time
---------------------------------------------------------------------------------------------
                                              7.952229   slack (MET)


Startpoint: rst_n (input port clocked by clk)
Endpoint: _0063_ (recovery check against rising-edge clock clk)
Path Group: asynchronous
Path Type: max

Fanout         Cap        Slew       Delay        Time   Description
---------------------------------------------------------------------------------------------
                                  0.000000    0.000000   clock clk (rise edge)
                                  0.000000    0.000000   clock network delay (propagated)
                                  2.000000    2.000000 ^ input external delay
     1    0.007955    0.042332    0.027512    2.027512 ^ rst_n (in)
                                                         rst_n (net)
                      0.042334    0.000000    2.027512 ^ input2/A (sky130_fd_sc_hd__buf_2)
     9    0.041566    0.204258    0.220251    2.247762 ^ input2/X (sky130_fd_sc_hd__buf_2)
                                                         net2 (net)
                      0.204290    0.002127    2.249889 ^ _0063_/RESET_B (sky130_fd_sc_hd__dfrtp_1)
                                              2.249889   data arrival time

                                 10.000000   10.000000   clock clk (rise edge)
                                  0.000000   10.000000   clock source latency
     1    0.009839    0.050715    0.033543   10.033544 ^ clk (in)
                                                         clk (net)
                      0.050717    0.000000   10.033544 ^ clkbuf_0_clk/A (sky130_fd_sc_hd__clkbuf_16)
     2    0.019078    0.041056    0.126445   10.159987 ^ clkbuf_0_clk/X (sky130_fd_sc_hd__clkbuf_16)
                                                         clknet_0_clk (net)
                      0.041060    0.000714   10.160702 ^ clkbuf_1_0__f_clk/A (sky130_fd_sc_hd__clkbuf_16)
     5    0.014070    0.036803    0.118301   10.279003 ^ clkbuf_1_0__f_clk/X (sky130_fd_sc_hd__clkbuf_16)
                                                         clknet_1_0__leaf_clk (net)
                      0.036803    0.000265   10.279267 ^ _0063_/CLK (sky130_fd_sc_hd__dfrtp_1)
                                 -0.250000   10.029267   clock uncertainty
                                  0.000000   10.029267   clock reconvergence pessimism
                                  0.186527   10.215794   library recovery time
                                             10.215794   data required time
---------------------------------------------------------------------------------------------
                                             10.215794   data required time
                                             -2.249889   data arrival time
---------------------------------------------------------------------------------------------
                                              7.965905   slack (MET)


Startpoint: rst_n (input port clocked by clk)
Endpoint: _0062_ (recovery check against rising-edge clock clk)
Path Group: asynchronous
Path Type: max

Fanout         Cap        Slew       Delay        Time   Description
---------------------------------------------------------------------------------------------
                                  0.000000    0.000000   clock clk (rise edge)
                                  0.000000    0.000000   clock network delay (propagated)
                                  2.000000    2.000000 ^ input external delay
     1    0.007955    0.042332    0.027512    2.027512 ^ rst_n (in)
                                                         rst_n (net)
                      0.042334    0.000000    2.027512 ^ input2/A (sky130_fd_sc_hd__buf_2)
     9    0.041566    0.204258    0.220251    2.247762 ^ input2/X (sky130_fd_sc_hd__buf_2)
                                                         net2 (net)
                      0.204285    0.001938    2.249701 ^ _0062_/RESET_B (sky130_fd_sc_hd__dfrtp_1)
                                              2.249701   data arrival time

                                 10.000000   10.000000   clock clk (rise edge)
                                  0.000000   10.000000   clock source latency
     1    0.009839    0.050715    0.033543   10.033544 ^ clk (in)
                                                         clk (net)
                      0.050717    0.000000   10.033544 ^ clkbuf_0_clk/A (sky130_fd_sc_hd__clkbuf_16)
     2    0.019078    0.041056    0.126445   10.159987 ^ clkbuf_0_clk/X (sky130_fd_sc_hd__clkbuf_16)
                                                         clknet_0_clk (net)
                      0.041060    0.000714   10.160702 ^ clkbuf_1_0__f_clk/A (sky130_fd_sc_hd__clkbuf_16)
     5    0.014070    0.036803    0.118301   10.279003 ^ clkbuf_1_0__f_clk/X (sky130_fd_sc_hd__clkbuf_16)
                                                         clknet_1_0__leaf_clk (net)
                      0.036803    0.000201   10.279203 ^ _0062_/CLK (sky130_fd_sc_hd__dfrtp_1)
                                 -0.250000   10.029203   clock uncertainty
                                  0.000000   10.029203   clock reconvergence pessimism
                                  0.186528   10.215732   library recovery time
                                             10.215732   data required time
---------------------------------------------------------------------------------------------
                                             10.215732   data required time
                                             -2.249701   data arrival time
---------------------------------------------------------------------------------------------
                                              7.966031   slack (MET)


Startpoint: rst_n (input port clocked by clk)
Endpoint: _0061_ (recovery check against rising-edge clock clk)
Path Group: asynchronous
Path Type: max

Fanout         Cap        Slew       Delay        Time   Description
---------------------------------------------------------------------------------------------
                                  0.000000    0.000000   clock clk (rise edge)
                                  0.000000    0.000000   clock network delay (propagated)
                                  2.000000    2.000000 ^ input external delay
     1    0.007955    0.042332    0.027512    2.027512 ^ rst_n (in)
                                                         rst_n (net)
                      0.042334    0.000000    2.027512 ^ input2/A (sky130_fd_sc_hd__buf_2)
     9    0.041566    0.204258    0.220251    2.247762 ^ input2/X (sky130_fd_sc_hd__buf_2)
                                                         net2 (net)
                      0.204282    0.001853    2.249615 ^ _0061_/RESET_B (sky130_fd_sc_hd__dfrtp_1)
                                              2.249615   data arrival time

                                 10.000000   10.000000   clock clk (rise edge)
                                  0.000000   10.000000   clock source latency
     1    0.009839    0.050715    0.033543   10.033544 ^ clk (in)
                                                         clk (net)
                      0.050717    0.000000   10.033544 ^ clkbuf_0_clk/A (sky130_fd_sc_hd__clkbuf_16)
     2    0.019078    0.041056    0.126445   10.159987 ^ clkbuf_0_clk/X (sky130_fd_sc_hd__clkbuf_16)
                                                         clknet_0_clk (net)
                      0.041060    0.000714   10.160702 ^ clkbuf_1_0__f_clk/A (sky130_fd_sc_hd__clkbuf_16)
     5    0.014070    0.036803    0.118301   10.279003 ^ clkbuf_1_0__f_clk/X (sky130_fd_sc_hd__clkbuf_16)
                                                         clknet_1_0__leaf_clk (net)
                      0.036803    0.000250   10.279252 ^ _0061_/CLK (sky130_fd_sc_hd__dfrtp_1)
                                 -0.250000   10.029252   clock uncertainty
                                  0.000000   10.029252   clock reconvergence pessimism
                                  0.186529   10.215781   library recovery time
                                             10.215781   data required time
---------------------------------------------------------------------------------------------
                                             10.215781   data required time
                                             -2.249615   data arrival time
---------------------------------------------------------------------------------------------
                                              7.966166   slack (MET)


Startpoint: rst_n (input port clocked by clk)
Endpoint: _0068_ (recovery check against rising-edge clock clk)
Path Group: asynchronous
Path Type: max

Fanout         Cap        Slew       Delay        Time   Description
---------------------------------------------------------------------------------------------
                                  0.000000    0.000000   clock clk (rise edge)
                                  0.000000    0.000000   clock network delay (propagated)
                                  2.000000    2.000000 ^ input external delay
     1    0.007955    0.042332    0.027512    2.027512 ^ rst_n (in)
                                                         rst_n (net)
                      0.042334    0.000000    2.027512 ^ input2/A (sky130_fd_sc_hd__buf_2)
     9    0.041566    0.204258    0.220251    2.247762 ^ input2/X (sky130_fd_sc_hd__buf_2)
                                                         net2 (net)
                      0.204280    0.001763    2.249526 ^ _0068_/RESET_B (sky130_fd_sc_hd__dfrtp_1)
                                              2.249526   data arrival time

                                 10.000000   10.000000   clock clk (rise edge)
                                  0.000000   10.000000   clock source latency
     1    0.009839    0.050715    0.033543   10.033544 ^ clk (in)
                                                         clk (net)
                      0.050717    0.000000   10.033544 ^ clkbuf_0_clk/A (sky130_fd_sc_hd__clkbuf_16)
     2    0.019078    0.041056    0.126445   10.159987 ^ clkbuf_0_clk/X (sky130_fd_sc_hd__clkbuf_16)
                                                         clknet_0_clk (net)
                      0.041060    0.000714   10.160702 ^ clkbuf_1_0__f_clk/A (sky130_fd_sc_hd__clkbuf_16)
     5    0.014070    0.036803    0.118301   10.279003 ^ clkbuf_1_0__f_clk/X (sky130_fd_sc_hd__clkbuf_16)
                                                         clknet_1_0__leaf_clk (net)
                      0.036803    0.000245   10.279248 ^ _0068_/CLK (sky130_fd_sc_hd__dfrtp_1)
                                 -0.250000   10.029248   clock uncertainty
                                  0.000000   10.029248   clock reconvergence pessimism
                                  0.186529   10.215777   library recovery time
                                             10.215777   data required time
---------------------------------------------------------------------------------------------
                                             10.215777   data required time
                                             -2.249526   data arrival time
---------------------------------------------------------------------------------------------
                                              7.966251   slack (MET)


Startpoint: rst_n (input port clocked by clk)
Endpoint: _0067_ (recovery check against rising-edge clock clk)
Path Group: asynchronous
Path Type: max

Fanout         Cap        Slew       Delay        Time   Description
---------------------------------------------------------------------------------------------
                                  0.000000    0.000000   clock clk (rise edge)
                                  0.000000    0.000000   clock network delay (propagated)
                                  2.000000    2.000000 ^ input external delay
     1    0.007955    0.042332    0.027512    2.027512 ^ rst_n (in)
                                                         rst_n (net)
                      0.042334    0.000000    2.027512 ^ input2/A (sky130_fd_sc_hd__buf_2)
     9    0.041566    0.204258    0.220251    2.247762 ^ input2/X (sky130_fd_sc_hd__buf_2)
                                                         net2 (net)
                      0.204294    0.002234    2.249997 ^ _0067_/RESET_B (sky130_fd_sc_hd__dfrtp_1)
                                              2.249997   data arrival time

                                 10.000000   10.000000   clock clk (rise edge)
                                  0.000000   10.000000   clock source latency
     1    0.009839    0.050715    0.033543   10.033544 ^ clk (in)
                                                         clk (net)
                      0.050717    0.000000   10.033544 ^ clkbuf_0_clk/A (sky130_fd_sc_hd__clkbuf_16)
     2    0.019078    0.041056    0.126445   10.159987 ^ clkbuf_0_clk/X (sky130_fd_sc_hd__clkbuf_16)
                                                         clknet_0_clk (net)
                      0.041059    0.000600   10.160587 ^ clkbuf_1_1__f_clk/A (sky130_fd_sc_hd__clkbuf_16)
     5    0.016628    0.038972    0.120706   10.281294 ^ clkbuf_1_1__f_clk/X (sky130_fd_sc_hd__clkbuf_16)
                                                         clknet_1_1__leaf_clk (net)
                      0.038981    0.000457   10.281750 ^ _0067_/CLK (sky130_fd_sc_hd__dfrtp_1)
                                 -0.250000   10.031750   clock uncertainty
                                  0.000000   10.031750   clock reconvergence pessimism
                                  0.187208   10.218958   library recovery time
                                             10.218958   data required time
---------------------------------------------------------------------------------------------
                                             10.218958   data required time
                                             -2.249997   data arrival time
---------------------------------------------------------------------------------------------
                                              7.968961   slack (MET)


Startpoint: rst_n (input port clocked by clk)
Endpoint: _0060_ (recovery check against rising-edge clock clk)
Path Group: asynchronous
Path Type: max

Fanout         Cap        Slew       Delay        Time   Description
---------------------------------------------------------------------------------------------
                                  0.000000    0.000000   clock clk (rise edge)
                                  0.000000    0.000000   clock network delay (propagated)
                                  2.000000    2.000000 ^ input external delay
     1    0.007955    0.042332    0.027512    2.027512 ^ rst_n (in)
                                                         rst_n (net)
                      0.042334    0.000000    2.027512 ^ input2/A (sky130_fd_sc_hd__buf_2)
     9    0.041566    0.204258    0.220251    2.247762 ^ input2/X (sky130_fd_sc_hd__buf_2)
                                                         net2 (net)
                      0.204268    0.001178    2.248941 ^ _0060_/RESET_B (sky130_fd_sc_hd__dfrtp_1)
                                              2.248941   data arrival time

                                 10.000000   10.000000   clock clk (rise edge)
                                  0.000000   10.000000   clock source latency
     1    0.009839    0.050715    0.033543   10.033544 ^ clk (in)
                                                         clk (net)
                      0.050717    0.000000   10.033544 ^ clkbuf_0_clk/A (sky130_fd_sc_hd__clkbuf_16)
     2    0.019078    0.041056    0.126445   10.159987 ^ clkbuf_0_clk/X (sky130_fd_sc_hd__clkbuf_16)
                                                         clknet_0_clk (net)
                      0.041059    0.000600   10.160587 ^ clkbuf_1_1__f_clk/A (sky130_fd_sc_hd__clkbuf_16)
     5    0.016628    0.038972    0.120706   10.281294 ^ clkbuf_1_1__f_clk/X (sky130_fd_sc_hd__clkbuf_16)
                                                         clknet_1_1__leaf_clk (net)
                      0.038980    0.000356   10.281650 ^ _0060_/CLK (sky130_fd_sc_hd__dfrtp_1)
                                 -0.250000   10.031650   clock uncertainty
                                  0.000000   10.031650   clock reconvergence pessimism
                                  0.187214   10.218863   library recovery time
                                             10.218863   data required time
---------------------------------------------------------------------------------------------
                                             10.218863   data required time
                                             -2.248941   data arrival time
---------------------------------------------------------------------------------------------
                                              7.969923   slack (MET)


Startpoint: rst_n (input port clocked by clk)
Endpoint: _0064_ (recovery check against rising-edge clock clk)
Path Group: asynchronous
Path Type: max

Fanout         Cap        Slew       Delay        Time   Description
---------------------------------------------------------------------------------------------
                                  0.000000    0.000000   clock clk (rise edge)
                                  0.000000    0.000000   clock network delay (propagated)
                                  2.000000    2.000000 ^ input external delay
     1    0.007955    0.042332    0.027512    2.027512 ^ rst_n (in)
                                                         rst_n (net)
                      0.042334    0.000000    2.027512 ^ input2/A (sky130_fd_sc_hd__buf_2)
     9    0.041566    0.204258    0.220251    2.247762 ^ input2/X (sky130_fd_sc_hd__buf_2)
                                                         net2 (net)
                      0.204263    0.000848    2.248611 ^ _0064_/RESET_B (sky130_fd_sc_hd__dfrtp_1)
                                              2.248611   data arrival time

                                 10.000000   10.000000   clock clk (rise edge)
                                  0.000000   10.000000   clock source latency
     1    0.009839    0.050715    0.033543   10.033544 ^ clk (in)
                                                         clk (net)
                      0.050717    0.000000   10.033544 ^ clkbuf_0_clk/A (sky130_fd_sc_hd__clkbuf_16)
     2    0.019078    0.041056    0.126445   10.159987 ^ clkbuf_0_clk/X (sky130_fd_sc_hd__clkbuf_16)
                                                         clknet_0_clk (net)
                      0.041059    0.000600   10.160587 ^ clkbuf_1_1__f_clk/A (sky130_fd_sc_hd__clkbuf_16)
     5    0.016628    0.038972    0.120706   10.281294 ^ clkbuf_1_1__f_clk/X (sky130_fd_sc_hd__clkbuf_16)
                                                         clknet_1_1__leaf_clk (net)
                      0.038980    0.000266   10.281559 ^ _0064_/CLK (sky130_fd_sc_hd__dfrtp_1)
                                 -0.250000   10.031559   clock uncertainty
                                  0.000000   10.031559   clock reconvergence pessimism
                                  0.187215   10.218775   library recovery time
                                             10.218775   data required time
---------------------------------------------------------------------------------------------
                                             10.218775   data required time
                                             -2.248611   data arrival time
---------------------------------------------------------------------------------------------
                                              7.970163   slack (MET)



%OL_END_REPORT
%OL_CREATE_REPORT checks.rpt

===========================================================================
report_checks -unconstrained
===========================================================================
======================= nom_tt_025C_1v80 Corner ===================================

Startpoint: rst_n (input port clocked by clk)
Endpoint: _0065_ (recovery check against rising-edge clock clk)
Path Group: asynchronous
Path Type: max

Fanout         Cap        Slew       Delay        Time   Description
---------------------------------------------------------------------------------------------
                                  0.000000    0.000000   clock clk (rise edge)
                                  0.000000    0.000000   clock network delay (propagated)
                                  2.000000    2.000000 ^ input external delay
     1    0.007955    0.042332    0.027512    2.027512 ^ rst_n (in)
                                                         rst_n (net)
                      0.042334    0.000000    2.027512 ^ input2/A (sky130_fd_sc_hd__buf_2)
     9    0.041566    0.204258    0.220251    2.247762 ^ input2/X (sky130_fd_sc_hd__buf_2)
                                                         net2 (net)
                      0.204288    0.002058    2.249821 ^ _0065_/RESET_B (sky130_fd_sc_hd__dfrtp_2)
                                              2.249821   data arrival time

                                 10.000000   10.000000   clock clk (rise edge)
                                  0.000000   10.000000   clock source latency
     1    0.009839    0.050715    0.033543   10.033544 ^ clk (in)
                                                         clk (net)
                      0.050717    0.000000   10.033544 ^ clkbuf_0_clk/A (sky130_fd_sc_hd__clkbuf_16)
     2    0.019078    0.041056    0.126445   10.159987 ^ clkbuf_0_clk/X (sky130_fd_sc_hd__clkbuf_16)
                                                         clknet_0_clk (net)
                      0.041059    0.000600   10.160587 ^ clkbuf_1_1__f_clk/A (sky130_fd_sc_hd__clkbuf_16)
     5    0.016628    0.038972    0.120706   10.281294 ^ clkbuf_1_1__f_clk/X (sky130_fd_sc_hd__clkbuf_16)
                                                         clknet_1_1__leaf_clk (net)
                      0.038980    0.000372   10.281666 ^ _0065_/CLK (sky130_fd_sc_hd__dfrtp_2)
                                 -0.250000   10.031666   clock uncertainty
                                  0.000000   10.031666   clock reconvergence pessimism
                                  0.169756   10.201423   library recovery time
                                             10.201423   data required time
---------------------------------------------------------------------------------------------
                                             10.201423   data required time
                                             -2.249821   data arrival time
---------------------------------------------------------------------------------------------
                                              7.951602   slack (MET)


Startpoint: _0060_ (rising edge-triggered flip-flop clocked by clk)
Endpoint: cfg_done (output port clocked by clk)
Path Group: clk
Path Type: max

Fanout         Cap        Slew       Delay        Time   Description
---------------------------------------------------------------------------------------------
                                  0.000000    0.000000   clock clk (rise edge)
                                  0.000000    0.000000   clock source latency
     1    0.009839    0.050715    0.033543    0.033543 ^ clk (in)
                                                         clk (net)
                      0.050717    0.000000    0.033543 ^ clkbuf_0_clk/A (sky130_fd_sc_hd__clkbuf_16)
     2    0.019078    0.041056    0.126445    0.159987 ^ clkbuf_0_clk/X (sky130_fd_sc_hd__clkbuf_16)
                                                         clknet_0_clk (net)
                      0.041059    0.000600    0.160587 ^ clkbuf_1_1__f_clk/A (sky130_fd_sc_hd__clkbuf_16)
     5    0.016628    0.038972    0.120706    0.281293 ^ clkbuf_1_1__f_clk/X (sky130_fd_sc_hd__clkbuf_16)
                                                         clknet_1_1__leaf_clk (net)
                      0.038980    0.000357    0.281650 ^ _0060_/CLK (sky130_fd_sc_hd__dfrtp_1)
     1    0.003795    0.044132    0.356927    0.638577 v _0060_/Q (sky130_fd_sc_hd__dfrtp_1)
                                                         net3 (net)
                      0.044132    0.000133    0.638710 v output3/A (sky130_fd_sc_hd__buf_2)
     1    0.038023    0.094684    0.186060    0.824770 v output3/X (sky130_fd_sc_hd__buf_2)
                                                         cfg_done (net)
                      0.094710    0.001491    0.826261 v cfg_done (out)
                                              0.826261   data arrival time

                                 10.000000   10.000000   clock clk (rise edge)
                                  0.000000   10.000000   clock network delay (propagated)
                                 -0.250000    9.750000   clock uncertainty
                                  0.000000    9.750000   clock reconvergence pessimism
                                 -2.000000    7.750000   output external delay
                                              7.750000   data required time
---------------------------------------------------------------------------------------------
                                              7.750000   data required time
                                             -0.826261   data arrival time
---------------------------------------------------------------------------------------------
                                              6.923739   slack (MET)




===========================================================================
report_checks --slack_max -0.01
============================================================================
======================= nom_tt_025C_1v80 Corner ===================================

No paths found.


===========================================================================
 report_check_types -max_slew -max_cap -max_fanout -violators
============================================================================
======================= nom_tt_025C_1v80 Corner ===================================



===========================================================================
report_parasitic_annotation -report_unannotated
============================================================================
Found 3158 unannotated drivers.
 cfg_mode
 cfg_num_tiles[0]
 cfg_num_tiles[1]
 cfg_num_tiles[2]
 cfg_num_tiles[3]
 cfg_num_tiles[4]
 cfg_num_tiles[5]
 cfg_num_tiles[6]
 cfg_num_tiles[7]
 rx_bump_data[0]
 rx_bump_data[100]
 rx_bump_data[101]
 rx_bump_data[102]
 rx_bump_data[103]
 rx_bump_data[104]
 rx_bump_data[105]
 rx_bump_data[106]
 rx_bump_data[107]
 rx_bump_data[108]
 rx_bump_data[109]
 rx_bump_data[10]
 rx_bump_data[110]
 rx_bump_data[111]
 rx_bump_data[112]
 rx_bump_data[113]
 rx_bump_data[114]
 rx_bump_data[115]
 rx_bump_data[116]
 rx_bump_data[117]
 rx_bump_data[118]
 rx_bump_data[119]
 rx_bump_data[11]
 rx_bump_data[120]
 rx_bump_data[121]
 rx_bump_data[122]
 rx_bump_data[123]
 rx_bump_data[124]
 rx_bump_data[125]
 rx_bump_data[126]
 rx_bump_data[127]
 rx_bump_data[128]
 rx_bump_data[129]
 rx_bump_data[12]
 rx_bump_data[130]
 rx_bump_data[131]
 rx_bump_data[132]
 rx_bump_data[133]
 rx_bump_data[134]
 rx_bump_data[135]
 rx_bump_data[136]
 rx_bump_data[137]
 rx_bump_data[138]
 rx_bump_data[139]
 rx_bump_data[13]
 rx_bump_data[140]
 rx_bump_data[141]
 rx_bump_data[142]
 rx_bump_data[143]
 rx_bump_data[144]
 rx_bump_data[145]
 rx_bump_data[146]
 rx_bump_data[147]
 rx_bump_data[148]
 rx_bump_data[149]
 rx_bump_data[14]
 rx_bump_data[150]
 rx_bump_data[151]
 rx_bump_data[152]
 rx_bump_data[153]
 rx_bump_data[154]
 rx_bump_data[155]
 rx_bump_data[156]
 rx_bump_data[157]
 rx_bump_data[158]
 rx_bump_data[159]
 rx_bump_data[15]
 rx_bump_data[160]
 rx_bump_data[161]
 rx_bump_data[162]
 rx_bump_data[163]
 rx_bump_data[164]
 rx_bump_data[165]
 rx_bump_data[166]
 rx_bump_data[167]
 rx_bump_data[168]
 rx_bump_data[169]
 rx_bump_data[16]
 rx_bump_data[170]
 rx_bump_data[171]
 rx_bump_data[172]
 rx_bump_data[173]
 rx_bump_data[174]
 rx_bump_data[175]
 rx_bump_data[176]
 rx_bump_data[177]
 rx_bump_data[178]
 rx_bump_data[179]
 rx_bump_data[17]
 rx_bump_data[180]
 rx_bump_data[181]
 rx_bump_data[182]
 rx_bump_data[183]
 rx_bump_data[184]
 rx_bump_data[185]
 rx_bump_data[186]
 rx_bump_data[187]
 rx_bump_data[188]
 rx_bump_data[189]
 rx_bump_data[18]
 rx_bump_data[190]
 rx_bump_data[191]
 rx_bump_data[192]
 rx_bump_data[193]
 rx_bump_data[194]
 rx_bump_data[195]
 rx_bump_data[196]
 rx_bump_data[197]
 rx_bump_data[198]
 rx_bump_data[199]
 rx_bump_data[19]
 rx_bump_data[1]
 rx_bump_data[200]
 rx_bump_data[201]
 rx_bump_data[202]
 rx_bump_data[203]
 rx_bump_data[204]
 rx_bump_data[205]
 rx_bump_data[206]
 rx_bump_data[207]
 rx_bump_data[208]
 rx_bump_data[209]
 rx_bump_data[20]
 rx_bump_data[210]
 rx_bump_data[211]
 rx_bump_data[212]
 rx_bump_data[213]
 rx_bump_data[214]
 rx_bump_data[215]
 rx_bump_data[216]
 rx_bump_data[217]
 rx_bump_data[218]
 rx_bump_data[219]
 rx_bump_data[21]
 rx_bump_data[220]
 rx_bump_data[221]
 rx_bump_data[222]
 rx_bump_data[223]
 rx_bump_data[224]
 rx_bump_data[225]
 rx_bump_data[226]
 rx_bump_data[227]
 rx_bump_data[228]
 rx_bump_data[229]
 rx_bump_data[22]
 rx_bump_data[230]
 rx_bump_data[231]
 rx_bump_data[232]
 rx_bump_data[233]
 rx_bump_data[234]
 rx_bump_data[235]
 rx_bump_data[236]
 rx_bump_data[237]
 rx_bump_data[238]
 rx_bump_data[239]
 rx_bump_data[23]
 rx_bump_data[240]
 rx_bump_data[241]
 rx_bump_data[242]
 rx_bump_data[243]
 rx_bump_data[244]
 rx_bump_data[245]
 rx_bump_data[246]
 rx_bump_data[247]
 rx_bump_data[248]
 rx_bump_data[249]
 rx_bump_data[24]
 rx_bump_data[250]
 rx_bump_data[251]
 rx_bump_data[252]
 rx_bump_data[253]
 rx_bump_data[254]
 rx_bump_data[255]
 rx_bump_data[256]
 rx_bump_data[257]
 rx_bump_data[258]
 rx_bump_data[259]
 rx_bump_data[25]
 rx_bump_data[260]
 rx_bump_data[261]
 rx_bump_data[262]
 rx_bump_data[263]
 rx_bump_data[264]
 rx_bump_data[265]
 rx_bump_data[266]
 rx_bump_data[267]
 rx_bump_data[268]
 rx_bump_data[269]
 rx_bump_data[26]
 rx_bump_data[270]
 rx_bump_data[271]
 rx_bump_data[272]
 rx_bump_data[273]
 rx_bump_data[274]
 rx_bump_data[275]
 rx_bump_data[276]
 rx_bump_data[277]
 rx_bump_data[278]
 rx_bump_data[279]
 rx_bump_data[27]
 rx_bump_data[280]
 rx_bump_data[281]
 rx_bump_data[282]
 rx_bump_data[283]
 rx_bump_data[284]
 rx_bump_data[285]
 rx_bump_data[286]
 rx_bump_data[287]
 rx_bump_data[288]
 rx_bump_data[289]
 rx_bump_data[28]
 rx_bump_data[290]
 rx_bump_data[291]
 rx_bump_data[292]
 rx_bump_data[293]
 rx_bump_data[294]
 rx_bump_data[295]
 rx_bump_data[296]
 rx_bump_data[297]
 rx_bump_data[298]
 rx_bump_data[299]
 rx_bump_data[29]
 rx_bump_data[2]
 rx_bump_data[300]
 rx_bump_data[301]
 rx_bump_data[302]
 rx_bump_data[303]
 rx_bump_data[304]
 rx_bump_data[305]
 rx_bump_data[306]
 rx_bump_data[307]
 rx_bump_data[308]
 rx_bump_data[309]
 rx_bump_data[30]
 rx_bump_data[310]
 rx_bump_data[311]
 rx_bump_data[312]
 rx_bump_data[313]
 rx_bump_data[314]
 rx_bump_data[315]
 rx_bump_data[316]
 rx_bump_data[317]
 rx_bump_data[318]
 rx_bump_data[319]
 rx_bump_data[31]
 rx_bump_data[320]
 rx_bump_data[321]
 rx_bump_data[322]
 rx_bump_data[323]
 rx_bump_data[324]
 rx_bump_data[325]
 rx_bump_data[326]
 rx_bump_data[327]
 rx_bump_data[328]
 rx_bump_data[329]
 rx_bump_data[32]
 rx_bump_data[330]
 rx_bump_data[331]
 rx_bump_data[332]
 rx_bump_data[333]
 rx_bump_data[334]
 rx_bump_data[335]
 rx_bump_data[336]
 rx_bump_data[337]
 rx_bump_data[338]
 rx_bump_data[339]
 rx_bump_data[33]
 rx_bump_data[340]
 rx_bump_data[341]
 rx_bump_data[342]
 rx_bump_data[343]
 rx_bump_data[344]
 rx_bump_data[345]
 rx_bump_data[346]
 rx_bump_data[347]
 rx_bump_data[348]
 rx_bump_data[349]
 rx_bump_data[34]
 rx_bump_data[350]
 rx_bump_data[351]
 rx_bump_data[352]
 rx_bump_data[353]
 rx_bump_data[354]
 rx_bump_data[355]
 rx_bump_data[356]
 rx_bump_data[357]
 rx_bump_data[358]
 rx_bump_data[359]
 rx_bump_data[35]
 rx_bump_data[360]
 rx_bump_data[361]
 rx_bump_data[362]
 rx_bump_data[363]
 rx_bump_data[364]
 rx_bump_data[365]
 rx_bump_data[366]
 rx_bump_data[367]
 rx_bump_data[368]
 rx_bump_data[369]
 rx_bump_data[36]
 rx_bump_data[370]
 rx_bump_data[371]
 rx_bump_data[372]
 rx_bump_data[373]
 rx_bump_data[374]
 rx_bump_data[375]
 rx_bump_data[376]
 rx_bump_data[377]
 rx_bump_data[378]
 rx_bump_data[379]
 rx_bump_data[37]
 rx_bump_data[380]
 rx_bump_data[381]
 rx_bump_data[382]
 rx_bump_data[383]
 rx_bump_data[384]
 rx_bump_data[385]
 rx_bump_data[386]
 rx_bump_data[387]
 rx_bump_data[388]
 rx_bump_data[389]
 rx_bump_data[38]
 rx_bump_data[390]
 rx_bump_data[391]
 rx_bump_data[392]
 rx_bump_data[393]
 rx_bump_data[394]
 rx_bump_data[395]
 rx_bump_data[396]
 rx_bump_data[397]
 rx_bump_data[398]
 rx_bump_data[399]
 rx_bump_data[39]
 rx_bump_data[3]
 rx_bump_data[400]
 rx_bump_data[401]
 rx_bump_data[402]
 rx_bump_data[403]
 rx_bump_data[404]
 rx_bump_data[405]
 rx_bump_data[406]
 rx_bump_data[407]
 rx_bump_data[408]
 rx_bump_data[409]
 rx_bump_data[40]
 rx_bump_data[410]
 rx_bump_data[411]
 rx_bump_data[412]
 rx_bump_data[413]
 rx_bump_data[414]
 rx_bump_data[415]
 rx_bump_data[416]
 rx_bump_data[417]
 rx_bump_data[418]
 rx_bump_data[419]
 rx_bump_data[41]
 rx_bump_data[420]
 rx_bump_data[421]
 rx_bump_data[422]
 rx_bump_data[423]
 rx_bump_data[424]
 rx_bump_data[425]
 rx_bump_data[426]
 rx_bump_data[427]
 rx_bump_data[428]
 rx_bump_data[429]
 rx_bump_data[42]
 rx_bump_data[430]
 rx_bump_data[431]
 rx_bump_data[432]
 rx_bump_data[433]
 rx_bump_data[434]
 rx_bump_data[435]
 rx_bump_data[436]
 rx_bump_data[437]
 rx_bump_data[438]
 rx_bump_data[439]
 rx_bump_data[43]
 rx_bump_data[440]
 rx_bump_data[441]
 rx_bump_data[442]
 rx_bump_data[443]
 rx_bump_data[444]
 rx_bump_data[445]
 rx_bump_data[446]
 rx_bump_data[447]
 rx_bump_data[448]
 rx_bump_data[449]
 rx_bump_data[44]
 rx_bump_data[450]
 rx_bump_data[451]
 rx_bump_data[452]
 rx_bump_data[453]
 rx_bump_data[454]
 rx_bump_data[455]
 rx_bump_data[456]
 rx_bump_data[457]
 rx_bump_data[458]
 rx_bump_data[459]
 rx_bump_data[45]
 rx_bump_data[460]
 rx_bump_data[461]
 rx_bump_data[462]
 rx_bump_data[463]
 rx_bump_data[464]
 rx_bump_data[465]
 rx_bump_data[466]
 rx_bump_data[467]
 rx_bump_data[468]
 rx_bump_data[469]
 rx_bump_data[46]
 rx_bump_data[470]
 rx_bump_data[471]
 rx_bump_data[472]
 rx_bump_data[473]
 rx_bump_data[474]
 rx_bump_data[475]
 rx_bump_data[476]
 rx_bump_data[477]
 rx_bump_data[478]
 rx_bump_data[479]
 rx_bump_data[47]
 rx_bump_data[480]
 rx_bump_data[481]
 rx_bump_data[482]
 rx_bump_data[483]
 rx_bump_data[484]
 rx_bump_data[485]
 rx_bump_data[486]
 rx_bump_data[487]
 rx_bump_data[488]
 rx_bump_data[489]
 rx_bump_data[48]
 rx_bump_data[490]
 rx_bump_data[491]
 rx_bump_data[492]
 rx_bump_data[493]
 rx_bump_data[494]
 rx_bump_data[495]
 rx_bump_data[496]
 rx_bump_data[497]
 rx_bump_data[498]
 rx_bump_data[499]
 rx_bump_data[49]
 rx_bump_data[4]
 rx_bump_data[500]
 rx_bump_data[501]
 rx_bump_data[502]
 rx_bump_data[503]
 rx_bump_data[504]
 rx_bump_data[505]
 rx_bump_data[506]
 rx_bump_data[507]
 rx_bump_data[508]
 rx_bump_data[509]
 rx_bump_data[50]
 rx_bump_data[510]
 rx_bump_data[511]
 rx_bump_data[51]
 rx_bump_data[52]
 rx_bump_data[53]
 rx_bump_data[54]
 rx_bump_data[55]
 rx_bump_data[56]
 rx_bump_data[57]
 rx_bump_data[58]
 rx_bump_data[59]
 rx_bump_data[5]
 rx_bump_data[60]
 rx_bump_data[61]
 rx_bump_data[62]
 rx_bump_data[63]
 rx_bump_data[64]
 rx_bump_data[65]
 rx_bump_data[66]
 rx_bump_data[67]
 rx_bump_data[68]
 rx_bump_data[69]
 rx_bump_data[6]
 rx_bump_data[70]
 rx_bump_data[71]
 rx_bump_data[72]
 rx_bump_data[73]
 rx_bump_data[74]
 rx_bump_data[75]
 rx_bump_data[76]
 rx_bump_data[77]
 rx_bump_data[78]
 rx_bump_data[79]
 rx_bump_data[7]
 rx_bump_data[80]
 rx_bump_data[81]
 rx_bump_data[82]
 rx_bump_data[83]
 rx_bump_data[84]
 rx_bump_data[85]
 rx_bump_data[86]
 rx_bump_data[87]
 rx_bump_data[88]
 rx_bump_data[89]
 rx_bump_data[8]
 rx_bump_data[90]
 rx_bump_data[91]
 rx_bump_data[92]
 rx_bump_data[93]
 rx_bump_data[94]
 rx_bump_data[95]
 rx_bump_data[96]
 rx_bump_data[97]
 rx_bump_data[98]
 rx_bump_data[99]
 rx_bump_data[9]
 rx_bump_valid
 sram_rd_valid
 sram_rdata[0]
 sram_rdata[100]
 sram_rdata[101]
 sram_rdata[102]
 sram_rdata[103]
 sram_rdata[104]
 sram_rdata[105]
 sram_rdata[106]
 sram_rdata[107]
 sram_rdata[108]
 sram_rdata[109]
 sram_rdata[10]
 sram_rdata[110]
 sram_rdata[111]
 sram_rdata[112]
 sram_rdata[113]
 sram_rdata[114]
 sram_rdata[115]
 sram_rdata[116]
 sram_rdata[117]
 sram_rdata[118]
 sram_rdata[119]
 sram_rdata[11]
 sram_rdata[120]
 sram_rdata[121]
 sram_rdata[122]
 sram_rdata[123]
 sram_rdata[124]
 sram_rdata[125]
 sram_rdata[126]
 sram_rdata[127]
 sram_rdata[128]
 sram_rdata[129]
 sram_rdata[12]
 sram_rdata[130]
 sram_rdata[131]
 sram_rdata[132]
 sram_rdata[133]
 sram_rdata[134]
 sram_rdata[135]
 sram_rdata[136]
 sram_rdata[137]
 sram_rdata[138]
 sram_rdata[139]
 sram_rdata[13]
 sram_rdata[140]
 sram_rdata[141]
 sram_rdata[142]
 sram_rdata[143]
 sram_rdata[144]
 sram_rdata[145]
 sram_rdata[146]
 sram_rdata[147]
 sram_rdata[148]
 sram_rdata[149]
 sram_rdata[14]
 sram_rdata[150]
 sram_rdata[151]
 sram_rdata[152]
 sram_rdata[153]
 sram_rdata[154]
 sram_rdata[155]
 sram_rdata[156]
 sram_rdata[157]
 sram_rdata[158]
 sram_rdata[159]
 sram_rdata[15]
 sram_rdata[160]
 sram_rdata[161]
 sram_rdata[162]
 sram_rdata[163]
 sram_rdata[164]
 sram_rdata[165]
 sram_rdata[166]
 sram_rdata[167]
 sram_rdata[168]
 sram_rdata[169]
 sram_rdata[16]
 sram_rdata[170]
 sram_rdata[171]
 sram_rdata[172]
 sram_rdata[173]
 sram_rdata[174]
 sram_rdata[175]
 sram_rdata[176]
 sram_rdata[177]
 sram_rdata[178]
 sram_rdata[179]
 sram_rdata[17]
 sram_rdata[180]
 sram_rdata[181]
 sram_rdata[182]
 sram_rdata[183]
 sram_rdata[184]
 sram_rdata[185]
 sram_rdata[186]
 sram_rdata[187]
 sram_rdata[188]
 sram_rdata[189]
 sram_rdata[18]
 sram_rdata[190]
 sram_rdata[191]
 sram_rdata[192]
 sram_rdata[193]
 sram_rdata[194]
 sram_rdata[195]
 sram_rdata[196]
 sram_rdata[197]
 sram_rdata[198]
 sram_rdata[199]
 sram_rdata[19]
 sram_rdata[1]
 sram_rdata[200]
 sram_rdata[201]
 sram_rdata[202]
 sram_rdata[203]
 sram_rdata[204]
 sram_rdata[205]
 sram_rdata[206]
 sram_rdata[207]
 sram_rdata[208]
 sram_rdata[209]
 sram_rdata[20]
 sram_rdata[210]
 sram_rdata[211]
 sram_rdata[212]
 sram_rdata[213]
 sram_rdata[214]
 sram_rdata[215]
 sram_rdata[216]
 sram_rdata[217]
 sram_rdata[218]
 sram_rdata[219]
 sram_rdata[21]
 sram_rdata[220]
 sram_rdata[221]
 sram_rdata[222]
 sram_rdata[223]
 sram_rdata[224]
 sram_rdata[225]
 sram_rdata[226]
 sram_rdata[227]
 sram_rdata[228]
 sram_rdata[229]
 sram_rdata[22]
 sram_rdata[230]
 sram_rdata[231]
 sram_rdata[232]
 sram_rdata[233]
 sram_rdata[234]
 sram_rdata[235]
 sram_rdata[236]
 sram_rdata[237]
 sram_rdata[238]
 sram_rdata[239]
 sram_rdata[23]
 sram_rdata[240]
 sram_rdata[241]
 sram_rdata[242]
 sram_rdata[243]
 sram_rdata[244]
 sram_rdata[245]
 sram_rdata[246]
 sram_rdata[247]
 sram_rdata[248]
 sram_rdata[249]
 sram_rdata[24]
 sram_rdata[250]
 sram_rdata[251]
 sram_rdata[252]
 sram_rdata[253]
 sram_rdata[254]
 sram_rdata[255]
 sram_rdata[256]
 sram_rdata[257]
 sram_rdata[258]
 sram_rdata[259]
 sram_rdata[25]
 sram_rdata[260]
 sram_rdata[261]
 sram_rdata[262]
 sram_rdata[263]
 sram_rdata[264]
 sram_rdata[265]
 sram_rdata[266]
 sram_rdata[267]
 sram_rdata[268]
 sram_rdata[269]
 sram_rdata[26]
 sram_rdata[270]
 sram_rdata[271]
 sram_rdata[272]
 sram_rdata[273]
 sram_rdata[274]
 sram_rdata[275]
 sram_rdata[276]
 sram_rdata[277]
 sram_rdata[278]
 sram_rdata[279]
 sram_rdata[27]
 sram_rdata[280]
 sram_rdata[281]
 sram_rdata[282]
 sram_rdata[283]
 sram_rdata[284]
 sram_rdata[285]
 sram_rdata[286]
 sram_rdata[287]
 sram_rdata[288]
 sram_rdata[289]
 sram_rdata[28]
 sram_rdata[290]
 sram_rdata[291]
 sram_rdata[292]
 sram_rdata[293]
 sram_rdata[294]
 sram_rdata[295]
 sram_rdata[296]
 sram_rdata[297]
 sram_rdata[298]
 sram_rdata[299]
 sram_rdata[29]
 sram_rdata[2]
 sram_rdata[300]
 sram_rdata[301]
 sram_rdata[302]
 sram_rdata[303]
 sram_rdata[304]
 sram_rdata[305]
 sram_rdata[306]
 sram_rdata[307]
 sram_rdata[308]
 sram_rdata[309]
 sram_rdata[30]
 sram_rdata[310]
 sram_rdata[311]
 sram_rdata[312]
 sram_rdata[313]
 sram_rdata[314]
 sram_rdata[315]
 sram_rdata[316]
 sram_rdata[317]
 sram_rdata[318]
 sram_rdata[319]
 sram_rdata[31]
 sram_rdata[320]
 sram_rdata[321]
 sram_rdata[322]
 sram_rdata[323]
 sram_rdata[324]
 sram_rdata[325]
 sram_rdata[326]
 sram_rdata[327]
 sram_rdata[328]
 sram_rdata[329]
 sram_rdata[32]
 sram_rdata[330]
 sram_rdata[331]
 sram_rdata[332]
 sram_rdata[333]
 sram_rdata[334]
 sram_rdata[335]
 sram_rdata[336]
 sram_rdata[337]
 sram_rdata[338]
 sram_rdata[339]
 sram_rdata[33]
 sram_rdata[340]
 sram_rdata[341]
 sram_rdata[342]
 sram_rdata[343]
 sram_rdata[344]
 sram_rdata[345]
 sram_rdata[346]
 sram_rdata[347]
 sram_rdata[348]
 sram_rdata[349]
 sram_rdata[34]
 sram_rdata[350]
 sram_rdata[351]
 sram_rdata[352]
 sram_rdata[353]
 sram_rdata[354]
 sram_rdata[355]
 sram_rdata[356]
 sram_rdata[357]
 sram_rdata[358]
 sram_rdata[359]
 sram_rdata[35]
 sram_rdata[360]
 sram_rdata[361]
 sram_rdata[362]
 sram_rdata[363]
 sram_rdata[364]
 sram_rdata[365]
 sram_rdata[366]
 sram_rdata[367]
 sram_rdata[368]
 sram_rdata[369]
 sram_rdata[36]
 sram_rdata[370]
 sram_rdata[371]
 sram_rdata[372]
 sram_rdata[373]
 sram_rdata[374]
 sram_rdata[375]
 sram_rdata[376]
 sram_rdata[377]
 sram_rdata[378]
 sram_rdata[379]
 sram_rdata[37]
 sram_rdata[380]
 sram_rdata[381]
 sram_rdata[382]
 sram_rdata[383]
 sram_rdata[384]
 sram_rdata[385]
 sram_rdata[386]
 sram_rdata[387]
 sram_rdata[388]
 sram_rdata[389]
 sram_rdata[38]
 sram_rdata[390]
 sram_rdata[391]
 sram_rdata[392]
 sram_rdata[393]
 sram_rdata[394]
 sram_rdata[395]
 sram_rdata[396]
 sram_rdata[397]
 sram_rdata[398]
 sram_rdata[399]
 sram_rdata[39]
 sram_rdata[3]
 sram_rdata[400]
 sram_rdata[401]
 sram_rdata[402]
 sram_rdata[403]
 sram_rdata[404]
 sram_rdata[405]
 sram_rdata[406]
 sram_rdata[407]
 sram_rdata[408]
 sram_rdata[409]
 sram_rdata[40]
 sram_rdata[410]
 sram_rdata[411]
 sram_rdata[412]
 sram_rdata[413]
 sram_rdata[414]
 sram_rdata[415]
 sram_rdata[416]
 sram_rdata[417]
 sram_rdata[418]
 sram_rdata[419]
 sram_rdata[41]
 sram_rdata[420]
 sram_rdata[421]
 sram_rdata[422]
 sram_rdata[423]
 sram_rdata[424]
 sram_rdata[425]
 sram_rdata[426]
 sram_rdata[427]
 sram_rdata[428]
 sram_rdata[429]
 sram_rdata[42]
 sram_rdata[430]
 sram_rdata[431]
 sram_rdata[432]
 sram_rdata[433]
 sram_rdata[434]
 sram_rdata[435]
 sram_rdata[436]
 sram_rdata[437]
 sram_rdata[438]
 sram_rdata[439]
 sram_rdata[43]
 sram_rdata[440]
 sram_rdata[441]
 sram_rdata[442]
 sram_rdata[443]
 sram_rdata[444]
 sram_rdata[445]
 sram_rdata[446]
 sram_rdata[447]
 sram_rdata[448]
 sram_rdata[449]
 sram_rdata[44]
 sram_rdata[450]
 sram_rdata[451]
 sram_rdata[452]
 sram_rdata[453]
 sram_rdata[454]
 sram_rdata[455]
 sram_rdata[456]
 sram_rdata[457]
 sram_rdata[458]
 sram_rdata[459]
 sram_rdata[45]
 sram_rdata[460]
 sram_rdata[461]
 sram_rdata[462]
 sram_rdata[463]
 sram_rdata[464]
 sram_rdata[465]
 sram_rdata[466]
 sram_rdata[467]
 sram_rdata[468]
 sram_rdata[469]
 sram_rdata[46]
 sram_rdata[470]
 sram_rdata[471]
 sram_rdata[472]
 sram_rdata[473]
 sram_rdata[474]
 sram_rdata[475]
 sram_rdata[476]
 sram_rdata[477]
 sram_rdata[478]
 sram_rdata[479]
 sram_rdata[47]
 sram_rdata[480]
 sram_rdata[481]
 sram_rdata[482]
 sram_rdata[483]
 sram_rdata[484]
 sram_rdata[485]
 sram_rdata[486]
 sram_rdata[487]
 sram_rdata[488]
 sram_rdata[489]
 sram_rdata[48]
 sram_rdata[490]
 sram_rdata[491]
 sram_rdata[492]
 sram_rdata[493]
 sram_rdata[494]
 sram_rdata[495]
 sram_rdata[496]
 sram_rdata[497]
 sram_rdata[498]
 sram_rdata[499]
 sram_rdata[49]
 sram_rdata[4]
 sram_rdata[500]
 sram_rdata[501]
 sram_rdata[502]
 sram_rdata[503]
 sram_rdata[504]
 sram_rdata[505]
 sram_rdata[506]
 sram_rdata[507]
 sram_rdata[508]
 sram_rdata[509]
 sram_rdata[50]
 sram_rdata[510]
 sram_rdata[511]
 sram_rdata[51]
 sram_rdata[52]
 sram_rdata[53]
 sram_rdata[54]
 sram_rdata[55]
 sram_rdata[56]
 sram_rdata[57]
 sram_rdata[58]
 sram_rdata[59]
 sram_rdata[5]
 sram_rdata[60]
 sram_rdata[61]
 sram_rdata[62]
 sram_rdata[63]
 sram_rdata[64]
 sram_rdata[65]
 sram_rdata[66]
 sram_rdata[67]
 sram_rdata[68]
 sram_rdata[69]
 sram_rdata[6]
 sram_rdata[70]
 sram_rdata[71]
 sram_rdata[72]
 sram_rdata[73]
 sram_rdata[74]
 sram_rdata[75]
 sram_rdata[76]
 sram_rdata[77]
 sram_rdata[78]
 sram_rdata[79]
 sram_rdata[7]
 sram_rdata[80]
 sram_rdata[81]
 sram_rdata[82]
 sram_rdata[83]
 sram_rdata[84]
 sram_rdata[85]
 sram_rdata[86]
 sram_rdata[87]
 sram_rdata[88]
 sram_rdata[89]
 sram_rdata[8]
 sram_rdata[90]
 sram_rdata[91]
 sram_rdata[92]
 sram_rdata[93]
 sram_rdata[94]
 sram_rdata[95]
 sram_rdata[96]
 sram_rdata[97]
 sram_rdata[98]
 sram_rdata[99]
 sram_rdata[9]
 txk_bump_credit
 txout_bump_credit
 txq_bump_credit
 txv_bump_credit
 _0069__2121/LO
 _0070__4/HI
 _0071__5/HI
 _0072__6/HI
 _0073__7/HI
 _0074__8/HI
 _0075__9/HI
 _0076__10/HI
 _0077__11/HI
 _0078__12/HI
 _0079__13/HI
 _0080__14/HI
 _0081__15/HI
 _0082__16/HI
 _0083__17/HI
 _0084__18/HI
 _0085__19/HI
 _0086__20/HI
 _0087__21/HI
 _0088__22/HI
 _0089__23/HI
 _0090__24/HI
 _0091__25/HI
 _0092__26/HI
 _0093__27/HI
 _0094__28/HI
 _0095__29/HI
 _0096__30/HI
 _0097__31/HI
 _0098__32/HI
 _0099__33/HI
 _0100__34/HI
 _0101__35/HI
 _0102__36/HI
 _0103__37/HI
 _0104__38/HI
 _0105__39/HI
 _0106__40/HI
 _0107__41/HI
 _0108__42/HI
 _0109__43/HI
 _0110__44/HI
 _0111__45/HI
 _0112__46/HI
 _0113__47/HI
 _0114__48/HI
 _0115__49/HI
 _0116__50/HI
 _0117__51/HI
 _0118__52/HI
 _0119__53/HI
 _0120__54/HI
 _0121__55/HI
 _0122__56/HI
 _0123__57/HI
 _0124__58/HI
 _0125__59/HI
 _0126__60/HI
 _0127__61/HI
 _0128__62/HI
 _0129__63/HI
 _0130__64/HI
 _0131__65/HI
 _0132__66/HI
 _0133__67/HI
 _0134__68/HI
 _0135__69/HI
 _0136__70/HI
 _0137__71/HI
 _0138__72/HI
 _0139__73/HI
 _0140__74/HI
 _0141__75/HI
 _0142__76/HI
 _0143__77/HI
 _0144__78/HI
 _0145__79/HI
 _0146__80/HI
 _0147__81/HI
 _0148__82/HI
 _0149__83/HI
 _0150__84/HI
 _0151__85/HI
 _0152__86/HI
 _0153__87/HI
 _0154__88/HI
 _0155__89/HI
 _0156__90/HI
 _0157__91/HI
 _0158__92/HI
 _0159__93/HI
 _0160__94/HI
 _0161__95/HI
 _0162__96/HI
 _0163__97/HI
 _0164__98/HI
 _0165__99/HI
 _0166__100/HI
 _0167__101/HI
 _0168__102/HI
 _0169__103/HI
 _0170__104/HI
 _0171__105/HI
 _0172__106/HI
 _0173__107/HI
 _0174__108/HI
 _0175__109/HI
 _0176__110/HI
 _0177__111/HI
 _0178__112/HI
 _0179__113/HI
 _0180__114/HI
 _0181__115/HI
 _0182__116/HI
 _0183__117/HI
 _0184__118/HI
 _0185__119/HI
 _0186__120/HI
 _0187__121/HI
 _0188__122/HI
 _0189__123/HI
 _0190__124/HI
 _0191__125/HI
 _0192__126/HI
 _0193__127/HI
 _0194__128/HI
 _0195__129/HI
 _0196__130/HI
 _0197__131/HI
 _0198__132/HI
 _0199__133/HI
 _0200__134/HI
 _0201__135/HI
 _0202__136/HI
 _0203__137/HI
 _0204__138/HI
 _0205__139/HI
 _0206__140/HI
 _0207__141/HI
 _0208__142/HI
 _0209__143/HI
 _0210__144/HI
 _0211__145/HI
 _0212__146/HI
 _0213__147/HI
 _0214__148/HI
 _0215__149/HI
 _0216__150/HI
 _0217__151/HI
 _0218__152/HI
 _0219__153/HI
 _0220__154/HI
 _0221__155/HI
 _0222__156/HI
 _0223__157/HI
 _0224__158/HI
 _0225__159/HI
 _0226__160/HI
 _0227__161/HI
 _0228__162/HI
 _0229__163/HI
 _0230__164/HI
 _0231__165/HI
 _0232__166/HI
 _0233__167/HI
 _0234__168/HI
 _0235__169/HI
 _0236__170/HI
 _0237__171/HI
 _0238__172/HI
 _0239__173/HI
 _0240__174/HI
 _0241__175/HI
 _0242__176/HI
 _0243__177/HI
 _0244__178/HI
 _0245__179/HI
 _0246__180/HI
 _0247__181/HI
 _0248__182/HI
 _0249__183/HI
 _0250__184/HI
 _0251__185/HI
 _0252__186/HI
 _0253__187/HI
 _0254__188/HI
 _0255__189/HI
 _0256__190/HI
 _0257__191/HI
 _0258__192/HI
 _0259__193/HI
 _0260__194/HI
 _0261__195/HI
 _0262__196/HI
 _0263__197/HI
 _0264__198/HI
 _0265__199/HI
 _0266__200/HI
 _0267__201/HI
 _0268__202/HI
 _0269__203/HI
 _0270__204/HI
 _0271__205/HI
 _0272__206/HI
 _0273__207/HI
 _0274__208/HI
 _0275__209/HI
 _0276__210/HI
 _0277__211/HI
 _0278__212/HI
 _0279__213/HI
 _0280__214/HI
 _0281__215/HI
 _0282__216/HI
 _0283__217/HI
 _0284__218/HI
 _0285__219/HI
 _0286__220/HI
 _0287__221/HI
 _0288__222/HI
 _0289__223/HI
 _0290__224/HI
 _0291__225/HI
 _0292__226/HI
 _0293__227/HI
 _0294__228/HI
 _0295__229/HI
 _0296__230/HI
 _0297__231/HI
 _0298__232/HI
 _0299__233/HI
 _0300__234/HI
 _0301__235/HI
 _0302__236/HI
 _0303__237/HI
 _0304__238/HI
 _0305__239/HI
 _0306__240/HI
 _0307__241/HI
 _0308__242/HI
 _0309__243/HI
 _0310__244/HI
 _0311__245/HI
 _0312__246/HI
 _0313__247/HI
 _0314__248/HI
 _0315__249/HI
 _0316__250/HI
 _0317__251/HI
 _0318__252/HI
 _0319__253/HI
 _0320__254/HI
 _0321__255/HI
 _0322__256/HI
 _0323__257/HI
 _0324__258/HI
 _0325__259/HI
 _0326__260/HI
 _0327__261/HI
 _0328__262/HI
 _0329__263/HI
 _0330__264/HI
 _0331__265/HI
 _0332__266/HI
 _0333__267/HI
 _0334__268/HI
 _0335__269/HI
 _0336__270/HI
 _0337__271/HI
 _0338__272/HI
 _0339__273/HI
 _0340__274/HI
 _0341__275/HI
 _0342__276/HI
 _0343__277/HI
 _0344__278/HI
 _0345__279/HI
 _0346__280/HI
 _0347__281/HI
 _0348__282/HI
 _0349__283/HI
 _0350__284/HI
 _0351__285/HI
 _0352__286/HI
 _0353__287/HI
 _0354__288/HI
 _0355__289/HI
 _0356__290/HI
 _0357__291/HI
 _0358__292/HI
 _0359__293/HI
 _0360__294/HI
 _0361__295/HI
 _0362__296/HI
 _0363__297/HI
 _0364__298/HI
 _0365__299/HI
 _0366__300/HI
 _0367__301/HI
 _0368__302/HI
 _0369__303/HI
 _0370__304/HI
 _0371__305/HI
 _0372__306/HI
 _0373__307/HI
 _0374__308/HI
 _0375__309/HI
 _0376__310/HI
 _0377__311/HI
 _0378__312/HI
 _0379__313/HI
 _0380__314/HI
 _0381__315/HI
 _0382__316/HI
 _0383__317/HI
 _0384__318/HI
 _0385__319/HI
 _0386__320/HI
 _0387__321/HI
 _0388__322/HI
 _0389__323/HI
 _0390__324/HI
 _0391__325/HI
 _0392__326/HI
 _0393__327/HI
 _0394__328/HI
 _0395__329/HI
 _0396__330/HI
 _0397__331/HI
 _0398__332/HI
 _0399__333/HI
 _0400__334/HI
 _0401__335/HI
 _0402__336/HI
 _0403__337/HI
 _0404__338/HI
 _0405__339/HI
 _0406__340/HI
 _0407__341/HI
 _0408__342/HI
 _0409__343/HI
 _0410__344/HI
 _0411__345/HI
 _0412__346/HI
 _0413__347/HI
 _0414__348/HI
 _0415__349/HI
 _0416__350/HI
 _0417__351/HI
 _0418__352/HI
 _0419__353/HI
 _0420__354/HI
 _0421__355/HI
 _0422__356/HI
 _0423__357/HI
 _0424__358/HI
 _0425__359/HI
 _0426__360/HI
 _0427__361/HI
 _0428__362/HI
 _0429__363/HI
 _0430__364/HI
 _0431__365/HI
 _0432__366/HI
 _0433__367/HI
 _0434__368/HI
 _0435__369/HI
 _0436__370/HI
 _0437__371/HI
 _0438__372/HI
 _0439__373/HI
 _0440__374/HI
 _0441__375/HI
 _0442__376/HI
 _0443__377/HI
 _0444__378/HI
 _0445__379/HI
 _0446__380/HI
 _0447__381/HI
 _0448__382/HI
 _0449__383/HI
 _0450__384/HI
 _0451__385/HI
 _0452__386/HI
 _0453__387/HI
 _0454__388/HI
 _0455__389/HI
 _0456__390/HI
 _0457__391/HI
 _0458__392/HI
 _0459__393/HI
 _0460__394/HI
 _0461__395/HI
 _0462__396/HI
 _0463__397/HI
 _0464__398/HI
 _0465__399/HI
 _0466__400/HI
 _0467__401/HI
 _0468__402/HI
 _0469__403/HI
 _0470__404/HI
 _0471__405/HI
 _0472__406/HI
 _0473__407/HI
 _0474__408/HI
 _0475__409/HI
 _0476__410/HI
 _0477__411/HI
 _0478__412/HI
 _0479__413/HI
 _0480__414/HI
 _0481__415/HI
 _0482__416/HI
 _0483__417/HI
 _0484__418/HI
 _0485__419/HI
 _0486__420/HI
 _0487__421/HI
 _0488__422/HI
 _0489__423/HI
 _0490__424/HI
 _0491__425/HI
 _0492__426/HI
 _0493__427/HI
 _0494__428/HI
 _0495__429/HI
 _0496__430/HI
 _0497__431/HI
 _0498__432/HI
 _0499__433/HI
 _0500__434/HI
 _0501__435/HI
 _0502__436/HI
 _0503__437/HI
 _0504__438/HI
 _0505__439/HI
 _0506__440/HI
 _0507__441/HI
 _0508__442/HI
 _0509__443/HI
 _0510__444/HI
 _0511__445/HI
 _0512__446/HI
 _0513__447/HI
 _0514__448/HI
 _0515__449/HI
 _0516__450/HI
 _0517__451/HI
 _0518__452/HI
 _0519__453/HI
 _0520__454/HI
 _0521__455/HI
 _0522__456/HI
 _0523__457/HI
 _0524__458/HI
 _0525__459/HI
 _0526__460/HI
 _0527__461/HI
 _0528__462/HI
 _0529__463/HI
 _0530__464/HI
 _0531__465/HI
 _0532__466/HI
 _0533__467/HI
 _0534__468/HI
 _0535__469/HI
 _0536__470/HI
 _0537__471/HI
 _0538__472/HI
 _0539__473/HI
 _0540__474/HI
 _0541__475/HI
 _0542__476/HI
 _0543__477/HI
 _0544__478/HI
 _0545__479/HI
 _0546__480/HI
 _0547__481/HI
 _0548__482/HI
 _0549__483/HI
 _0550__484/HI
 _0551__485/HI
 _0552__486/HI
 _0553__487/HI
 _0554__488/HI
 _0555__489/HI
 _0556__490/HI
 _0557__491/HI
 _0558__492/HI
 _0559__493/HI
 _0560__494/HI
 _0561__495/HI
 _0562__496/HI
 _0563__497/HI
 _0564__498/HI
 _0565__499/HI
 _0566__500/HI
 _0567__501/HI
 _0568__502/HI
 _0569__503/HI
 _0570__504/HI
 _0571__505/HI
 _0572__506/HI
 _0573__507/HI
 _0574__508/HI
 _0575__509/HI
 _0576__510/HI
 _0577__511/HI
 _0578__512/HI
 _0579__513/HI
 _0580__514/HI
 _0581__515/HI
 _0582__516/HI
 _0583__517/HI
 _0584__518/HI
 _0585__519/HI
 _0586__520/HI
 _0587__521/HI
 _0588__522/HI
 _0589__523/HI
 _0590__524/HI
 _0591__525/HI
 _0592__526/HI
 _0593__527/HI
 _0594__528/HI
 _0595__529/HI
 _0596__530/HI
 _0597__531/HI
 _0598__532/HI
 _0599__533/HI
 _0600__534/HI
 _0601__535/HI
 _0602__536/HI
 _0603__537/HI
 _0604__538/HI
 _0605__539/HI
 _0606__540/HI
 _0607__541/HI
 _0608__542/HI
 _0609__543/HI
 _0610__544/HI
 _0611__545/HI
 _0612__546/HI
 _0613__547/HI
 _0614__548/HI
 _0615__549/HI
 _0616__550/HI
 _0617__551/HI
 _0618__552/HI
 _0619__553/HI
 _0620__554/HI
 _0621__555/HI
 _0622__556/HI
 _0623__557/HI
 _0624__558/HI
 _0625__559/HI
 _0626__560/HI
 _0627__561/HI
 _0628__562/HI
 _0629__563/HI
 _0630__564/HI
 _0631__565/HI
 _0632__566/HI
 _0633__567/HI
 _0634__568/HI
 _0635__569/HI
 _0636__570/HI
 _0637__571/HI
 _0638__572/HI
 _0639__573/HI
 _0640__574/HI
 _0641__575/HI
 _0642__576/HI
 _0643__577/HI
 _0644__578/HI
 _0645__579/HI
 _0646__580/HI
 _0647__581/HI
 _0648__582/HI
 _0649__583/HI
 _0650__584/HI
 _0651__585/HI
 _0652__586/HI
 _0653__587/HI
 _0654__588/HI
 _0655__589/HI
 _0656__590/HI
 _0657__591/HI
 _0658__592/HI
 _0659__593/HI
 _0660__594/HI
 _0661__595/HI
 _0662__596/HI
 _0663__597/HI
 _0664__598/HI
 _0665__599/HI
 _0666__600/HI
 _0667__601/HI
 _0668__602/HI
 _0669__603/HI
 _0670__604/HI
 _0671__605/HI
 _0672__606/HI
 _0673__607/HI
 _0674__608/HI
 _0675__609/HI
 _0676__610/HI
 _0677__611/HI
 _0678__612/HI
 _0679__613/HI
 _0680__614/HI
 _0681__615/HI
 _0682__616/HI
 _0683__617/HI
 _0684__618/HI
 _0685__619/HI
 _0686__620/HI
 _0687__621/HI
 _0688__622/HI
 _0689__623/HI
 _0690__624/HI
 _0691__625/HI
 _0692__626/HI
 _0693__627/HI
 _0694__628/HI
 _0695__629/HI
 _0696__630/HI
 _0697__631/HI
 _0698__632/HI
 _0699__633/HI
 _0700__634/HI
 _0701__635/HI
 _0702__636/HI
 _0703__637/HI
 _0704__638/HI
 _0705__639/HI
 _0706__640/HI
 _0707__641/HI
 _0708__642/HI
 _0709__643/HI
 _0710__644/HI
 _0711__645/HI
 _0712__646/HI
 _0713__647/HI
 _0714__648/HI
 _0715__649/HI
 _0716__650/HI
 _0717__651/HI
 _0718__652/HI
 _0719__653/HI
 _0720__654/HI
 _0721__655/HI
 _0722__656/HI
 _0723__657/HI
 _0724__658/HI
 _0725__659/HI
 _0726__660/HI
 _0727__661/HI
 _0728__662/HI
 _0729__663/HI
 _0730__664/HI
 _0731__665/HI
 _0732__666/HI
 _0733__667/HI
 _0734__668/HI
 _0735__669/HI
 _0736__670/HI
 _0737__671/HI
 _0738__672/HI
 _0739__673/HI
 _0740__674/HI
 _0741__675/HI
 _0742__676/HI
 _0743__677/HI
 _0744__678/HI
 _0745__679/HI
 _0746__680/HI
 _0747__681/HI
 _0748__682/HI
 _0749__683/HI
 _0750__684/HI
 _0751__685/HI
 _0752__686/HI
 _0753__687/HI
 _0754__688/HI
 _0755__689/HI
 _0756__690/HI
 _0757__691/HI
 _0758__692/HI
 _0759__693/HI
 _0760__694/HI
 _0761__695/HI
 _0762__696/HI
 _0763__697/HI
 _0764__698/HI
 _0765__699/HI
 _0766__700/HI
 _0767__701/HI
 _0768__702/HI
 _0769__703/HI
 _0770__704/HI
 _0771__705/HI
 _0772__706/HI
 _0773__707/HI
 _0774__708/HI
 _0775__709/HI
 _0776__710/HI
 _0777__711/HI
 _0778__712/HI
 _0779__713/HI
 _0780__714/HI
 _0781__715/HI
 _0782__716/HI
 _0783__717/HI
 _0784__718/HI
 _0785__719/HI
 _0786__720/HI
 _0787__721/HI
 _0788__722/HI
 _0789__723/HI
 _0790__724/HI
 _0791__725/HI
 _0792__726/HI
 _0793__727/HI
 _0794__728/HI
 _0795__729/HI
 _0796__730/HI
 _0797__731/HI
 _0798__732/HI
 _0799__733/HI
 _0800__734/HI
 _0801__735/HI
 _0802__736/HI
 _0803__737/HI
 _0804__738/HI
 _0805__739/HI
 _0806__740/HI
 _0807__741/HI
 _0808__742/HI
 _0809__743/HI
 _0810__744/HI
 _0811__745/HI
 _0812__746/HI
 _0813__747/HI
 _0814__748/HI
 _0815__749/HI
 _0816__750/HI
 _0817__751/HI
 _0818__752/HI
 _0819__753/HI
 _0820__754/HI
 _0821__755/HI
 _0822__756/HI
 _0823__757/HI
 _0824__758/HI
 _0825__759/HI
 _0826__760/HI
 _0827__761/HI
 _0828__762/HI
 _0829__763/HI
 _0830__764/HI
 _0831__765/HI
 _0832__766/HI
 _0833__767/HI
 _0834__768/HI
 _0835__769/HI
 _0836__770/HI
 _0837__771/HI
 _0838__772/HI
 _0839__773/HI
 _0840__774/HI
 _0841__775/HI
 _0842__776/HI
 _0843__777/HI
 _0844__778/HI
 _0845__779/HI
 _0846__780/HI
 _0847__781/HI
 _0848__782/HI
 _0849__783/HI
 _0850__784/HI
 _0851__785/HI
 _0852__786/HI
 _0853__787/HI
 _0854__788/HI
 _0855__789/HI
 _0856__790/HI
 _0857__791/HI
 _0858__792/HI
 _0859__793/HI
 _0860__794/HI
 _0861__795/HI
 _0862__796/HI
 _0863__797/HI
 _0864__798/HI
 _0865__799/HI
 _0866__800/HI
 _0867__801/HI
 _0868__802/HI
 _0869__803/HI
 _0870__804/HI
 _0871__805/HI
 _0872__806/HI
 _0873__807/HI
 _0874__808/HI
 _0875__809/HI
 _0876__810/HI
 _0877__811/HI
 _0878__812/HI
 _0879__813/HI
 _0880__814/HI
 _0881__815/HI
 _0882__816/HI
 _0883__817/HI
 _0884__818/HI
 _0885__819/HI
 _0886__820/HI
 _0887__821/HI
 _0888__822/HI
 _0889__823/HI
 _0890__824/HI
 _0891__825/HI
 _0892__826/HI
 _0893__827/HI
 _0894__828/HI
 _0895__829/HI
 _0896__830/HI
 _0897__831/HI
 _0898__832/HI
 _0899__833/HI
 _0900__834/HI
 _0901__835/HI
 _0902__836/HI
 _0903__837/HI
 _0904__838/HI
 _0905__839/HI
 _0906__840/HI
 _0907__841/HI
 _0908__842/HI
 _0909__843/HI
 _0910__844/HI
 _0911__845/HI
 _0912__846/HI
 _0913__847/HI
 _0914__848/HI
 _0915__849/HI
 _0916__850/HI
 _0917__851/HI
 _0918__852/HI
 _0919__853/HI
 _0920__854/HI
 _0921__855/HI
 _0922__856/HI
 _0923__857/HI
 _0924__858/HI
 _0925__859/HI
 _0926__860/HI
 _0927__861/HI
 _0928__862/HI
 _0929__863/HI
 _0930__864/HI
 _0931__865/HI
 _0932__866/HI
 _0933__867/HI
 _0934__868/HI
 _0935__869/HI
 _0936__870/HI
 _0937__871/HI
 _0938__872/HI
 _0939__873/HI
 _0940__874/HI
 _0941__875/HI
 _0942__876/HI
 _0943__877/HI
 _0944__878/HI
 _0945__879/HI
 _0946__880/HI
 _0947__881/HI
 _0948__882/HI
 _0949__883/HI
 _0950__884/HI
 _0951__885/HI
 _0952__886/HI
 _0953__887/HI
 _0954__888/HI
 _0955__889/HI
 _0956__890/HI
 _0957__891/HI
 _0958__892/HI
 _0959__893/HI
 _0960__894/HI
 _0961__895/HI
 _0962__896/HI
 _0963__897/HI
 _0964__898/HI
 _0965__899/HI
 _0966__900/HI
 _0967__901/HI
 _0968__902/HI
 _0969__903/HI
 _0970__904/HI
 _0971__905/HI
 _0972__906/HI
 _0973__907/HI
 _0974__908/HI
 _0975__909/HI
 _0976__910/HI
 _0977__911/HI
 _0978__912/HI
 _0979__913/HI
 _0980__914/HI
 _0981__915/HI
 _0982__916/HI
 _0983__917/HI
 _0984__918/HI
 _0985__919/HI
 _0986__920/HI
 _0987__921/HI
 _0988__922/HI
 _0989__923/HI
 _0990__924/HI
 _0991__925/HI
 _0992__926/HI
 _0993__927/HI
 _0994__928/HI
 _0995__929/HI
 _0996__930/HI
 _0997__931/HI
 _0998__932/HI
 _0999__933/HI
 _1000__934/HI
 _1001__935/HI
 _1002__936/HI
 _1003__937/HI
 _1004__938/HI
 _1005__939/HI
 _1006__940/HI
 _1007__941/HI
 _1008__942/HI
 _1009__943/HI
 _1010__944/HI
 _1011__945/HI
 _1012__946/HI
 _1013__947/HI
 _1014__948/HI
 _1015__949/HI
 _1016__950/HI
 _1017__951/HI
 _1018__952/HI
 _1019__953/HI
 _1020__954/HI
 _1021__955/HI
 _1022__956/HI
 _1023__957/HI
 _1024__958/HI
 _1025__959/HI
 _1026__960/HI
 _1027__961/HI
 _1028__962/HI
 _1029__963/HI
 _1030__964/HI
 _1031__965/HI
 _1032__966/HI
 _1033__967/HI
 _1034__968/HI
 _1035__969/HI
 _1036__970/HI
 _1037__971/HI
 _1038__972/HI
 _1039__973/HI
 _1040__974/HI
 _1041__975/HI
 _1042__976/HI
 _1043__977/HI
 _1044__978/HI
 _1045__979/HI
 _1046__980/HI
 _1047__981/HI
 _1048__982/HI
 _1049__983/HI
 _1050__984/HI
 _1051__985/HI
 _1052__986/HI
 _1053__987/HI
 _1054__988/HI
 _1055__989/HI
 _1056__990/HI
 _1057__991/HI
 _1058__992/HI
 _1059__993/HI
 _1060__994/HI
 _1061__995/HI
 _1062__996/HI
 _1063__997/HI
 _1064__998/HI
 _1065__999/HI
 _1066__1000/HI
 _1067__1001/HI
 _1068__1002/HI
 _1069__1003/HI
 _1070__1004/HI
 _1071__1005/HI
 _1072__1006/HI
 _1073__1007/HI
 _1074__1008/HI
 _1075__1009/HI
 _1076__1010/HI
 _1077__1011/HI
 _1078__1012/HI
 _1079__1013/HI
 _1080__1014/HI
 _1081__1015/HI
 _1082__1016/HI
 _1083__1017/HI
 _1084__1018/HI
 _1085__1019/HI
 _1086__1020/HI
 _1087__1021/HI
 _1088__1022/HI
 _1089__1023/HI
 _1090__1024/HI
 _1091__1025/HI
 _1092__1026/HI
 _1093__1027/HI
 _1094__1028/HI
 _1095__1029/HI
 _1096__1030/HI
 _1097__1031/HI
 _1098__1032/HI
 _1099__1033/HI
 _1100__1034/HI
 _1101__1035/HI
 _1102__1036/HI
 _1103__1037/HI
 _1104__1038/HI
 _1105__1039/HI
 _1106__1040/HI
 _1107__1041/HI
 _1108__1042/HI
 _1109__1043/HI
 _1110__1044/HI
 _1111__1045/HI
 _1112__1046/HI
 _1113__1047/HI
 _1114__1048/HI
 _1115__1049/HI
 _1116__1050/HI
 _1117__1051/HI
 _1118__1052/HI
 _1119__1053/HI
 _1120__1054/HI
 _1121__1055/HI
 _1122__1056/HI
 _1123__1057/HI
 _1124__1058/HI
 _1125__1059/HI
 _1126__1060/HI
 _1127__1061/HI
 _1128__1062/HI
 _1129__1063/HI
 _1130__1064/HI
 _1131__1065/HI
 _1132__1066/HI
 _1133__1067/HI
 _1134__1068/HI
 _1135__1069/HI
 _1136__1070/HI
 _1137__1071/HI
 _1138__1072/HI
 _1139__1073/HI
 _1140__1074/HI
 _1141__1075/HI
 _1142__1076/HI
 _1143__1077/HI
 _1144__1078/HI
 _1145__1079/HI
 _1146__1080/HI
 _1147__1081/HI
 _1148__1082/HI
 _1149__1083/HI
 _1150__1084/HI
 _1151__1085/HI
 _1152__1086/HI
 _1153__1087/HI
 _1154__1088/HI
 _1155__1089/HI
 _1156__1090/HI
 _1157__1091/HI
 _1158__1092/HI
 _1159__1093/HI
 _1160__1094/HI
 _1161__1095/HI
 _1162__1096/HI
 _1163__1097/HI
 _1164__1098/HI
 _1165__1099/HI
 _1166__1100/HI
 _1167__1101/HI
 _1168__1102/HI
 _1169__1103/HI
 _1170__1104/HI
 _1171__1105/HI
 _1172__1106/HI
 _1173__1107/HI
 _1174__1108/HI
 _1175__1109/HI
 _1176__1110/HI
 _1177__1111/HI
 _1178__1112/HI
 _1179__1113/HI
 _1180__1114/HI
 _1181__1115/HI
 _1182__1116/HI
 _1183__1117/HI
 _1184__1118/HI
 _1185__1119/HI
 _1186__1120/HI
 _1187__1121/HI
 _1188__1122/HI
 _1189__1123/HI
 _1190__1124/HI
 _1191__1125/HI
 _1192__1126/HI
 _1193__1127/HI
 _1194__1128/HI
 _1195__1129/HI
 _1196__1130/HI
 _1197__1131/HI
 _1198__1132/HI
 _1199__1133/HI
 _1200__1134/HI
 _1201__1135/HI
 _1202__1136/HI
 _1203__1137/HI
 _1204__1138/HI
 _1205__1139/HI
 _1206__1140/HI
 _1207__1141/HI
 _1208__1142/HI
 _1209__1143/HI
 _1210__1144/HI
 _1211__1145/HI
 _1212__1146/HI
 _1213__1147/HI
 _1214__1148/HI
 _1215__1149/HI
 _1216__1150/HI
 _1217__1151/HI
 _1218__1152/HI
 _1219__1153/HI
 _1220__1154/HI
 _1221__1155/HI
 _1222__1156/HI
 _1223__1157/HI
 _1224__1158/HI
 _1225__1159/HI
 _1226__1160/HI
 _1227__1161/HI
 _1228__1162/HI
 _1229__1163/HI
 _1230__1164/HI
 _1231__1165/HI
 _1232__1166/HI
 _1233__1167/HI
 _1234__1168/HI
 _1235__1169/HI
 _1236__1170/HI
 _1237__1171/HI
 _1238__1172/HI
 _1239__1173/HI
 _1240__1174/HI
 _1241__1175/HI
 _1242__1176/HI
 _1243__1177/HI
 _1244__1178/HI
 _1245__1179/HI
 _1246__1180/HI
 _1247__1181/HI
 _1248__1182/HI
 _1249__1183/HI
 _1250__1184/HI
 _1251__1185/HI
 _1252__1186/HI
 _1253__1187/HI
 _1254__1188/HI
 _1255__1189/HI
 _1256__1190/HI
 _1257__1191/HI
 _1258__1192/HI
 _1259__1193/HI
 _1260__1194/HI
 _1261__1195/HI
 _1262__1196/HI
 _1263__1197/HI
 _1264__1198/HI
 _1265__1199/HI
 _1266__1200/HI
 _1267__1201/HI
 _1268__1202/HI
 _1269__1203/HI
 _1270__1204/HI
 _1271__1205/HI
 _1272__1206/HI
 _1273__1207/HI
 _1274__1208/HI
 _1275__1209/HI
 _1276__1210/HI
 _1277__1211/HI
 _1278__1212/HI
 _1279__1213/HI
 _1280__1214/HI
 _1281__1215/HI
 _1282__1216/HI
 _1283__1217/HI
 _1284__1218/HI
 _1285__1219/HI
 _1286__1220/HI
 _1287__1221/HI
 _1288__1222/HI
 _1289__1223/HI
 _1290__1224/HI
 _1291__1225/HI
 _1292__1226/HI
 _1293__1227/HI
 _1294__1228/HI
 _1295__1229/HI
 _1296__1230/HI
 _1297__1231/HI
 _1298__1232/HI
 _1299__1233/HI
 _1300__1234/HI
 _1301__1235/HI
 _1302__1236/HI
 _1303__1237/HI
 _1304__1238/HI
 _1305__1239/HI
 _1306__1240/HI
 _1307__1241/HI
 _1308__1242/HI
 _1309__1243/HI
 _1310__1244/HI
 _1311__1245/HI
 _1312__1246/HI
 _1313__1247/HI
 _1314__1248/HI
 _1315__1249/HI
 _1316__1250/HI
 _1317__1251/HI
 _1318__1252/HI
 _1319__1253/HI
 _1320__1254/HI
 _1321__1255/HI
 _1322__1256/HI
 _1323__1257/HI
 _1324__1258/HI
 _1325__1259/HI
 _1326__1260/HI
 _1327__1261/HI
 _1328__1262/HI
 _1329__1263/HI
 _1330__1264/HI
 _1331__1265/HI
 _1332__1266/HI
 _1333__1267/HI
 _1334__1268/HI
 _1335__1269/HI
 _1336__1270/HI
 _1337__1271/HI
 _1338__1272/HI
 _1339__1273/HI
 _1340__1274/HI
 _1341__1275/HI
 _1342__1276/HI
 _1343__1277/HI
 _1344__1278/HI
 _1345__1279/HI
 _1346__1280/HI
 _1347__1281/HI
 _1348__1282/HI
 _1349__1283/HI
 _1350__1284/HI
 _1351__1285/HI
 _1352__1286/HI
 _1353__1287/HI
 _1354__1288/HI
 _1355__1289/HI
 _1356__1290/HI
 _1357__1291/HI
 _1358__1292/HI
 _1359__1293/HI
 _1360__1294/HI
 _1361__1295/HI
 _1362__1296/HI
 _1363__1297/HI
 _1364__1298/HI
 _1365__1299/HI
 _1366__1300/HI
 _1367__1301/HI
 _1368__1302/HI
 _1369__1303/HI
 _1370__1304/HI
 _1371__1305/HI
 _1372__1306/HI
 _1373__1307/HI
 _1374__1308/HI
 _1375__1309/HI
 _1376__1310/HI
 _1377__1311/HI
 _1378__1312/HI
 _1379__1313/HI
 _1380__1314/HI
 _1381__1315/HI
 _1382__1316/HI
 _1383__1317/HI
 _1384__1318/HI
 _1385__1319/HI
 _1386__1320/HI
 _1387__1321/HI
 _1388__1322/HI
 _1389__1323/HI
 _1390__1324/HI
 _1391__1325/HI
 _1392__1326/HI
 _1393__1327/HI
 _1394__1328/HI
 _1395__1329/HI
 _1396__1330/HI
 _1397__1331/HI
 _1398__1332/HI
 _1399__1333/HI
 _1400__1334/HI
 _1401__1335/HI
 _1402__1336/HI
 _1403__1337/HI
 _1404__1338/HI
 _1405__1339/HI
 _1406__1340/HI
 _1407__1341/HI
 _1408__1342/HI
 _1409__1343/HI
 _1410__1344/HI
 _1411__1345/HI
 _1412__1346/HI
 _1413__1347/HI
 _1414__1348/HI
 _1415__1349/HI
 _1416__1350/HI
 _1417__1351/HI
 _1418__1352/HI
 _1419__1353/HI
 _1420__1354/HI
 _1421__1355/HI
 _1422__1356/HI
 _1423__1357/HI
 _1424__1358/HI
 _1425__1359/HI
 _1426__1360/HI
 _1427__1361/HI
 _1428__1362/HI
 _1429__1363/HI
 _1430__1364/HI
 _1431__1365/HI
 _1432__1366/HI
 _1433__1367/HI
 _1434__1368/HI
 _1435__1369/HI
 _1436__1370/HI
 _1437__1371/HI
 _1438__1372/HI
 _1439__1373/HI
 _1440__1374/HI
 _1441__1375/HI
 _1442__1376/HI
 _1443__1377/HI
 _1444__1378/HI
 _1445__1379/HI
 _1446__1380/HI
 _1447__1381/HI
 _1448__1382/HI
 _1449__1383/HI
 _1450__1384/HI
 _1451__1385/HI
 _1452__1386/HI
 _1453__1387/HI
 _1454__1388/HI
 _1455__1389/HI
 _1456__1390/HI
 _1457__1391/HI
 _1458__1392/HI
 _1459__1393/HI
 _1460__1394/HI
 _1461__1395/HI
 _1462__1396/HI
 _1463__1397/HI
 _1464__1398/HI
 _1465__1399/HI
 _1466__1400/HI
 _1467__1401/HI
 _1468__1402/HI
 _1469__1403/HI
 _1470__1404/HI
 _1471__1405/HI
 _1472__1406/HI
 _1473__1407/HI
 _1474__1408/HI
 _1475__1409/HI
 _1476__1410/HI
 _1477__1411/HI
 _1478__1412/HI
 _1479__1413/HI
 _1480__1414/HI
 _1481__1415/HI
 _1482__1416/HI
 _1483__1417/HI
 _1484__1418/HI
 _1485__1419/HI
 _1486__1420/HI
 _1487__1421/HI
 _1488__1422/HI
 _1489__1423/HI
 _1490__1424/HI
 _1491__1425/HI
 _1492__1426/HI
 _1493__1427/HI
 _1494__1428/HI
 _1495__1429/HI
 _1496__1430/HI
 _1497__1431/HI
 _1498__1432/HI
 _1499__1433/HI
 _1500__1434/HI
 _1501__1435/HI
 _1502__1436/HI
 _1503__1437/HI
 _1504__1438/HI
 _1505__1439/HI
 _1506__1440/HI
 _1507__1441/HI
 _1508__1442/HI
 _1509__1443/HI
 _1510__1444/HI
 _1511__1445/HI
 _1512__1446/HI
 _1513__1447/HI
 _1514__1448/HI
 _1515__1449/HI
 _1516__1450/HI
 _1517__1451/HI
 _1518__1452/HI
 _1519__1453/HI
 _1520__1454/HI
 _1521__1455/HI
 _1522__1456/HI
 _1523__1457/HI
 _1524__1458/HI
 _1525__1459/HI
 _1526__1460/HI
 _1527__1461/HI
 _1528__1462/HI
 _1529__1463/HI
 _1530__1464/HI
 _1531__1465/HI
 _1532__1466/HI
 _1533__1467/HI
 _1534__1468/HI
 _1535__1469/HI
 _1536__1470/HI
 _1537__1471/HI
 _1538__1472/HI
 _1539__1473/HI
 _1540__1474/HI
 _1541__1475/HI
 _1542__1476/HI
 _1543__1477/HI
 _1544__1478/HI
 _1545__1479/HI
 _1546__1480/HI
 _1547__1481/HI
 _1548__1482/HI
 _1549__1483/HI
 _1550__1484/HI
 _1551__1485/HI
 _1552__1486/HI
 _1553__1487/HI
 _1554__1488/HI
 _1555__1489/HI
 _1556__1490/HI
 _1557__1491/HI
 _1558__1492/HI
 _1559__1493/HI
 _1560__1494/HI
 _1561__1495/HI
 _1562__1496/HI
 _1563__1497/HI
 _1564__1498/HI
 _1565__1499/HI
 _1566__1500/HI
 _1567__1501/HI
 _1568__1502/HI
 _1569__1503/HI
 _1570__1504/HI
 _1571__1505/HI
 _1572__1506/HI
 _1573__1507/HI
 _1574__1508/HI
 _1575__1509/HI
 _1576__1510/HI
 _1577__1511/HI
 _1578__1512/HI
 _1579__1513/HI
 _1580__1514/HI
 _1581__1515/HI
 _1582__1516/HI
 _1583__1517/HI
 _1584__1518/HI
 _1585__1519/HI
 _1586__1520/HI
 _1587__1521/HI
 _1588__1522/HI
 _1589__1523/HI
 _1590__1524/HI
 _1591__1525/HI
 _1592__1526/HI
 _1593__1527/HI
 _1594__1528/HI
 _1595__1529/HI
 _1596__1530/HI
 _1597__1531/HI
 _1598__1532/HI
 _1599__1533/HI
 _1600__1534/HI
 _1601__1535/HI
 _1602__1536/HI
 _1603__1537/HI
 _1604__1538/HI
 _1605__1539/HI
 _1606__1540/HI
 _1607__1541/HI
 _1608__1542/HI
 _1609__1543/HI
 _1610__1544/HI
 _1611__1545/HI
 _1612__1546/HI
 _1613__1547/HI
 _1614__1548/HI
 _1615__1549/HI
 _1616__1550/HI
 _1617__1551/HI
 _1618__1552/HI
 _1619__1553/HI
 _1620__1554/HI
 _1621__1555/HI
 _1622__1556/HI
 _1623__1557/HI
 _1624__1558/HI
 _1625__1559/HI
 _1626__1560/HI
 _1627__1561/HI
 _1628__1562/HI
 _1629__1563/HI
 _1630__1564/HI
 _1631__1565/HI
 _1632__1566/HI
 _1633__1567/HI
 _1634__1568/HI
 _1635__1569/HI
 _1636__1570/HI
 _1637__1571/HI
 _1638__1572/HI
 _1639__1573/HI
 _1640__1574/HI
 _1641__1575/HI
 _1642__1576/HI
 _1643__1577/HI
 _1644__1578/HI
 _1645__1579/HI
 _1646__1580/HI
 _1647__1581/HI
 _1648__1582/HI
 _1649__1583/HI
 _1650__1584/HI
 _1651__1585/HI
 _1652__1586/HI
 _1653__1587/HI
 _1654__1588/HI
 _1655__1589/HI
 _1656__1590/HI
 _1657__1591/HI
 _1658__1592/HI
 _1659__1593/HI
 _1660__1594/HI
 _1661__1595/HI
 _1662__1596/HI
 _1663__1597/HI
 _1664__1598/HI
 _1665__1599/HI
 _1666__1600/HI
 _1667__1601/HI
 _1668__1602/HI
 _1669__1603/HI
 _1670__1604/HI
 _1671__1605/HI
 _1672__1606/HI
 _1673__1607/HI
 _1674__1608/HI
 _1675__1609/HI
 _1676__1610/HI
 _1677__1611/HI
 _1678__1612/HI
 _1679__1613/HI
 _1680__1614/HI
 _1681__1615/HI
 _1682__1616/HI
 _1683__1617/HI
 _1684__1618/HI
 _1685__1619/HI
 _1686__1620/HI
 _1687__1621/HI
 _1688__1622/HI
 _1689__1623/HI
 _1690__1624/HI
 _1691__1625/HI
 _1692__1626/HI
 _1693__1627/HI
 _1694__1628/HI
 _1695__1629/HI
 _1696__1630/HI
 _1697__1631/HI
 _1698__1632/HI
 _1699__1633/HI
 _1700__1634/HI
 _1701__1635/HI
 _1702__1636/HI
 _1703__1637/HI
 _1704__1638/HI
 _1705__1639/HI
 _1706__1640/HI
 _1707__1641/HI
 _1708__1642/HI
 _1709__1643/HI
 _1710__1644/HI
 _1711__1645/HI
 _1712__1646/HI
 _1713__1647/HI
 _1714__1648/HI
 _1715__1649/HI
 _1716__1650/HI
 _1717__1651/HI
 _1718__1652/HI
 _1719__1653/HI
 _1720__1654/HI
 _1721__1655/HI
 _1722__1656/HI
 _1723__1657/HI
 _1724__1658/HI
 _1725__1659/HI
 _1726__1660/HI
 _1727__1661/HI
 _1728__1662/HI
 _1729__1663/HI
 _1730__1664/HI
 _1731__1665/HI
 _1732__1666/HI
 _1733__1667/HI
 _1734__1668/HI
 _1735__1669/HI
 _1736__1670/HI
 _1737__1671/HI
 _1738__1672/HI
 _1739__1673/HI
 _1740__1674/HI
 _1741__1675/HI
 _1742__1676/HI
 _1743__1677/HI
 _1744__1678/HI
 _1745__1679/HI
 _1746__1680/HI
 _1747__1681/HI
 _1748__1682/HI
 _1749__1683/HI
 _1750__1684/HI
 _1751__1685/HI
 _1752__1686/HI
 _1753__1687/HI
 _1754__1688/HI
 _1755__1689/HI
 _1756__1690/HI
 _1757__1691/HI
 _1758__1692/HI
 _1759__1693/HI
 _1760__1694/HI
 _1761__1695/HI
 _1762__1696/HI
 _1763__1697/HI
 _1764__1698/HI
 _1765__1699/HI
 _1766__1700/HI
 _1767__1701/HI
 _1768__1702/HI
 _1769__1703/HI
 _1770__1704/HI
 _1771__1705/HI
 _1772__1706/HI
 _1773__1707/HI
 _1774__1708/HI
 _1775__1709/HI
 _1776__1710/HI
 _1777__1711/HI
 _1778__1712/HI
 _1779__1713/HI
 _1780__1714/HI
 _1781__1715/HI
 _1782__1716/HI
 _1783__1717/HI
 _1784__1718/HI
 _1785__1719/HI
 _1786__1720/HI
 _1787__1721/HI
 _1788__1722/HI
 _1789__1723/HI
 _1790__1724/HI
 _1791__1725/HI
 _1792__1726/HI
 _1793__1727/HI
 _1794__1728/HI
 _1795__1729/HI
 _1796__1730/HI
 _1797__1731/HI
 _1798__1732/HI
 _1799__1733/HI
 _1800__1734/HI
 _1801__1735/HI
 _1802__1736/HI
 _1803__1737/HI
 _1804__1738/HI
 _1805__1739/HI
 _1806__1740/HI
 _1807__1741/HI
 _1808__1742/HI
 _1809__1743/HI
 _1810__1744/HI
 _1811__1745/HI
 _1812__1746/HI
 _1813__1747/HI
 _1814__1748/HI
 _1815__1749/HI
 _1816__1750/HI
 _1817__1751/HI
 _1818__1752/HI
 _1819__1753/HI
 _1820__1754/HI
 _1821__1755/HI
 _1822__1756/HI
 _1823__1757/HI
 _1824__1758/HI
 _1825__1759/HI
 _1826__1760/HI
 _1827__1761/HI
 _1828__1762/HI
 _1829__1763/HI
 _1830__1764/HI
 _1831__1765/HI
 _1832__1766/HI
 _1833__1767/HI
 _1834__1768/HI
 _1835__1769/HI
 _1836__1770/HI
 _1837__1771/HI
 _1838__1772/HI
 _1839__1773/HI
 _1840__1774/HI
 _1841__1775/HI
 _1842__1776/HI
 _1843__1777/HI
 _1844__1778/HI
 _1845__1779/HI
 _1846__1780/HI
 _1847__1781/HI
 _1848__1782/HI
 _1849__1783/HI
 _1850__1784/HI
 _1851__1785/HI
 _1852__1786/HI
 _1853__1787/HI
 _1854__1788/HI
 _1855__1789/HI
 _1856__1790/HI
 _1857__1791/HI
 _1858__1792/HI
 _1859__1793/HI
 _1860__1794/HI
 _1861__1795/HI
 _1862__1796/HI
 _1863__1797/HI
 _1864__1798/HI
 _1865__1799/HI
 _1866__1800/HI
 _1867__1801/HI
 _1868__1802/HI
 _1869__1803/HI
 _1870__1804/HI
 _1871__1805/HI
 _1872__1806/HI
 _1873__1807/HI
 _1874__1808/HI
 _1875__1809/HI
 _1876__1810/HI
 _1877__1811/HI
 _1878__1812/HI
 _1879__1813/HI
 _1880__1814/HI
 _1881__1815/HI
 _1882__1816/HI
 _1883__1817/HI
 _1884__1818/HI
 _1885__1819/HI
 _1886__1820/HI
 _1887__1821/HI
 _1888__1822/HI
 _1889__1823/HI
 _1890__1824/HI
 _1891__1825/HI
 _1892__1826/HI
 _1893__1827/HI
 _1894__1828/HI
 _1895__1829/HI
 _1896__1830/HI
 _1897__1831/HI
 _1898__1832/HI
 _1899__1833/HI
 _1900__1834/HI
 _1901__1835/HI
 _1902__1836/HI
 _1903__1837/HI
 _1904__1838/HI
 _1905__1839/HI
 _1906__1840/HI
 _1907__1841/HI
 _1908__1842/HI
 _1909__1843/HI
 _1910__1844/HI
 _1911__1845/HI
 _1912__1846/HI
 _1913__1847/HI
 _1914__1848/HI
 _1915__1849/HI
 _1916__1850/HI
 _1917__1851/HI
 _1918__1852/HI
 _1919__1853/HI
 _1920__1854/HI
 _1921__1855/HI
 _1922__1856/HI
 _1923__1857/HI
 _1924__1858/HI
 _1925__1859/HI
 _1926__1860/HI
 _1927__1861/HI
 _1928__1862/HI
 _1929__1863/HI
 _1930__1864/HI
 _1931__1865/HI
 _1932__1866/HI
 _1933__1867/HI
 _1934__1868/HI
 _1935__1869/HI
 _1936__1870/HI
 _1937__1871/HI
 _1938__1872/HI
 _1939__1873/HI
 _1940__1874/HI
 _1941__1875/HI
 _1942__1876/HI
 _1943__1877/HI
 _1944__1878/HI
 _1945__1879/HI
 _1946__1880/HI
 _1947__1881/HI
 _1948__1882/HI
 _1949__1883/HI
 _1950__1884/HI
 _1951__1885/HI
 _1952__1886/HI
 _1953__1887/HI
 _1954__1888/HI
 _1955__1889/HI
 _1956__1890/HI
 _1957__1891/HI
 _1958__1892/HI
 _1959__1893/HI
 _1960__1894/HI
 _1961__1895/HI
 _1962__1896/HI
 _1963__1897/HI
 _1964__1898/HI
 _1965__1899/HI
 _1966__1900/HI
 _1967__1901/HI
 _1968__1902/HI
 _1969__1903/HI
 _1970__1904/HI
 _1971__1905/HI
 _1972__1906/HI
 _1973__1907/HI
 _1974__1908/HI
 _1975__1909/HI
 _1976__1910/HI
 _1977__1911/HI
 _1978__1912/HI
 _1979__1913/HI
 _1980__1914/HI
 _1981__1915/HI
 _1982__1916/HI
 _1983__1917/HI
 _1984__1918/HI
 _1985__1919/HI
 _1986__1920/HI
 _1987__1921/HI
 _1988__1922/HI
 _1989__1923/HI
 _1990__1924/HI
 _1991__1925/HI
 _1992__1926/HI
 _1993__1927/HI
 _1994__1928/HI
 _1995__1929/HI
 _1996__1930/HI
 _1997__1931/HI
 _1998__1932/HI
 _1999__1933/HI
 _2000__1934/HI
 _2001__1935/HI
 _2002__1936/HI
 _2003__1937/HI
 _2004__1938/HI
 _2005__1939/HI
 _2006__1940/HI
 _2007__1941/HI
 _2008__1942/HI
 _2009__1943/HI
 _2010__1944/HI
 _2011__1945/HI
 _2012__1946/HI
 _2013__1947/HI
 _2014__1948/HI
 _2015__1949/HI
 _2016__1950/HI
 _2017__1951/HI
 _2018__1952/HI
 _2019__1953/HI
 _2020__1954/HI
 _2021__1955/HI
 _2022__1956/HI
 _2023__1957/HI
 _2024__1958/HI
 _2025__1959/HI
 _2026__1960/HI
 _2027__1961/HI
 _2028__1962/HI
 _2029__1963/HI
 _2030__1964/HI
 _2031__1965/HI
 _2032__1966/HI
 _2033__1967/HI
 _2034__1968/HI
 _2035__1969/HI
 _2036__1970/HI
 _2037__1971/HI
 _2038__1972/HI
 _2039__1973/HI
 _2040__1974/HI
 _2041__1975/HI
 _2042__1976/HI
 _2043__1977/HI
 _2044__1978/HI
 _2045__1979/HI
 _2046__1980/HI
 _2047__1981/HI
 _2048__1982/HI
 _2049__1983/HI
 _2050__1984/HI
 _2051__1985/HI
 _2052__1986/HI
 _2053__1987/HI
 _2054__1988/HI
 _2055__1989/HI
 _2056__1990/HI
 _2057__1991/HI
 _2058__1992/HI
 _2059__1993/HI
 _2060__1994/HI
 _2061__1995/HI
 _2062__1996/HI
 _2063__1997/HI
 _2064__1998/HI
 _2065__1999/HI
 _2066__2000/HI
 _2067__2001/HI
 _2068__2002/HI
 _2069__2003/HI
 _2070__2004/HI
 _2071__2005/HI
 _2072__2006/HI
 _2073__2007/HI
 _2074__2008/HI
 _2075__2009/HI
 _2076__2010/HI
 _2077__2011/HI
 _2078__2012/HI
 _2079__2013/HI
 _2080__2014/HI
 _2081__2015/HI
 _2082__2016/HI
 _2083__2017/HI
 _2084__2018/HI
 _2085__2019/HI
 _2086__2020/HI
 _2087__2021/HI
 _2088__2022/HI
 _2089__2023/HI
 _2090__2024/HI
 _2091__2025/HI
 _2092__2026/HI
 _2093__2027/HI
 _2094__2028/HI
 _2095__2029/HI
 _2096__2030/HI
 _2097__2031/HI
 _2098__2032/HI
 _2099__2033/HI
 _2100__2034/HI
 _2101__2035/HI
 _2102__2036/HI
 _2103__2037/HI
 _2104__2038/HI
 _2105__2039/HI
 _2106__2040/HI
 _2107__2041/HI
 _2108__2042/HI
 _2109__2043/HI
 _2110__2044/HI
 _2111__2045/HI
 _2112__2046/HI
 _2113__2047/HI
 _2114__2048/HI
 _2115__2049/HI
 _2116__2050/HI
 _2117__2051/HI
 _2118__2052/HI
 _2119__2053/HI
 _2120__2054/HI
 _2121__2055/HI
 _2122__2056/HI
 _2123__2057/HI
 _2124__2058/HI
 _2125__2059/HI
 _2126__2060/HI
 _2127__2061/HI
 _2128__2062/HI
 _2129__2063/HI
 _2130__2064/HI
 _2131__2065/HI
 _2132__2066/HI
 _2133__2067/HI
 _2134__2068/HI
 _2135__2069/HI
 _2136__2070/HI
 _2137__2071/HI
 _2138__2072/HI
 _2139__2073/HI
 _2140__2074/HI
 _2141__2075/HI
 _2142__2076/HI
 _2143__2077/HI
 _2144__2078/HI
 _2145__2079/HI
 _2146__2080/HI
 _2147__2081/HI
 _2148__2082/HI
 _2149__2083/HI
 _2150__2084/HI
 _2151__2085/HI
 _2152__2086/HI
 _2153__2087/HI
 _2154__2088/HI
 _2155__2089/HI
 _2156__2090/HI
 _2157__2091/HI
 _2158__2092/HI
 _2159__2093/HI
 _2160__2094/HI
 _2161__2095/HI
 _2162__2096/HI
 _2163__2097/HI
 _2164__2098/HI
 _2165__2099/HI
 _2166__2100/HI
 _2167__2101/HI
 _2168__2102/HI
 _2169__2103/HI
 _2170__2104/HI
 _2171__2105/HI
 _2172__2106/HI
 _2173__2107/HI
 _2174__2108/HI
 _2175__2109/HI
 _2176__2110/HI
 _2177__2111/HI
 _2178__2112/HI
 _2179__2113/HI
 _2180__2114/HI
 _2181__2115/HI
 _2182__2116/HI
 _2183__2117/HI
 _2184__2118/HI
 _2185__2119/HI
 _2186__2120/HI
 clkload0/X
Found 0 partially unannotated drivers.

===========================================================================
max slew violation count 0
%OL_METRIC_I design__max_slew_violation__count__corner:nom_tt_025C_1v80 0
max fanout violation count 0
%OL_METRIC_I design__max_fanout_violation__count__corner:nom_tt_025C_1v80 0
max cap violation count 0
%OL_METRIC_I design__max_cap_violation__count__corner:nom_tt_025C_1v80 0
============================================================================

===========================================================================
check_setup -verbose -unconstrained_endpoints -multiple_clock -no_clock -no_input_delay -loops -generated_clocks
===========================================================================
Warning: There are 2118 unconstrained endpoints.
  rx_bump_credit
  sram_addr[0]
  sram_addr[10]
  sram_addr[11]
  sram_addr[12]
  sram_addr[13]
  sram_addr[14]
  sram_addr[15]
  sram_addr[16]
  sram_addr[17]
  sram_addr[18]
  sram_addr[19]
  sram_addr[1]
  sram_addr[20]
  sram_addr[21]
  sram_addr[22]
  sram_addr[23]
  sram_addr[24]
  sram_addr[25]
  sram_addr[26]
  sram_addr[27]
  sram_addr[28]
  sram_addr[29]
  sram_addr[2]
  sram_addr[30]
  sram_addr[31]
  sram_addr[32]
  sram_addr[33]
  sram_addr[34]
  sram_addr[35]
  sram_addr[36]
  sram_addr[37]
  sram_addr[38]
  sram_addr[39]
  sram_addr[3]
  sram_addr[40]
  sram_addr[41]
  sram_addr[42]
  sram_addr[43]
  sram_addr[44]
  sram_addr[45]
  sram_addr[46]
  sram_addr[47]
  sram_addr[48]
  sram_addr[49]
  sram_addr[4]
  sram_addr[50]
  sram_addr[51]
  sram_addr[52]
  sram_addr[53]
  sram_addr[54]
  sram_addr[55]
  sram_addr[56]
  sram_addr[57]
  sram_addr[58]
  sram_addr[59]
  sram_addr[5]
  sram_addr[60]
  sram_addr[61]
  sram_addr[62]
  sram_addr[63]
  sram_addr[6]
  sram_addr[7]
  sram_addr[8]
  sram_addr[9]
  sram_rd_en
  txk_bump_data[0]
  txk_bump_data[100]
  txk_bump_data[101]
  txk_bump_data[102]
  txk_bump_data[103]
  txk_bump_data[104]
  txk_bump_data[105]
  txk_bump_data[106]
  txk_bump_data[107]
  txk_bump_data[108]
  txk_bump_data[109]
  txk_bump_data[10]
  txk_bump_data[110]
  txk_bump_data[111]
  txk_bump_data[112]
  txk_bump_data[113]
  txk_bump_data[114]
  txk_bump_data[115]
  txk_bump_data[116]
  txk_bump_data[117]
  txk_bump_data[118]
  txk_bump_data[119]
  txk_bump_data[11]
  txk_bump_data[120]
  txk_bump_data[121]
  txk_bump_data[122]
  txk_bump_data[123]
  txk_bump_data[124]
  txk_bump_data[125]
  txk_bump_data[126]
  txk_bump_data[127]
  txk_bump_data[128]
  txk_bump_data[129]
  txk_bump_data[12]
  txk_bump_data[130]
  txk_bump_data[131]
  txk_bump_data[132]
  txk_bump_data[133]
  txk_bump_data[134]
  txk_bump_data[135]
  txk_bump_data[136]
  txk_bump_data[137]
  txk_bump_data[138]
  txk_bump_data[139]
  txk_bump_data[13]
  txk_bump_data[140]
  txk_bump_data[141]
  txk_bump_data[142]
  txk_bump_data[143]
  txk_bump_data[144]
  txk_bump_data[145]
  txk_bump_data[146]
  txk_bump_data[147]
  txk_bump_data[148]
  txk_bump_data[149]
  txk_bump_data[14]
  txk_bump_data[150]
  txk_bump_data[151]
  txk_bump_data[152]
  txk_bump_data[153]
  txk_bump_data[154]
  txk_bump_data[155]
  txk_bump_data[156]
  txk_bump_data[157]
  txk_bump_data[158]
  txk_bump_data[159]
  txk_bump_data[15]
  txk_bump_data[160]
  txk_bump_data[161]
  txk_bump_data[162]
  txk_bump_data[163]
  txk_bump_data[164]
  txk_bump_data[165]
  txk_bump_data[166]
  txk_bump_data[167]
  txk_bump_data[168]
  txk_bump_data[169]
  txk_bump_data[16]
  txk_bump_data[170]
  txk_bump_data[171]
  txk_bump_data[172]
  txk_bump_data[173]
  txk_bump_data[174]
  txk_bump_data[175]
  txk_bump_data[176]
  txk_bump_data[177]
  txk_bump_data[178]
  txk_bump_data[179]
  txk_bump_data[17]
  txk_bump_data[180]
  txk_bump_data[181]
  txk_bump_data[182]
  txk_bump_data[183]
  txk_bump_data[184]
  txk_bump_data[185]
  txk_bump_data[186]
  txk_bump_data[187]
  txk_bump_data[188]
  txk_bump_data[189]
  txk_bump_data[18]
  txk_bump_data[190]
  txk_bump_data[191]
  txk_bump_data[192]
  txk_bump_data[193]
  txk_bump_data[194]
  txk_bump_data[195]
  txk_bump_data[196]
  txk_bump_data[197]
  txk_bump_data[198]
  txk_bump_data[199]
  txk_bump_data[19]
  txk_bump_data[1]
  txk_bump_data[200]
  txk_bump_data[201]
  txk_bump_data[202]
  txk_bump_data[203]
  txk_bump_data[204]
  txk_bump_data[205]
  txk_bump_data[206]
  txk_bump_data[207]
  txk_bump_data[208]
  txk_bump_data[209]
  txk_bump_data[20]
  txk_bump_data[210]
  txk_bump_data[211]
  txk_bump_data[212]
  txk_bump_data[213]
  txk_bump_data[214]
  txk_bump_data[215]
  txk_bump_data[216]
  txk_bump_data[217]
  txk_bump_data[218]
  txk_bump_data[219]
  txk_bump_data[21]
  txk_bump_data[220]
  txk_bump_data[221]
  txk_bump_data[222]
  txk_bump_data[223]
  txk_bump_data[224]
  txk_bump_data[225]
  txk_bump_data[226]
  txk_bump_data[227]
  txk_bump_data[228]
  txk_bump_data[229]
  txk_bump_data[22]
  txk_bump_data[230]
  txk_bump_data[231]
  txk_bump_data[232]
  txk_bump_data[233]
  txk_bump_data[234]
  txk_bump_data[235]
  txk_bump_data[236]
  txk_bump_data[237]
  txk_bump_data[238]
  txk_bump_data[239]
  txk_bump_data[23]
  txk_bump_data[240]
  txk_bump_data[241]
  txk_bump_data[242]
  txk_bump_data[243]
  txk_bump_data[244]
  txk_bump_data[245]
  txk_bump_data[246]
  txk_bump_data[247]
  txk_bump_data[248]
  txk_bump_data[249]
  txk_bump_data[24]
  txk_bump_data[250]
  txk_bump_data[251]
  txk_bump_data[252]
  txk_bump_data[253]
  txk_bump_data[254]
  txk_bump_data[255]
  txk_bump_data[256]
  txk_bump_data[257]
  txk_bump_data[258]
  txk_bump_data[259]
  txk_bump_data[25]
  txk_bump_data[260]
  txk_bump_data[261]
  txk_bump_data[262]
  txk_bump_data[263]
  txk_bump_data[264]
  txk_bump_data[265]
  txk_bump_data[266]
  txk_bump_data[267]
  txk_bump_data[268]
  txk_bump_data[269]
  txk_bump_data[26]
  txk_bump_data[270]
  txk_bump_data[271]
  txk_bump_data[272]
  txk_bump_data[273]
  txk_bump_data[274]
  txk_bump_data[275]
  txk_bump_data[276]
  txk_bump_data[277]
  txk_bump_data[278]
  txk_bump_data[279]
  txk_bump_data[27]
  txk_bump_data[280]
  txk_bump_data[281]
  txk_bump_data[282]
  txk_bump_data[283]
  txk_bump_data[284]
  txk_bump_data[285]
  txk_bump_data[286]
  txk_bump_data[287]
  txk_bump_data[288]
  txk_bump_data[289]
  txk_bump_data[28]
  txk_bump_data[290]
  txk_bump_data[291]
  txk_bump_data[292]
  txk_bump_data[293]
  txk_bump_data[294]
  txk_bump_data[295]
  txk_bump_data[296]
  txk_bump_data[297]
  txk_bump_data[298]
  txk_bump_data[299]
  txk_bump_data[29]
  txk_bump_data[2]
  txk_bump_data[300]
  txk_bump_data[301]
  txk_bump_data[302]
  txk_bump_data[303]
  txk_bump_data[304]
  txk_bump_data[305]
  txk_bump_data[306]
  txk_bump_data[307]
  txk_bump_data[308]
  txk_bump_data[309]
  txk_bump_data[30]
  txk_bump_data[310]
  txk_bump_data[311]
  txk_bump_data[312]
  txk_bump_data[313]
  txk_bump_data[314]
  txk_bump_data[315]
  txk_bump_data[316]
  txk_bump_data[317]
  txk_bump_data[318]
  txk_bump_data[319]
  txk_bump_data[31]
  txk_bump_data[320]
  txk_bump_data[321]
  txk_bump_data[322]
  txk_bump_data[323]
  txk_bump_data[324]
  txk_bump_data[325]
  txk_bump_data[326]
  txk_bump_data[327]
  txk_bump_data[328]
  txk_bump_data[329]
  txk_bump_data[32]
  txk_bump_data[330]
  txk_bump_data[331]
  txk_bump_data[332]
  txk_bump_data[333]
  txk_bump_data[334]
  txk_bump_data[335]
  txk_bump_data[336]
  txk_bump_data[337]
  txk_bump_data[338]
  txk_bump_data[339]
  txk_bump_data[33]
  txk_bump_data[340]
  txk_bump_data[341]
  txk_bump_data[342]
  txk_bump_data[343]
  txk_bump_data[344]
  txk_bump_data[345]
  txk_bump_data[346]
  txk_bump_data[347]
  txk_bump_data[348]
  txk_bump_data[349]
  txk_bump_data[34]
  txk_bump_data[350]
  txk_bump_data[351]
  txk_bump_data[352]
  txk_bump_data[353]
  txk_bump_data[354]
  txk_bump_data[355]
  txk_bump_data[356]
  txk_bump_data[357]
  txk_bump_data[358]
  txk_bump_data[359]
  txk_bump_data[35]
  txk_bump_data[360]
  txk_bump_data[361]
  txk_bump_data[362]
  txk_bump_data[363]
  txk_bump_data[364]
  txk_bump_data[365]
  txk_bump_data[366]
  txk_bump_data[367]
  txk_bump_data[368]
  txk_bump_data[369]
  txk_bump_data[36]
  txk_bump_data[370]
  txk_bump_data[371]
  txk_bump_data[372]
  txk_bump_data[373]
  txk_bump_data[374]
  txk_bump_data[375]
  txk_bump_data[376]
  txk_bump_data[377]
  txk_bump_data[378]
  txk_bump_data[379]
  txk_bump_data[37]
  txk_bump_data[380]
  txk_bump_data[381]
  txk_bump_data[382]
  txk_bump_data[383]
  txk_bump_data[384]
  txk_bump_data[385]
  txk_bump_data[386]
  txk_bump_data[387]
  txk_bump_data[388]
  txk_bump_data[389]
  txk_bump_data[38]
  txk_bump_data[390]
  txk_bump_data[391]
  txk_bump_data[392]
  txk_bump_data[393]
  txk_bump_data[394]
  txk_bump_data[395]
  txk_bump_data[396]
  txk_bump_data[397]
  txk_bump_data[398]
  txk_bump_data[399]
  txk_bump_data[39]
  txk_bump_data[3]
  txk_bump_data[400]
  txk_bump_data[401]
  txk_bump_data[402]
  txk_bump_data[403]
  txk_bump_data[404]
  txk_bump_data[405]
  txk_bump_data[406]
  txk_bump_data[407]
  txk_bump_data[408]
  txk_bump_data[409]
  txk_bump_data[40]
  txk_bump_data[410]
  txk_bump_data[411]
  txk_bump_data[412]
  txk_bump_data[413]
  txk_bump_data[414]
  txk_bump_data[415]
  txk_bump_data[416]
  txk_bump_data[417]
  txk_bump_data[418]
  txk_bump_data[419]
  txk_bump_data[41]
  txk_bump_data[420]
  txk_bump_data[421]
  txk_bump_data[422]
  txk_bump_data[423]
  txk_bump_data[424]
  txk_bump_data[425]
  txk_bump_data[426]
  txk_bump_data[427]
  txk_bump_data[428]
  txk_bump_data[429]
  txk_bump_data[42]
  txk_bump_data[430]
  txk_bump_data[431]
  txk_bump_data[432]
  txk_bump_data[433]
  txk_bump_data[434]
  txk_bump_data[435]
  txk_bump_data[436]
  txk_bump_data[437]
  txk_bump_data[438]
  txk_bump_data[439]
  txk_bump_data[43]
  txk_bump_data[440]
  txk_bump_data[441]
  txk_bump_data[442]
  txk_bump_data[443]
  txk_bump_data[444]
  txk_bump_data[445]
  txk_bump_data[446]
  txk_bump_data[447]
  txk_bump_data[448]
  txk_bump_data[449]
  txk_bump_data[44]
  txk_bump_data[450]
  txk_bump_data[451]
  txk_bump_data[452]
  txk_bump_data[453]
  txk_bump_data[454]
  txk_bump_data[455]
  txk_bump_data[456]
  txk_bump_data[457]
  txk_bump_data[458]
  txk_bump_data[459]
  txk_bump_data[45]
  txk_bump_data[460]
  txk_bump_data[461]
  txk_bump_data[462]
  txk_bump_data[463]
  txk_bump_data[464]
  txk_bump_data[465]
  txk_bump_data[466]
  txk_bump_data[467]
  txk_bump_data[468]
  txk_bump_data[469]
  txk_bump_data[46]
  txk_bump_data[470]
  txk_bump_data[471]
  txk_bump_data[472]
  txk_bump_data[473]
  txk_bump_data[474]
  txk_bump_data[475]
  txk_bump_data[476]
  txk_bump_data[477]
  txk_bump_data[478]
  txk_bump_data[479]
  txk_bump_data[47]
  txk_bump_data[480]
  txk_bump_data[481]
  txk_bump_data[482]
  txk_bump_data[483]
  txk_bump_data[484]
  txk_bump_data[485]
  txk_bump_data[486]
  txk_bump_data[487]
  txk_bump_data[488]
  txk_bump_data[489]
  txk_bump_data[48]
  txk_bump_data[490]
  txk_bump_data[491]
  txk_bump_data[492]
  txk_bump_data[493]
  txk_bump_data[494]
  txk_bump_data[495]
  txk_bump_data[496]
  txk_bump_data[497]
  txk_bump_data[498]
  txk_bump_data[499]
  txk_bump_data[49]
  txk_bump_data[4]
  txk_bump_data[500]
  txk_bump_data[501]
  txk_bump_data[502]
  txk_bump_data[503]
  txk_bump_data[504]
  txk_bump_data[505]
  txk_bump_data[506]
  txk_bump_data[507]
  txk_bump_data[508]
  txk_bump_data[509]
  txk_bump_data[50]
  txk_bump_data[510]
  txk_bump_data[511]
  txk_bump_data[51]
  txk_bump_data[52]
  txk_bump_data[53]
  txk_bump_data[54]
  txk_bump_data[55]
  txk_bump_data[56]
  txk_bump_data[57]
  txk_bump_data[58]
  txk_bump_data[59]
  txk_bump_data[5]
  txk_bump_data[60]
  txk_bump_data[61]
  txk_bump_data[62]
  txk_bump_data[63]
  txk_bump_data[64]
  txk_bump_data[65]
  txk_bump_data[66]
  txk_bump_data[67]
  txk_bump_data[68]
  txk_bump_data[69]
  txk_bump_data[6]
  txk_bump_data[70]
  txk_bump_data[71]
  txk_bump_data[72]
  txk_bump_data[73]
  txk_bump_data[74]
  txk_bump_data[75]
  txk_bump_data[76]
  txk_bump_data[77]
  txk_bump_data[78]
  txk_bump_data[79]
  txk_bump_data[7]
  txk_bump_data[80]
  txk_bump_data[81]
  txk_bump_data[82]
  txk_bump_data[83]
  txk_bump_data[84]
  txk_bump_data[85]
  txk_bump_data[86]
  txk_bump_data[87]
  txk_bump_data[88]
  txk_bump_data[89]
  txk_bump_data[8]
  txk_bump_data[90]
  txk_bump_data[91]
  txk_bump_data[92]
  txk_bump_data[93]
  txk_bump_data[94]
  txk_bump_data[95]
  txk_bump_data[96]
  txk_bump_data[97]
  txk_bump_data[98]
  txk_bump_data[99]
  txk_bump_data[9]
  txk_bump_valid
  txout_bump_data[0]
  txout_bump_data[100]
  txout_bump_data[101]
  txout_bump_data[102]
  txout_bump_data[103]
  txout_bump_data[104]
  txout_bump_data[105]
  txout_bump_data[106]
  txout_bump_data[107]
  txout_bump_data[108]
  txout_bump_data[109]
  txout_bump_data[10]
  txout_bump_data[110]
  txout_bump_data[111]
  txout_bump_data[112]
  txout_bump_data[113]
  txout_bump_data[114]
  txout_bump_data[115]
  txout_bump_data[116]
  txout_bump_data[117]
  txout_bump_data[118]
  txout_bump_data[119]
  txout_bump_data[11]
  txout_bump_data[120]
  txout_bump_data[121]
  txout_bump_data[122]
  txout_bump_data[123]
  txout_bump_data[124]
  txout_bump_data[125]
  txout_bump_data[126]
  txout_bump_data[127]
  txout_bump_data[128]
  txout_bump_data[129]
  txout_bump_data[12]
  txout_bump_data[130]
  txout_bump_data[131]
  txout_bump_data[132]
  txout_bump_data[133]
  txout_bump_data[134]
  txout_bump_data[135]
  txout_bump_data[136]
  txout_bump_data[137]
  txout_bump_data[138]
  txout_bump_data[139]
  txout_bump_data[13]
  txout_bump_data[140]
  txout_bump_data[141]
  txout_bump_data[142]
  txout_bump_data[143]
  txout_bump_data[144]
  txout_bump_data[145]
  txout_bump_data[146]
  txout_bump_data[147]
  txout_bump_data[148]
  txout_bump_data[149]
  txout_bump_data[14]
  txout_bump_data[150]
  txout_bump_data[151]
  txout_bump_data[152]
  txout_bump_data[153]
  txout_bump_data[154]
  txout_bump_data[155]
  txout_bump_data[156]
  txout_bump_data[157]
  txout_bump_data[158]
  txout_bump_data[159]
  txout_bump_data[15]
  txout_bump_data[160]
  txout_bump_data[161]
  txout_bump_data[162]
  txout_bump_data[163]
  txout_bump_data[164]
  txout_bump_data[165]
  txout_bump_data[166]
  txout_bump_data[167]
  txout_bump_data[168]
  txout_bump_data[169]
  txout_bump_data[16]
  txout_bump_data[170]
  txout_bump_data[171]
  txout_bump_data[172]
  txout_bump_data[173]
  txout_bump_data[174]
  txout_bump_data[175]
  txout_bump_data[176]
  txout_bump_data[177]
  txout_bump_data[178]
  txout_bump_data[179]
  txout_bump_data[17]
  txout_bump_data[180]
  txout_bump_data[181]
  txout_bump_data[182]
  txout_bump_data[183]
  txout_bump_data[184]
  txout_bump_data[185]
  txout_bump_data[186]
  txout_bump_data[187]
  txout_bump_data[188]
  txout_bump_data[189]
  txout_bump_data[18]
  txout_bump_data[190]
  txout_bump_data[191]
  txout_bump_data[192]
  txout_bump_data[193]
  txout_bump_data[194]
  txout_bump_data[195]
  txout_bump_data[196]
  txout_bump_data[197]
  txout_bump_data[198]
  txout_bump_data[199]
  txout_bump_data[19]
  txout_bump_data[1]
  txout_bump_data[200]
  txout_bump_data[201]
  txout_bump_data[202]
  txout_bump_data[203]
  txout_bump_data[204]
  txout_bump_data[205]
  txout_bump_data[206]
  txout_bump_data[207]
  txout_bump_data[208]
  txout_bump_data[209]
  txout_bump_data[20]
  txout_bump_data[210]
  txout_bump_data[211]
  txout_bump_data[212]
  txout_bump_data[213]
  txout_bump_data[214]
  txout_bump_data[215]
  txout_bump_data[216]
  txout_bump_data[217]
  txout_bump_data[218]
  txout_bump_data[219]
  txout_bump_data[21]
  txout_bump_data[220]
  txout_bump_data[221]
  txout_bump_data[222]
  txout_bump_data[223]
  txout_bump_data[224]
  txout_bump_data[225]
  txout_bump_data[226]
  txout_bump_data[227]
  txout_bump_data[228]
  txout_bump_data[229]
  txout_bump_data[22]
  txout_bump_data[230]
  txout_bump_data[231]
  txout_bump_data[232]
  txout_bump_data[233]
  txout_bump_data[234]
  txout_bump_data[235]
  txout_bump_data[236]
  txout_bump_data[237]
  txout_bump_data[238]
  txout_bump_data[239]
  txout_bump_data[23]
  txout_bump_data[240]
  txout_bump_data[241]
  txout_bump_data[242]
  txout_bump_data[243]
  txout_bump_data[244]
  txout_bump_data[245]
  txout_bump_data[246]
  txout_bump_data[247]
  txout_bump_data[248]
  txout_bump_data[249]
  txout_bump_data[24]
  txout_bump_data[250]
  txout_bump_data[251]
  txout_bump_data[252]
  txout_bump_data[253]
  txout_bump_data[254]
  txout_bump_data[255]
  txout_bump_data[256]
  txout_bump_data[257]
  txout_bump_data[258]
  txout_bump_data[259]
  txout_bump_data[25]
  txout_bump_data[260]
  txout_bump_data[261]
  txout_bump_data[262]
  txout_bump_data[263]
  txout_bump_data[264]
  txout_bump_data[265]
  txout_bump_data[266]
  txout_bump_data[267]
  txout_bump_data[268]
  txout_bump_data[269]
  txout_bump_data[26]
  txout_bump_data[270]
  txout_bump_data[271]
  txout_bump_data[272]
  txout_bump_data[273]
  txout_bump_data[274]
  txout_bump_data[275]
  txout_bump_data[276]
  txout_bump_data[277]
  txout_bump_data[278]
  txout_bump_data[279]
  txout_bump_data[27]
  txout_bump_data[280]
  txout_bump_data[281]
  txout_bump_data[282]
  txout_bump_data[283]
  txout_bump_data[284]
  txout_bump_data[285]
  txout_bump_data[286]
  txout_bump_data[287]
  txout_bump_data[288]
  txout_bump_data[289]
  txout_bump_data[28]
  txout_bump_data[290]
  txout_bump_data[291]
  txout_bump_data[292]
  txout_bump_data[293]
  txout_bump_data[294]
  txout_bump_data[295]
  txout_bump_data[296]
  txout_bump_data[297]
  txout_bump_data[298]
  txout_bump_data[299]
  txout_bump_data[29]
  txout_bump_data[2]
  txout_bump_data[300]
  txout_bump_data[301]
  txout_bump_data[302]
  txout_bump_data[303]
  txout_bump_data[304]
  txout_bump_data[305]
  txout_bump_data[306]
  txout_bump_data[307]
  txout_bump_data[308]
  txout_bump_data[309]
  txout_bump_data[30]
  txout_bump_data[310]
  txout_bump_data[311]
  txout_bump_data[312]
  txout_bump_data[313]
  txout_bump_data[314]
  txout_bump_data[315]
  txout_bump_data[316]
  txout_bump_data[317]
  txout_bump_data[318]
  txout_bump_data[319]
  txout_bump_data[31]
  txout_bump_data[320]
  txout_bump_data[321]
  txout_bump_data[322]
  txout_bump_data[323]
  txout_bump_data[324]
  txout_bump_data[325]
  txout_bump_data[326]
  txout_bump_data[327]
  txout_bump_data[328]
  txout_bump_data[329]
  txout_bump_data[32]
  txout_bump_data[330]
  txout_bump_data[331]
  txout_bump_data[332]
  txout_bump_data[333]
  txout_bump_data[334]
  txout_bump_data[335]
  txout_bump_data[336]
  txout_bump_data[337]
  txout_bump_data[338]
  txout_bump_data[339]
  txout_bump_data[33]
  txout_bump_data[340]
  txout_bump_data[341]
  txout_bump_data[342]
  txout_bump_data[343]
  txout_bump_data[344]
  txout_bump_data[345]
  txout_bump_data[346]
  txout_bump_data[347]
  txout_bump_data[348]
  txout_bump_data[349]
  txout_bump_data[34]
  txout_bump_data[350]
  txout_bump_data[351]
  txout_bump_data[352]
  txout_bump_data[353]
  txout_bump_data[354]
  txout_bump_data[355]
  txout_bump_data[356]
  txout_bump_data[357]
  txout_bump_data[358]
  txout_bump_data[359]
  txout_bump_data[35]
  txout_bump_data[360]
  txout_bump_data[361]
  txout_bump_data[362]
  txout_bump_data[363]
  txout_bump_data[364]
  txout_bump_data[365]
  txout_bump_data[366]
  txout_bump_data[367]
  txout_bump_data[368]
  txout_bump_data[369]
  txout_bump_data[36]
  txout_bump_data[370]
  txout_bump_data[371]
  txout_bump_data[372]
  txout_bump_data[373]
  txout_bump_data[374]
  txout_bump_data[375]
  txout_bump_data[376]
  txout_bump_data[377]
  txout_bump_data[378]
  txout_bump_data[379]
  txout_bump_data[37]
  txout_bump_data[380]
  txout_bump_data[381]
  txout_bump_data[382]
  txout_bump_data[383]
  txout_bump_data[384]
  txout_bump_data[385]
  txout_bump_data[386]
  txout_bump_data[387]
  txout_bump_data[388]
  txout_bump_data[389]
  txout_bump_data[38]
  txout_bump_data[390]
  txout_bump_data[391]
  txout_bump_data[392]
  txout_bump_data[393]
  txout_bump_data[394]
  txout_bump_data[395]
  txout_bump_data[396]
  txout_bump_data[397]
  txout_bump_data[398]
  txout_bump_data[399]
  txout_bump_data[39]
  txout_bump_data[3]
  txout_bump_data[400]
  txout_bump_data[401]
  txout_bump_data[402]
  txout_bump_data[403]
  txout_bump_data[404]
  txout_bump_data[405]
  txout_bump_data[406]
  txout_bump_data[407]
  txout_bump_data[408]
  txout_bump_data[409]
  txout_bump_data[40]
  txout_bump_data[410]
  txout_bump_data[411]
  txout_bump_data[412]
  txout_bump_data[413]
  txout_bump_data[414]
  txout_bump_data[415]
  txout_bump_data[416]
  txout_bump_data[417]
  txout_bump_data[418]
  txout_bump_data[419]
  txout_bump_data[41]
  txout_bump_data[420]
  txout_bump_data[421]
  txout_bump_data[422]
  txout_bump_data[423]
  txout_bump_data[424]
  txout_bump_data[425]
  txout_bump_data[426]
  txout_bump_data[427]
  txout_bump_data[428]
  txout_bump_data[429]
  txout_bump_data[42]
  txout_bump_data[430]
  txout_bump_data[431]
  txout_bump_data[432]
  txout_bump_data[433]
  txout_bump_data[434]
  txout_bump_data[435]
  txout_bump_data[436]
  txout_bump_data[437]
  txout_bump_data[438]
  txout_bump_data[439]
  txout_bump_data[43]
  txout_bump_data[440]
  txout_bump_data[441]
  txout_bump_data[442]
  txout_bump_data[443]
  txout_bump_data[444]
  txout_bump_data[445]
  txout_bump_data[446]
  txout_bump_data[447]
  txout_bump_data[448]
  txout_bump_data[449]
  txout_bump_data[44]
  txout_bump_data[450]
  txout_bump_data[451]
  txout_bump_data[452]
  txout_bump_data[453]
  txout_bump_data[454]
  txout_bump_data[455]
  txout_bump_data[456]
  txout_bump_data[457]
  txout_bump_data[458]
  txout_bump_data[459]
  txout_bump_data[45]
  txout_bump_data[460]
  txout_bump_data[461]
  txout_bump_data[462]
  txout_bump_data[463]
  txout_bump_data[464]
  txout_bump_data[465]
  txout_bump_data[466]
  txout_bump_data[467]
  txout_bump_data[468]
  txout_bump_data[469]
  txout_bump_data[46]
  txout_bump_data[470]
  txout_bump_data[471]
  txout_bump_data[472]
  txout_bump_data[473]
  txout_bump_data[474]
  txout_bump_data[475]
  txout_bump_data[476]
  txout_bump_data[477]
  txout_bump_data[478]
  txout_bump_data[479]
  txout_bump_data[47]
  txout_bump_data[480]
  txout_bump_data[481]
  txout_bump_data[482]
  txout_bump_data[483]
  txout_bump_data[484]
  txout_bump_data[485]
  txout_bump_data[486]
  txout_bump_data[487]
  txout_bump_data[488]
  txout_bump_data[489]
  txout_bump_data[48]
  txout_bump_data[490]
  txout_bump_data[491]
  txout_bump_data[492]
  txout_bump_data[493]
  txout_bump_data[494]
  txout_bump_data[495]
  txout_bump_data[496]
  txout_bump_data[497]
  txout_bump_data[498]
  txout_bump_data[499]
  txout_bump_data[49]
  txout_bump_data[4]
  txout_bump_data[500]
  txout_bump_data[501]
  txout_bump_data[502]
  txout_bump_data[503]
  txout_bump_data[504]
  txout_bump_data[505]
  txout_bump_data[506]
  txout_bump_data[507]
  txout_bump_data[508]
  txout_bump_data[509]
  txout_bump_data[50]
  txout_bump_data[510]
  txout_bump_data[511]
  txout_bump_data[51]
  txout_bump_data[52]
  txout_bump_data[53]
  txout_bump_data[54]
  txout_bump_data[55]
  txout_bump_data[56]
  txout_bump_data[57]
  txout_bump_data[58]
  txout_bump_data[59]
  txout_bump_data[5]
  txout_bump_data[60]
  txout_bump_data[61]
  txout_bump_data[62]
  txout_bump_data[63]
  txout_bump_data[64]
  txout_bump_data[65]
  txout_bump_data[66]
  txout_bump_data[67]
  txout_bump_data[68]
  txout_bump_data[69]
  txout_bump_data[6]
  txout_bump_data[70]
  txout_bump_data[71]
  txout_bump_data[72]
  txout_bump_data[73]
  txout_bump_data[74]
  txout_bump_data[75]
  txout_bump_data[76]
  txout_bump_data[77]
  txout_bump_data[78]
  txout_bump_data[79]
  txout_bump_data[7]
  txout_bump_data[80]
  txout_bump_data[81]
  txout_bump_data[82]
  txout_bump_data[83]
  txout_bump_data[84]
  txout_bump_data[85]
  txout_bump_data[86]
  txout_bump_data[87]
  txout_bump_data[88]
  txout_bump_data[89]
  txout_bump_data[8]
  txout_bump_data[90]
  txout_bump_data[91]
  txout_bump_data[92]
  txout_bump_data[93]
  txout_bump_data[94]
  txout_bump_data[95]
  txout_bump_data[96]
  txout_bump_data[97]
  txout_bump_data[98]
  txout_bump_data[99]
  txout_bump_data[9]
  txout_bump_valid
  txq_bump_data[0]
  txq_bump_data[100]
  txq_bump_data[101]
  txq_bump_data[102]
  txq_bump_data[103]
  txq_bump_data[104]
  txq_bump_data[105]
  txq_bump_data[106]
  txq_bump_data[107]
  txq_bump_data[108]
  txq_bump_data[109]
  txq_bump_data[10]
  txq_bump_data[110]
  txq_bump_data[111]
  txq_bump_data[112]
  txq_bump_data[113]
  txq_bump_data[114]
  txq_bump_data[115]
  txq_bump_data[116]
  txq_bump_data[117]
  txq_bump_data[118]
  txq_bump_data[119]
  txq_bump_data[11]
  txq_bump_data[120]
  txq_bump_data[121]
  txq_bump_data[122]
  txq_bump_data[123]
  txq_bump_data[124]
  txq_bump_data[125]
  txq_bump_data[126]
  txq_bump_data[127]
  txq_bump_data[128]
  txq_bump_data[129]
  txq_bump_data[12]
  txq_bump_data[130]
  txq_bump_data[131]
  txq_bump_data[132]
  txq_bump_data[133]
  txq_bump_data[134]
  txq_bump_data[135]
  txq_bump_data[136]
  txq_bump_data[137]
  txq_bump_data[138]
  txq_bump_data[139]
  txq_bump_data[13]
  txq_bump_data[140]
  txq_bump_data[141]
  txq_bump_data[142]
  txq_bump_data[143]
  txq_bump_data[144]
  txq_bump_data[145]
  txq_bump_data[146]
  txq_bump_data[147]
  txq_bump_data[148]
  txq_bump_data[149]
  txq_bump_data[14]
  txq_bump_data[150]
  txq_bump_data[151]
  txq_bump_data[152]
  txq_bump_data[153]
  txq_bump_data[154]
  txq_bump_data[155]
  txq_bump_data[156]
  txq_bump_data[157]
  txq_bump_data[158]
  txq_bump_data[159]
  txq_bump_data[15]
  txq_bump_data[160]
  txq_bump_data[161]
  txq_bump_data[162]
  txq_bump_data[163]
  txq_bump_data[164]
  txq_bump_data[165]
  txq_bump_data[166]
  txq_bump_data[167]
  txq_bump_data[168]
  txq_bump_data[169]
  txq_bump_data[16]
  txq_bump_data[170]
  txq_bump_data[171]
  txq_bump_data[172]
  txq_bump_data[173]
  txq_bump_data[174]
  txq_bump_data[175]
  txq_bump_data[176]
  txq_bump_data[177]
  txq_bump_data[178]
  txq_bump_data[179]
  txq_bump_data[17]
  txq_bump_data[180]
  txq_bump_data[181]
  txq_bump_data[182]
  txq_bump_data[183]
  txq_bump_data[184]
  txq_bump_data[185]
  txq_bump_data[186]
  txq_bump_data[187]
  txq_bump_data[188]
  txq_bump_data[189]
  txq_bump_data[18]
  txq_bump_data[190]
  txq_bump_data[191]
  txq_bump_data[192]
  txq_bump_data[193]
  txq_bump_data[194]
  txq_bump_data[195]
  txq_bump_data[196]
  txq_bump_data[197]
  txq_bump_data[198]
  txq_bump_data[199]
  txq_bump_data[19]
  txq_bump_data[1]
  txq_bump_data[200]
  txq_bump_data[201]
  txq_bump_data[202]
  txq_bump_data[203]
  txq_bump_data[204]
  txq_bump_data[205]
  txq_bump_data[206]
  txq_bump_data[207]
  txq_bump_data[208]
  txq_bump_data[209]
  txq_bump_data[20]
  txq_bump_data[210]
  txq_bump_data[211]
  txq_bump_data[212]
  txq_bump_data[213]
  txq_bump_data[214]
  txq_bump_data[215]
  txq_bump_data[216]
  txq_bump_data[217]
  txq_bump_data[218]
  txq_bump_data[219]
  txq_bump_data[21]
  txq_bump_data[220]
  txq_bump_data[221]
  txq_bump_data[222]
  txq_bump_data[223]
  txq_bump_data[224]
  txq_bump_data[225]
  txq_bump_data[226]
  txq_bump_data[227]
  txq_bump_data[228]
  txq_bump_data[229]
  txq_bump_data[22]
  txq_bump_data[230]
  txq_bump_data[231]
  txq_bump_data[232]
  txq_bump_data[233]
  txq_bump_data[234]
  txq_bump_data[235]
  txq_bump_data[236]
  txq_bump_data[237]
  txq_bump_data[238]
  txq_bump_data[239]
  txq_bump_data[23]
  txq_bump_data[240]
  txq_bump_data[241]
  txq_bump_data[242]
  txq_bump_data[243]
  txq_bump_data[244]
  txq_bump_data[245]
  txq_bump_data[246]
  txq_bump_data[247]
  txq_bump_data[248]
  txq_bump_data[249]
  txq_bump_data[24]
  txq_bump_data[250]
  txq_bump_data[251]
  txq_bump_data[252]
  txq_bump_data[253]
  txq_bump_data[254]
  txq_bump_data[255]
  txq_bump_data[256]
  txq_bump_data[257]
  txq_bump_data[258]
  txq_bump_data[259]
  txq_bump_data[25]
  txq_bump_data[260]
  txq_bump_data[261]
  txq_bump_data[262]
  txq_bump_data[263]
  txq_bump_data[264]
  txq_bump_data[265]
  txq_bump_data[266]
  txq_bump_data[267]
  txq_bump_data[268]
  txq_bump_data[269]
  txq_bump_data[26]
  txq_bump_data[270]
  txq_bump_data[271]
  txq_bump_data[272]
  txq_bump_data[273]
  txq_bump_data[274]
  txq_bump_data[275]
  txq_bump_data[276]
  txq_bump_data[277]
  txq_bump_data[278]
  txq_bump_data[279]
  txq_bump_data[27]
  txq_bump_data[280]
  txq_bump_data[281]
  txq_bump_data[282]
  txq_bump_data[283]
  txq_bump_data[284]
  txq_bump_data[285]
  txq_bump_data[286]
  txq_bump_data[287]
  txq_bump_data[288]
  txq_bump_data[289]
  txq_bump_data[28]
  txq_bump_data[290]
  txq_bump_data[291]
  txq_bump_data[292]
  txq_bump_data[293]
  txq_bump_data[294]
  txq_bump_data[295]
  txq_bump_data[296]
  txq_bump_data[297]
  txq_bump_data[298]
  txq_bump_data[299]
  txq_bump_data[29]
  txq_bump_data[2]
  txq_bump_data[300]
  txq_bump_data[301]
  txq_bump_data[302]
  txq_bump_data[303]
  txq_bump_data[304]
  txq_bump_data[305]
  txq_bump_data[306]
  txq_bump_data[307]
  txq_bump_data[308]
  txq_bump_data[309]
  txq_bump_data[30]
  txq_bump_data[310]
  txq_bump_data[311]
  txq_bump_data[312]
  txq_bump_data[313]
  txq_bump_data[314]
  txq_bump_data[315]
  txq_bump_data[316]
  txq_bump_data[317]
  txq_bump_data[318]
  txq_bump_data[319]
  txq_bump_data[31]
  txq_bump_data[320]
  txq_bump_data[321]
  txq_bump_data[322]
  txq_bump_data[323]
  txq_bump_data[324]
  txq_bump_data[325]
  txq_bump_data[326]
  txq_bump_data[327]
  txq_bump_data[328]
  txq_bump_data[329]
  txq_bump_data[32]
  txq_bump_data[330]
  txq_bump_data[331]
  txq_bump_data[332]
  txq_bump_data[333]
  txq_bump_data[334]
  txq_bump_data[335]
  txq_bump_data[336]
  txq_bump_data[337]
  txq_bump_data[338]
  txq_bump_data[339]
  txq_bump_data[33]
  txq_bump_data[340]
  txq_bump_data[341]
  txq_bump_data[342]
  txq_bump_data[343]
  txq_bump_data[344]
  txq_bump_data[345]
  txq_bump_data[346]
  txq_bump_data[347]
  txq_bump_data[348]
  txq_bump_data[349]
  txq_bump_data[34]
  txq_bump_data[350]
  txq_bump_data[351]
  txq_bump_data[352]
  txq_bump_data[353]
  txq_bump_data[354]
  txq_bump_data[355]
  txq_bump_data[356]
  txq_bump_data[357]
  txq_bump_data[358]
  txq_bump_data[359]
  txq_bump_data[35]
  txq_bump_data[360]
  txq_bump_data[361]
  txq_bump_data[362]
  txq_bump_data[363]
  txq_bump_data[364]
  txq_bump_data[365]
  txq_bump_data[366]
  txq_bump_data[367]
  txq_bump_data[368]
  txq_bump_data[369]
  txq_bump_data[36]
  txq_bump_data[370]
  txq_bump_data[371]
  txq_bump_data[372]
  txq_bump_data[373]
  txq_bump_data[374]
  txq_bump_data[375]
  txq_bump_data[376]
  txq_bump_data[377]
  txq_bump_data[378]
  txq_bump_data[379]
  txq_bump_data[37]
  txq_bump_data[380]
  txq_bump_data[381]
  txq_bump_data[382]
  txq_bump_data[383]
  txq_bump_data[384]
  txq_bump_data[385]
  txq_bump_data[386]
  txq_bump_data[387]
  txq_bump_data[388]
  txq_bump_data[389]
  txq_bump_data[38]
  txq_bump_data[390]
  txq_bump_data[391]
  txq_bump_data[392]
  txq_bump_data[393]
  txq_bump_data[394]
  txq_bump_data[395]
  txq_bump_data[396]
  txq_bump_data[397]
  txq_bump_data[398]
  txq_bump_data[399]
  txq_bump_data[39]
  txq_bump_data[3]
  txq_bump_data[400]
  txq_bump_data[401]
  txq_bump_data[402]
  txq_bump_data[403]
  txq_bump_data[404]
  txq_bump_data[405]
  txq_bump_data[406]
  txq_bump_data[407]
  txq_bump_data[408]
  txq_bump_data[409]
  txq_bump_data[40]
  txq_bump_data[410]
  txq_bump_data[411]
  txq_bump_data[412]
  txq_bump_data[413]
  txq_bump_data[414]
  txq_bump_data[415]
  txq_bump_data[416]
  txq_bump_data[417]
  txq_bump_data[418]
  txq_bump_data[419]
  txq_bump_data[41]
  txq_bump_data[420]
  txq_bump_data[421]
  txq_bump_data[422]
  txq_bump_data[423]
  txq_bump_data[424]
  txq_bump_data[425]
  txq_bump_data[426]
  txq_bump_data[427]
  txq_bump_data[428]
  txq_bump_data[429]
  txq_bump_data[42]
  txq_bump_data[430]
  txq_bump_data[431]
  txq_bump_data[432]
  txq_bump_data[433]
  txq_bump_data[434]
  txq_bump_data[435]
  txq_bump_data[436]
  txq_bump_data[437]
  txq_bump_data[438]
  txq_bump_data[439]
  txq_bump_data[43]
  txq_bump_data[440]
  txq_bump_data[441]
  txq_bump_data[442]
  txq_bump_data[443]
  txq_bump_data[444]
  txq_bump_data[445]
  txq_bump_data[446]
  txq_bump_data[447]
  txq_bump_data[448]
  txq_bump_data[449]
  txq_bump_data[44]
  txq_bump_data[450]
  txq_bump_data[451]
  txq_bump_data[452]
  txq_bump_data[453]
  txq_bump_data[454]
  txq_bump_data[455]
  txq_bump_data[456]
  txq_bump_data[457]
  txq_bump_data[458]
  txq_bump_data[459]
  txq_bump_data[45]
  txq_bump_data[460]
  txq_bump_data[461]
  txq_bump_data[462]
  txq_bump_data[463]
  txq_bump_data[464]
  txq_bump_data[465]
  txq_bump_data[466]
  txq_bump_data[467]
  txq_bump_data[468]
  txq_bump_data[469]
  txq_bump_data[46]
  txq_bump_data[470]
  txq_bump_data[471]
  txq_bump_data[472]
  txq_bump_data[473]
  txq_bump_data[474]
  txq_bump_data[475]
  txq_bump_data[476]
  txq_bump_data[477]
  txq_bump_data[478]
  txq_bump_data[479]
  txq_bump_data[47]
  txq_bump_data[480]
  txq_bump_data[481]
  txq_bump_data[482]
  txq_bump_data[483]
  txq_bump_data[484]
  txq_bump_data[485]
  txq_bump_data[486]
  txq_bump_data[487]
  txq_bump_data[488]
  txq_bump_data[489]
  txq_bump_data[48]
  txq_bump_data[490]
  txq_bump_data[491]
  txq_bump_data[492]
  txq_bump_data[493]
  txq_bump_data[494]
  txq_bump_data[495]
  txq_bump_data[496]
  txq_bump_data[497]
  txq_bump_data[498]
  txq_bump_data[499]
  txq_bump_data[49]
  txq_bump_data[4]
  txq_bump_data[500]
  txq_bump_data[501]
  txq_bump_data[502]
  txq_bump_data[503]
  txq_bump_data[504]
  txq_bump_data[505]
  txq_bump_data[506]
  txq_bump_data[507]
  txq_bump_data[508]
  txq_bump_data[509]
  txq_bump_data[50]
  txq_bump_data[510]
  txq_bump_data[511]
  txq_bump_data[51]
  txq_bump_data[52]
  txq_bump_data[53]
  txq_bump_data[54]
  txq_bump_data[55]
  txq_bump_data[56]
  txq_bump_data[57]
  txq_bump_data[58]
  txq_bump_data[59]
  txq_bump_data[5]
  txq_bump_data[60]
  txq_bump_data[61]
  txq_bump_data[62]
  txq_bump_data[63]
  txq_bump_data[64]
  txq_bump_data[65]
  txq_bump_data[66]
  txq_bump_data[67]
  txq_bump_data[68]
  txq_bump_data[69]
  txq_bump_data[6]
  txq_bump_data[70]
  txq_bump_data[71]
  txq_bump_data[72]
  txq_bump_data[73]
  txq_bump_data[74]
  txq_bump_data[75]
  txq_bump_data[76]
  txq_bump_data[77]
  txq_bump_data[78]
  txq_bump_data[79]
  txq_bump_data[7]
  txq_bump_data[80]
  txq_bump_data[81]
  txq_bump_data[82]
  txq_bump_data[83]
  txq_bump_data[84]
  txq_bump_data[85]
  txq_bump_data[86]
  txq_bump_data[87]
  txq_bump_data[88]
  txq_bump_data[89]
  txq_bump_data[8]
  txq_bump_data[90]
  txq_bump_data[91]
  txq_bump_data[92]
  txq_bump_data[93]
  txq_bump_data[94]
  txq_bump_data[95]
  txq_bump_data[96]
  txq_bump_data[97]
  txq_bump_data[98]
  txq_bump_data[99]
  txq_bump_data[9]
  txq_bump_valid
  txv_bump_data[0]
  txv_bump_data[100]
  txv_bump_data[101]
  txv_bump_data[102]
  txv_bump_data[103]
  txv_bump_data[104]
  txv_bump_data[105]
  txv_bump_data[106]
  txv_bump_data[107]
  txv_bump_data[108]
  txv_bump_data[109]
  txv_bump_data[10]
  txv_bump_data[110]
  txv_bump_data[111]
  txv_bump_data[112]
  txv_bump_data[113]
  txv_bump_data[114]
  txv_bump_data[115]
  txv_bump_data[116]
  txv_bump_data[117]
  txv_bump_data[118]
  txv_bump_data[119]
  txv_bump_data[11]
  txv_bump_data[120]
  txv_bump_data[121]
  txv_bump_data[122]
  txv_bump_data[123]
  txv_bump_data[124]
  txv_bump_data[125]
  txv_bump_data[126]
  txv_bump_data[127]
  txv_bump_data[128]
  txv_bump_data[129]
  txv_bump_data[12]
  txv_bump_data[130]
  txv_bump_data[131]
  txv_bump_data[132]
  txv_bump_data[133]
  txv_bump_data[134]
  txv_bump_data[135]
  txv_bump_data[136]
  txv_bump_data[137]
  txv_bump_data[138]
  txv_bump_data[139]
  txv_bump_data[13]
  txv_bump_data[140]
  txv_bump_data[141]
  txv_bump_data[142]
  txv_bump_data[143]
  txv_bump_data[144]
  txv_bump_data[145]
  txv_bump_data[146]
  txv_bump_data[147]
  txv_bump_data[148]
  txv_bump_data[149]
  txv_bump_data[14]
  txv_bump_data[150]
  txv_bump_data[151]
  txv_bump_data[152]
  txv_bump_data[153]
  txv_bump_data[154]
  txv_bump_data[155]
  txv_bump_data[156]
  txv_bump_data[157]
  txv_bump_data[158]
  txv_bump_data[159]
  txv_bump_data[15]
  txv_bump_data[160]
  txv_bump_data[161]
  txv_bump_data[162]
  txv_bump_data[163]
  txv_bump_data[164]
  txv_bump_data[165]
  txv_bump_data[166]
  txv_bump_data[167]
  txv_bump_data[168]
  txv_bump_data[169]
  txv_bump_data[16]
  txv_bump_data[170]
  txv_bump_data[171]
  txv_bump_data[172]
  txv_bump_data[173]
  txv_bump_data[174]
  txv_bump_data[175]
  txv_bump_data[176]
  txv_bump_data[177]
  txv_bump_data[178]
  txv_bump_data[179]
  txv_bump_data[17]
  txv_bump_data[180]
  txv_bump_data[181]
  txv_bump_data[182]
  txv_bump_data[183]
  txv_bump_data[184]
  txv_bump_data[185]
  txv_bump_data[186]
  txv_bump_data[187]
  txv_bump_data[188]
  txv_bump_data[189]
  txv_bump_data[18]
  txv_bump_data[190]
  txv_bump_data[191]
  txv_bump_data[192]
  txv_bump_data[193]
  txv_bump_data[194]
  txv_bump_data[195]
  txv_bump_data[196]
  txv_bump_data[197]
  txv_bump_data[198]
  txv_bump_data[199]
  txv_bump_data[19]
  txv_bump_data[1]
  txv_bump_data[200]
  txv_bump_data[201]
  txv_bump_data[202]
  txv_bump_data[203]
  txv_bump_data[204]
  txv_bump_data[205]
  txv_bump_data[206]
  txv_bump_data[207]
  txv_bump_data[208]
  txv_bump_data[209]
  txv_bump_data[20]
  txv_bump_data[210]
  txv_bump_data[211]
  txv_bump_data[212]
  txv_bump_data[213]
  txv_bump_data[214]
  txv_bump_data[215]
  txv_bump_data[216]
  txv_bump_data[217]
  txv_bump_data[218]
  txv_bump_data[219]
  txv_bump_data[21]
  txv_bump_data[220]
  txv_bump_data[221]
  txv_bump_data[222]
  txv_bump_data[223]
  txv_bump_data[224]
  txv_bump_data[225]
  txv_bump_data[226]
  txv_bump_data[227]
  txv_bump_data[228]
  txv_bump_data[229]
  txv_bump_data[22]
  txv_bump_data[230]
  txv_bump_data[231]
  txv_bump_data[232]
  txv_bump_data[233]
  txv_bump_data[234]
  txv_bump_data[235]
  txv_bump_data[236]
  txv_bump_data[237]
  txv_bump_data[238]
  txv_bump_data[239]
  txv_bump_data[23]
  txv_bump_data[240]
  txv_bump_data[241]
  txv_bump_data[242]
  txv_bump_data[243]
  txv_bump_data[244]
  txv_bump_data[245]
  txv_bump_data[246]
  txv_bump_data[247]
  txv_bump_data[248]
  txv_bump_data[249]
  txv_bump_data[24]
  txv_bump_data[250]
  txv_bump_data[251]
  txv_bump_data[252]
  txv_bump_data[253]
  txv_bump_data[254]
  txv_bump_data[255]
  txv_bump_data[256]
  txv_bump_data[257]
  txv_bump_data[258]
  txv_bump_data[259]
  txv_bump_data[25]
  txv_bump_data[260]
  txv_bump_data[261]
  txv_bump_data[262]
  txv_bump_data[263]
  txv_bump_data[264]
  txv_bump_data[265]
  txv_bump_data[266]
  txv_bump_data[267]
  txv_bump_data[268]
  txv_bump_data[269]
  txv_bump_data[26]
  txv_bump_data[270]
  txv_bump_data[271]
  txv_bump_data[272]
  txv_bump_data[273]
  txv_bump_data[274]
  txv_bump_data[275]
  txv_bump_data[276]
  txv_bump_data[277]
  txv_bump_data[278]
  txv_bump_data[279]
  txv_bump_data[27]
  txv_bump_data[280]
  txv_bump_data[281]
  txv_bump_data[282]
  txv_bump_data[283]
  txv_bump_data[284]
  txv_bump_data[285]
  txv_bump_data[286]
  txv_bump_data[287]
  txv_bump_data[288]
  txv_bump_data[289]
  txv_bump_data[28]
  txv_bump_data[290]
  txv_bump_data[291]
  txv_bump_data[292]
  txv_bump_data[293]
  txv_bump_data[294]
  txv_bump_data[295]
  txv_bump_data[296]
  txv_bump_data[297]
  txv_bump_data[298]
  txv_bump_data[299]
  txv_bump_data[29]
  txv_bump_data[2]
  txv_bump_data[300]
  txv_bump_data[301]
  txv_bump_data[302]
  txv_bump_data[303]
  txv_bump_data[304]
  txv_bump_data[305]
  txv_bump_data[306]
  txv_bump_data[307]
  txv_bump_data[308]
  txv_bump_data[309]
  txv_bump_data[30]
  txv_bump_data[310]
  txv_bump_data[311]
  txv_bump_data[312]
  txv_bump_data[313]
  txv_bump_data[314]
  txv_bump_data[315]
  txv_bump_data[316]
  txv_bump_data[317]
  txv_bump_data[318]
  txv_bump_data[319]
  txv_bump_data[31]
  txv_bump_data[320]
  txv_bump_data[321]
  txv_bump_data[322]
  txv_bump_data[323]
  txv_bump_data[324]
  txv_bump_data[325]
  txv_bump_data[326]
  txv_bump_data[327]
  txv_bump_data[328]
  txv_bump_data[329]
  txv_bump_data[32]
  txv_bump_data[330]
  txv_bump_data[331]
  txv_bump_data[332]
  txv_bump_data[333]
  txv_bump_data[334]
  txv_bump_data[335]
  txv_bump_data[336]
  txv_bump_data[337]
  txv_bump_data[338]
  txv_bump_data[339]
  txv_bump_data[33]
  txv_bump_data[340]
  txv_bump_data[341]
  txv_bump_data[342]
  txv_bump_data[343]
  txv_bump_data[344]
  txv_bump_data[345]
  txv_bump_data[346]
  txv_bump_data[347]
  txv_bump_data[348]
  txv_bump_data[349]
  txv_bump_data[34]
  txv_bump_data[350]
  txv_bump_data[351]
  txv_bump_data[352]
  txv_bump_data[353]
  txv_bump_data[354]
  txv_bump_data[355]
  txv_bump_data[356]
  txv_bump_data[357]
  txv_bump_data[358]
  txv_bump_data[359]
  txv_bump_data[35]
  txv_bump_data[360]
  txv_bump_data[361]
  txv_bump_data[362]
  txv_bump_data[363]
  txv_bump_data[364]
  txv_bump_data[365]
  txv_bump_data[366]
  txv_bump_data[367]
  txv_bump_data[368]
  txv_bump_data[369]
  txv_bump_data[36]
  txv_bump_data[370]
  txv_bump_data[371]
  txv_bump_data[372]
  txv_bump_data[373]
  txv_bump_data[374]
  txv_bump_data[375]
  txv_bump_data[376]
  txv_bump_data[377]
  txv_bump_data[378]
  txv_bump_data[379]
  txv_bump_data[37]
  txv_bump_data[380]
  txv_bump_data[381]
  txv_bump_data[382]
  txv_bump_data[383]
  txv_bump_data[384]
  txv_bump_data[385]
  txv_bump_data[386]
  txv_bump_data[387]
  txv_bump_data[388]
  txv_bump_data[389]
  txv_bump_data[38]
  txv_bump_data[390]
  txv_bump_data[391]
  txv_bump_data[392]
  txv_bump_data[393]
  txv_bump_data[394]
  txv_bump_data[395]
  txv_bump_data[396]
  txv_bump_data[397]
  txv_bump_data[398]
  txv_bump_data[399]
  txv_bump_data[39]
  txv_bump_data[3]
  txv_bump_data[400]
  txv_bump_data[401]
  txv_bump_data[402]
  txv_bump_data[403]
  txv_bump_data[404]
  txv_bump_data[405]
  txv_bump_data[406]
  txv_bump_data[407]
  txv_bump_data[408]
  txv_bump_data[409]
  txv_bump_data[40]
  txv_bump_data[410]
  txv_bump_data[411]
  txv_bump_data[412]
  txv_bump_data[413]
  txv_bump_data[414]
  txv_bump_data[415]
  txv_bump_data[416]
  txv_bump_data[417]
  txv_bump_data[418]
  txv_bump_data[419]
  txv_bump_data[41]
  txv_bump_data[420]
  txv_bump_data[421]
  txv_bump_data[422]
  txv_bump_data[423]
  txv_bump_data[424]
  txv_bump_data[425]
  txv_bump_data[426]
  txv_bump_data[427]
  txv_bump_data[428]
  txv_bump_data[429]
  txv_bump_data[42]
  txv_bump_data[430]
  txv_bump_data[431]
  txv_bump_data[432]
  txv_bump_data[433]
  txv_bump_data[434]
  txv_bump_data[435]
  txv_bump_data[436]
  txv_bump_data[437]
  txv_bump_data[438]
  txv_bump_data[439]
  txv_bump_data[43]
  txv_bump_data[440]
  txv_bump_data[441]
  txv_bump_data[442]
  txv_bump_data[443]
  txv_bump_data[444]
  txv_bump_data[445]
  txv_bump_data[446]
  txv_bump_data[447]
  txv_bump_data[448]
  txv_bump_data[449]
  txv_bump_data[44]
  txv_bump_data[450]
  txv_bump_data[451]
  txv_bump_data[452]
  txv_bump_data[453]
  txv_bump_data[454]
  txv_bump_data[455]
  txv_bump_data[456]
  txv_bump_data[457]
  txv_bump_data[458]
  txv_bump_data[459]
  txv_bump_data[45]
  txv_bump_data[460]
  txv_bump_data[461]
  txv_bump_data[462]
  txv_bump_data[463]
  txv_bump_data[464]
  txv_bump_data[465]
  txv_bump_data[466]
  txv_bump_data[467]
  txv_bump_data[468]
  txv_bump_data[469]
  txv_bump_data[46]
  txv_bump_data[470]
  txv_bump_data[471]
  txv_bump_data[472]
  txv_bump_data[473]
  txv_bump_data[474]
  txv_bump_data[475]
  txv_bump_data[476]
  txv_bump_data[477]
  txv_bump_data[478]
  txv_bump_data[479]
  txv_bump_data[47]
  txv_bump_data[480]
  txv_bump_data[481]
  txv_bump_data[482]
  txv_bump_data[483]
  txv_bump_data[484]
  txv_bump_data[485]
  txv_bump_data[486]
  txv_bump_data[487]
  txv_bump_data[488]
  txv_bump_data[489]
  txv_bump_data[48]
  txv_bump_data[490]
  txv_bump_data[491]
  txv_bump_data[492]
  txv_bump_data[493]
  txv_bump_data[494]
  txv_bump_data[495]
  txv_bump_data[496]
  txv_bump_data[497]
  txv_bump_data[498]
  txv_bump_data[499]
  txv_bump_data[49]
  txv_bump_data[4]
  txv_bump_data[500]
  txv_bump_data[501]
  txv_bump_data[502]
  txv_bump_data[503]
  txv_bump_data[504]
  txv_bump_data[505]
  txv_bump_data[506]
  txv_bump_data[507]
  txv_bump_data[508]
  txv_bump_data[509]
  txv_bump_data[50]
  txv_bump_data[510]
  txv_bump_data[511]
  txv_bump_data[51]
  txv_bump_data[52]
  txv_bump_data[53]
  txv_bump_data[54]
  txv_bump_data[55]
  txv_bump_data[56]
  txv_bump_data[57]
  txv_bump_data[58]
  txv_bump_data[59]
  txv_bump_data[5]
  txv_bump_data[60]
  txv_bump_data[61]
  txv_bump_data[62]
  txv_bump_data[63]
  txv_bump_data[64]
  txv_bump_data[65]
  txv_bump_data[66]
  txv_bump_data[67]
  txv_bump_data[68]
  txv_bump_data[69]
  txv_bump_data[6]
  txv_bump_data[70]
  txv_bump_data[71]
  txv_bump_data[72]
  txv_bump_data[73]
  txv_bump_data[74]
  txv_bump_data[75]
  txv_bump_data[76]
  txv_bump_data[77]
  txv_bump_data[78]
  txv_bump_data[79]
  txv_bump_data[7]
  txv_bump_data[80]
  txv_bump_data[81]
  txv_bump_data[82]
  txv_bump_data[83]
  txv_bump_data[84]
  txv_bump_data[85]
  txv_bump_data[86]
  txv_bump_data[87]
  txv_bump_data[88]
  txv_bump_data[89]
  txv_bump_data[8]
  txv_bump_data[90]
  txv_bump_data[91]
  txv_bump_data[92]
  txv_bump_data[93]
  txv_bump_data[94]
  txv_bump_data[95]
  txv_bump_data[96]
  txv_bump_data[97]
  txv_bump_data[98]
  txv_bump_data[99]
  txv_bump_data[9]
  txv_bump_valid
%OL_END_REPORT
%OL_CREATE_REPORT power.rpt

===========================================================================
 report_power
============================================================================
======================= nom_tt_025C_1v80 Corner ===================================

Group                    Internal    Switching      Leakage        Total
                            Power        Power        Power        Power (Watts)
------------------------------------------------------------------------
Sequential           3.746436e-05 1.511308e-06 1.196928e-10 3.897579e-05  33.7%
Combinational        1.856351e-06 2.501112e-06 1.886293e-08 4.376327e-06   3.8%
Clock                5.570731e-05 1.612749e-05 4.232472e-07 7.225804e-05  62.5%
Macro                0.000000e+00 0.000000e+00 0.000000e+00 0.000000e+00   0.0%
Pad                  0.000000e+00 0.000000e+00 0.000000e+00 0.000000e+00   0.0%
------------------------------------------------------------------------
Total                9.502803e-05 2.013990e-05 4.422234e-07 1.156102e-04 100.0%
                            82.2%        17.4%         0.4%
%OL_METRIC_F power__internal__total 9.502803004579619e-5
%OL_METRIC_F power__switching__total 2.0139903426752426e-5
%OL_METRIC_F power__leakage__total 4.422234383127943e-7
%OL_METRIC_F power__total 0.00011561015708139166

%OL_END_REPORT
%OL_CREATE_REPORT skew.min.rpt

===========================================================================
Clock Skew (Hold)
============================================================================
%OL_METRIC_F clock__skew__worst_hold__corner:nom_tt_025C_1v80 -0.0025457692230403703
======================= nom_tt_025C_1v80 Corner ===================================

Clock clk
Latency      CRPR       Skew
_0062_/CLK ^
0.279204
_0067_/CLK ^
0.281749   0.000000    -0.002546

%OL_END_REPORT
%OL_CREATE_REPORT skew.max.rpt

===========================================================================
Clock Skew (Setup)
============================================================================
%OL_METRIC_F clock__skew__worst_setup__corner:nom_tt_025C_1v80 -0.0025457692230403703
======================= nom_tt_025C_1v80 Corner ===================================

Clock clk
Latency      CRPR       Skew
_0062_/CLK ^
0.279204
_0067_/CLK ^
0.281749   0.000000    -0.002546

%OL_END_REPORT
%OL_CREATE_REPORT ws.min.rpt

===========================================================================
Worst Slack (Hold)
============================================================================
%OL_METRIC_F timing__hold__ws__corner:nom_tt_025C_1v80 0.34520703939149117
nom_tt_025C_1v80: 0.34520703939149117
%OL_END_REPORT
%OL_CREATE_REPORT ws.max.rpt

===========================================================================
Worst Slack (Setup)
============================================================================
%OL_METRIC_F timing__setup__ws__corner:nom_tt_025C_1v80 6.9237391113486
nom_tt_025C_1v80: 6.9237391113486
%OL_END_REPORT
%OL_CREATE_REPORT tns.min.rpt

===========================================================================
Total Negative Slack (Hold)
============================================================================
%OL_METRIC_F timing__hold__tns__corner:nom_tt_025C_1v80 0.0
nom_tt_025C_1v80: 0.0
%OL_END_REPORT
%OL_CREATE_REPORT tns.max.rpt

===========================================================================
Total Negative Slack (Setup)
============================================================================
%OL_METRIC_F timing__setup__tns__corner:nom_tt_025C_1v80 0.0
nom_tt_025C_1v80: 0.0
%OL_END_REPORT
%OL_CREATE_REPORT wns.min.rpt

===========================================================================
Worst Negative Slack (Hold)
============================================================================
%OL_METRIC_F timing__hold__wns__corner:nom_tt_025C_1v80 0
nom_tt_025C_1v80: 0
%OL_END_REPORT
%OL_CREATE_REPORT wns.max.rpt

===========================================================================
Worst Negative Slack (Setup)
============================================================================
%OL_METRIC_F timing__setup__wns__corner:nom_tt_025C_1v80 0.0
nom_tt_025C_1v80: 0.0
%OL_END_REPORT
%OL_CREATE_REPORT violator_list.rpt

===========================================================================
Violator List
============================================================================
%OL_METRIC_I timing__hold_vio__count__corner:nom_tt_025C_1v80 0
%OL_METRIC_F timing__hold_r2r__ws__corner:nom_tt_025C_1v80 0.345207
%OL_METRIC_I timing__hold_r2r_vio__count__corner:nom_tt_025C_1v80 0
%OL_METRIC_I timing__setup_vio__count__corner:nom_tt_025C_1v80 0
%OL_METRIC_F timing__setup_r2r__ws__corner:nom_tt_025C_1v80 inf
%OL_METRIC_I timing__setup_r2r_vio__count__corner:nom_tt_025C_1v80 0
%OL_END_REPORT
%OL_CREATE_REPORT unpropagated.rpt
%OL_END_REPORT
Writing SDF files for all corners…
Removing Clock latencies before writing libs…
Writing timing models for all corners…
Writing timing models for the nom_tt_025C_1v80 corner to /work/runs/RUN_2026-05-18_06-24-15/48-openroad-stapostpnr/nom_tt_025C_1v80/chiplet_0_qkv_outproj__nom_tt_025C_1v80.lib…
