
 /----------------------------------------------------------------------------\
 |                                                                            |
 |  yosys -- Yosys Open SYnthesis Suite                                       |
 |                                                                            |
 |  Copyright (C) 2012 - 2020  Claire Xenia Wolf <claire@yosyshq.com>         |
 |                                                                            |
 |  Permission to use, copy, modify, and/or distribute this software for any  |
 |  purpose with or without fee is hereby granted, provided that the above    |
 |  copyright notice and this permission notice appear in all copies.         |
 |                                                                            |
 |  THE SOFTWARE IS PROVIDED "AS IS" AND THE AUTHOR DISCLAIMS ALL WARRANTIES  |
 |  WITH REGARD TO THIS SOFTWARE INCLUDING ALL IMPLIED WARRANTIES OF          |
 |  MERCHANTABILITY AND FITNESS. IN NO EVENT SHALL THE AUTHOR BE LIABLE FOR   |
 |  ANY SPECIAL, DIRECT, INDIRECT, OR CONSEQUENTIAL DAMAGES OR ANY DAMAGES    |
 |  WHATSOEVER RESULTING FROM LOSS OF USE, DATA OR PROFITS, WHETHER IN AN     |
 |  ACTION OF CONTRACT, NEGLIGENCE OR OTHER TORTIOUS ACTION, ARISING OUT OF   |
 |  OR IN CONNECTION WITH THE USE OR PERFORMANCE OF THIS SOFTWARE.            |
 |                                                                            |
 \----------------------------------------------------------------------------/

 Yosys 0.38 (git sha1 543faed9c8c, clang++ 17.0.6 -fPIC -Os)

Loaded SDC plugin
[TCL: yosys -import] Command name collision: found pre-existing command `cd' -> skip.
[TCL: yosys -import] Command name collision: found pre-existing command `eval' -> skip.
[TCL: yosys -import] Command name collision: found pre-existing command `exec' -> skip.
[TCL: yosys -import] Command name collision: found pre-existing command `read' -> skip.
[TCL: yosys -import] Command name collision: found pre-existing command `trace' -> skip.

1. Executing Liberty frontend: /root/.volare/volare/sky130/versions/bdc9412b3e468c102d01b7cf6337be06ec6e9c9a/sky130A/libs.ref/sky130_fd_sc_hd/lib/sky130_fd_sc_hd__tt_025C_1v80.lib
Imported 428 cell types from liberty file.

2. Executing Verilog-2005 frontend: /work/axi_if.v
Parsing SystemVerilog input from `/work/axi_if.v' to AST representation.
Generating RTLIL representation for module `\axi_if'.
Successfully finished Verilog frontend.

3. Executing Verilog-2005 frontend: /work/axi_lite_csr.v
Parsing SystemVerilog input from `/work/axi_lite_csr.v' to AST representation.
Generating RTLIL representation for module `\axi_lite_csr'.
Successfully finished Verilog frontend.

4. Executing Verilog-2005 frontend: /work/axis_input_fifo.v
Parsing SystemVerilog input from `/work/axis_input_fifo.v' to AST representation.
Generating RTLIL representation for module `\axis_input_fifo'.
Warning: Replacing memory \flat with list of registers. See /work/axis_input_fifo.v:96
Warning: Replacing memory \f_tlast with list of registers. See /work/axis_input_fifo.v:58
Warning: Replacing memory \f_tuser with list of registers. See /work/axis_input_fifo.v:57
Warning: Replacing memory \f_tid with list of registers. See /work/axis_input_fifo.v:56
Warning: Replacing memory \f_data with list of registers. See /work/axis_input_fifo.v:55
Successfully finished Verilog frontend.

5. Executing Verilog-2005 frontend: /work/axis_output_fifo.v
Parsing SystemVerilog input from `/work/axis_output_fifo.v' to AST representation.
Generating RTLIL representation for module `\axis_output_fifo'.
Warning: Replacing memory \f_last with list of registers. See /work/axis_output_fifo.v:72
Warning: Replacing memory \f_data with list of registers. See /work/axis_output_fifo.v:69
Warning: Replacing memory \flat_in with list of registers. See /work/axis_output_fifo.v:49
Successfully finished Verilog frontend.

6. Executing Verilog-2005 frontend: /work/bf16_add.v
Parsing SystemVerilog input from `/work/bf16_add.v' to AST representation.
Generating RTLIL representation for module `\bf16_add'.
Successfully finished Verilog frontend.

7. Executing Verilog-2005 frontend: /work/bf16_mac.v
Parsing SystemVerilog input from `/work/bf16_mac.v' to AST representation.
Generating RTLIL representation for module `\bf16_mac'.
Successfully finished Verilog frontend.

8. Executing Verilog-2005 frontend: /work/chiplet_0_qkv_outproj.v
Parsing SystemVerilog input from `/work/chiplet_0_qkv_outproj.v' to AST representation.
Generating RTLIL representation for module `\chiplet_0_qkv_outproj'.
Successfully finished Verilog frontend.

9. Executing Verilog-2005 frontend: /work/chiplet_9_taylor.v
Parsing SystemVerilog input from `/work/chiplet_9_taylor.v' to AST representation.
Generating RTLIL representation for module `\chiplet_9_taylor'.
Successfully finished Verilog frontend.

10. Executing Verilog-2005 frontend: /work/chiplet_head.v
Parsing SystemVerilog input from `/work/chiplet_head.v' to AST representation.
Generating RTLIL representation for module `\chiplet_head'.
Successfully finished Verilog frontend.

11. Executing Verilog-2005 frontend: /work/fp32_add.v
Parsing SystemVerilog input from `/work/fp32_add.v' to AST representation.
Generating RTLIL representation for module `\fp32_add'.
Successfully finished Verilog frontend.

12. Executing Verilog-2005 frontend: /work/fp32_mul.v
Parsing SystemVerilog input from `/work/fp32_mul.v' to AST representation.
Generating RTLIL representation for module `\fp32_mul'.
Successfully finished Verilog frontend.

13. Executing Verilog-2005 frontend: /work/perf_counter.v
Parsing SystemVerilog input from `/work/perf_counter.v' to AST representation.
Generating RTLIL representation for module `\perf_counter'.
Successfully finished Verilog frontend.

14. Executing Verilog-2005 frontend: /work/synth_top.v
Parsing SystemVerilog input from `/work/synth_top.v' to AST representation.
Generating RTLIL representation for module `\synth_top'.
Successfully finished Verilog frontend.

15. Executing Verilog-2005 frontend: /work/systolic_array.v
Parsing SystemVerilog input from `/work/systolic_array.v' to AST representation.
Generating RTLIL representation for module `\systolic_array'.
Warning: Replacing memory \acc_fp32 with list of registers. See /work/systolic_array.v:71
Warning: Replacing memory \a_reg with list of registers. See /work/systolic_array.v:34
Successfully finished Verilog frontend.

16. Executing Verilog-2005 frontend: /work/ucie_crc8.v
Parsing SystemVerilog input from `/work/ucie_crc8.v' to AST representation.
Generating RTLIL representation for module `\ucie_crc8'.
Successfully finished Verilog frontend.

17. Executing Verilog-2005 frontend: /work/ucie_rx.v
Parsing SystemVerilog input from `/work/ucie_rx.v' to AST representation.
Generating RTLIL representation for module `\ucie_rx'.
Warning: Replacing memory \buf_words with list of registers. See /work/ucie_rx.v:76
Successfully finished Verilog frontend.

18. Executing Verilog-2005 frontend: /work/ucie_tx.v
Parsing SystemVerilog input from `/work/ucie_tx.v' to AST representation.
Generating RTLIL representation for module `\ucie_tx'.
Warning: Replacing memory \tile_buf with list of registers. See /work/ucie_tx.v:96
Warning: Replacing memory \flat with list of registers. See /work/ucie_tx.v:39
Successfully finished Verilog frontend.

19. Executing Verilog-2005 frontend: /work/watchdog.v
Parsing SystemVerilog input from `/work/watchdog.v' to AST representation.
Generating RTLIL representation for module `\watchdog'.
Successfully finished Verilog frontend.

20. Executing Verilog-2005 frontend: /work/wb2axip.v
Parsing SystemVerilog input from `/work/wb2axip.v' to AST representation.
Generating RTLIL representation for module `\wb2axip'.
Successfully finished Verilog frontend.
Parameter \TILE = 8

21. Executing AST frontend in derive mode using pre-parsed AST for module `\chiplet_0_qkv_outproj'.
Parameter \TILE = 8
Generating RTLIL representation for module `$paramod\chiplet_0_qkv_outproj\TILE=32'00000000000000000000000000001000'.
Parameter \NUM_HEADS = 1

22. Executing AST frontend in derive mode using pre-parsed AST for module `\chiplet_0_qkv_outproj'.
Parameter \NUM_HEADS = 1
Generating RTLIL representation for module `$paramod\chiplet_0_qkv_outproj\NUM_HEADS=32'00000000000000000000000000000001'.
Parameter \D_MODEL = 64

23. Executing AST frontend in derive mode using pre-parsed AST for module `\chiplet_0_qkv_outproj'.
Parameter \D_MODEL = 64
Generating RTLIL representation for module `$paramod\chiplet_0_qkv_outproj\D_MODEL=32'00000000000000000000000001000000'.
Parameter \D_HEAD = 8

24. Executing AST frontend in derive mode using pre-parsed AST for module `\chiplet_0_qkv_outproj'.
Parameter \D_HEAD = 8
Generating RTLIL representation for module `$paramod\chiplet_0_qkv_outproj\D_HEAD=32'00000000000000000000000000001000'.
Parameter \K_DIM = 8

25. Executing AST frontend in derive mode using pre-parsed AST for module `\chiplet_0_qkv_outproj'.
Parameter \K_DIM = 8
Generating RTLIL representation for module `$paramod\chiplet_0_qkv_outproj\K_DIM=32'00000000000000000000000000001000'.

26. Executing HIERARCHY pass (managing design hierarchy).

26.1. Analyzing design hierarchy..
Top module:  \chiplet_0_qkv_outproj

26.2. Analyzing design hierarchy..
Top module:  \chiplet_0_qkv_outproj
Removing unused module `\wb2axip'.
Removing unused module `\watchdog'.
Removing unused module `\ucie_tx'.
Removing unused module `\ucie_rx'.
Removing unused module `\ucie_crc8'.
Removing unused module `\systolic_array'.
Removing unused module `\synth_top'.
Removing unused module `\perf_counter'.
Removing unused module `\fp32_mul'.
Removing unused module `\fp32_add'.
Removing unused module `\chiplet_head'.
Removing unused module `\chiplet_9_taylor'.
Removing unused module `\bf16_mac'.
Removing unused module `\bf16_add'.
Removing unused module `\axis_output_fifo'.
Removing unused module `\axis_input_fifo'.
Removing unused module `\axi_lite_csr'.
Removing unused module `\axi_if'.
Removed 18 unused modules.
Renaming module chiplet_0_qkv_outproj to chiplet_0_qkv_outproj.

27. Generating Graphviz representation of design.
Writing dot description to `/work/runs/RUN_2026-05-18_06-24-15/02-yosys-synthesis/hierarchy.dot'.
Dumping module chiplet_0_qkv_outproj to page 1.

28. Executing TRIBUF pass.

29. Executing HIERARCHY pass (managing design hierarchy).

29.1. Analyzing design hierarchy..
Top module:  \chiplet_0_qkv_outproj

29.2. Analyzing design hierarchy..
Top module:  \chiplet_0_qkv_outproj
Removed 0 unused modules.

30. Executing PROC_CLEAN pass (remove empty switches from decision trees).
Cleaned up 0 empty switches.

31. Executing PROC_RMDEAD pass (remove dead branches from decision trees).
Marked 2 switch rules as full_case in process $proc$/work/chiplet_0_qkv_outproj.v:61$45798 in module chiplet_0_qkv_outproj.
Removed a total of 0 dead cases.

32. Executing PROC_PRUNE pass (remove redundant assignments in processes).
Removed 1 redundant assignment.
Promoted 0 assignments to connections.

33. Executing PROC_INIT pass (extract init attributes).

34. Executing PROC_ARST pass (detect async resets in processes).
Found async reset \rst_n in `\chiplet_0_qkv_outproj.$proc$/work/chiplet_0_qkv_outproj.v:61$45798'.

35. Executing PROC_ROM pass (convert switches to ROMs).
Converted 0 switches.
<suppressed ~2 debug messages>

36. Executing PROC_MUX pass (convert decision trees to multiplexers).
Creating decoders for process `\chiplet_0_qkv_outproj.$proc$/work/chiplet_0_qkv_outproj.v:61$45798'.
     1/2: $0\done_r[0:0]
     2/2: $0\cnt[7:0]

37. Executing PROC_DLATCH pass (convert process syncs to latches).

38. Executing PROC_DFF pass (convert process syncs to FFs).
Creating register for signal `\chiplet_0_qkv_outproj.\cnt' using process `\chiplet_0_qkv_outproj.$proc$/work/chiplet_0_qkv_outproj.v:61$45798'.
  created $adff cell `$procdff$45811' with positive edge clock and negative level reset.
Creating register for signal `\chiplet_0_qkv_outproj.\done_r' using process `\chiplet_0_qkv_outproj.$proc$/work/chiplet_0_qkv_outproj.v:61$45798'.
  created $adff cell `$procdff$45812' with positive edge clock and negative level reset.

39. Executing PROC_MEMWR pass (convert process memory writes to cells).

40. Executing PROC_CLEAN pass (remove empty switches from decision trees).
Found and cleaned up 2 empty switches in `\chiplet_0_qkv_outproj.$proc$/work/chiplet_0_qkv_outproj.v:61$45798'.
Removing empty process `chiplet_0_qkv_outproj.$proc$/work/chiplet_0_qkv_outproj.v:61$45798'.
Cleaned up 2 empty switches.

41. Executing CHECK pass (checking for obvious problems).
Checking module chiplet_0_qkv_outproj...
Found and reported 0 problems.

42. Executing OPT_EXPR pass (perform const folding).
Optimizing module chiplet_0_qkv_outproj.

43. Executing FLATTEN pass (flatten design).

44. Executing OPT_EXPR pass (perform const folding).
Optimizing module chiplet_0_qkv_outproj.

45. Executing OPT_CLEAN pass (remove unused cells and wires).
Finding unused cells or wires in module \chiplet_0_qkv_outproj..
Removed 1 unused cells and 6 unused wires.
<suppressed ~2 debug messages>

46. Executing OPT pass (performing simple optimizations).

46.1. Executing OPT_EXPR pass (perform const folding).
Optimizing module chiplet_0_qkv_outproj.

46.2. Executing OPT_MERGE pass (detect identical cells).
Finding identical cells in module `\chiplet_0_qkv_outproj'.
Removed a total of 0 cells.

46.3. Executing OPT_MUXTREE pass (detect dead branches in mux trees).
Running muxtree optimizer on module \chiplet_0_qkv_outproj..
  Creating internal representation of mux trees.
  Evaluating internal representation of mux trees.
  Analyzing evaluation results.
Removed 0 multiplexer ports.
<suppressed ~2 debug messages>

46.4. Executing OPT_REDUCE pass (consolidate $*mux and $reduce_* inputs).
  Optimizing cells in module \chiplet_0_qkv_outproj.
Performed a total of 0 changes.

46.5. Executing OPT_MERGE pass (detect identical cells).
Finding identical cells in module `\chiplet_0_qkv_outproj'.
Removed a total of 0 cells.

46.6. Executing OPT_DFF pass (perform DFF optimizations).

46.7. Executing OPT_CLEAN pass (remove unused cells and wires).
Finding unused cells or wires in module \chiplet_0_qkv_outproj..

46.8. Executing OPT_EXPR pass (perform const folding).
Optimizing module chiplet_0_qkv_outproj.

46.9. Finished OPT passes. (There is nothing left to do.)

47. Executing FSM pass (extract and optimize FSM).

47.1. Executing FSM_DETECT pass (finding FSMs in design).

47.2. Executing FSM_EXTRACT pass (extracting FSM from design).

47.3. Executing FSM_OPT pass (simple optimizations of FSMs).

47.4. Executing OPT_CLEAN pass (remove unused cells and wires).
Finding unused cells or wires in module \chiplet_0_qkv_outproj..

47.5. Executing FSM_OPT pass (simple optimizations of FSMs).

47.6. Executing FSM_RECODE pass (re-assigning FSM state encoding).

47.7. Executing FSM_INFO pass (dumping all available information on FSM cells).

47.8. Executing FSM_MAP pass (mapping FSMs to basic logic).

48. Executing OPT pass (performing simple optimizations).

48.1. Executing OPT_EXPR pass (perform const folding).
Optimizing module chiplet_0_qkv_outproj.

48.2. Executing OPT_MERGE pass (detect identical cells).
Finding identical cells in module `\chiplet_0_qkv_outproj'.
Removed a total of 0 cells.

48.3. Executing OPT_MUXTREE pass (detect dead branches in mux trees).
Running muxtree optimizer on module \chiplet_0_qkv_outproj..
  Creating internal representation of mux trees.
  Evaluating internal representation of mux trees.
  Analyzing evaluation results.
Removed 0 multiplexer ports.
<suppressed ~2 debug messages>

48.4. Executing OPT_REDUCE pass (consolidate $*mux and $reduce_* inputs).
  Optimizing cells in module \chiplet_0_qkv_outproj.
Performed a total of 0 changes.

48.5. Executing OPT_MERGE pass (detect identical cells).
Finding identical cells in module `\chiplet_0_qkv_outproj'.
Removed a total of 0 cells.

48.6. Executing OPT_DFF pass (perform DFF optimizations).
Adding EN signal on $procdff$45811 ($adff) from module chiplet_0_qkv_outproj (D = $0\cnt[7:0], Q = \cnt).

48.7. Executing OPT_CLEAN pass (remove unused cells and wires).
Finding unused cells or wires in module \chiplet_0_qkv_outproj..

48.8. Executing OPT_EXPR pass (perform const folding).
Optimizing module chiplet_0_qkv_outproj.
<suppressed ~1 debug messages>

48.9. Rerunning OPT passes. (Maybe there is more to do..)

48.10. Executing OPT_MUXTREE pass (detect dead branches in mux trees).
Running muxtree optimizer on module \chiplet_0_qkv_outproj..
  Creating internal representation of mux trees.
  Evaluating internal representation of mux trees.
  Analyzing evaluation results.
Removed 0 multiplexer ports.
<suppressed ~2 debug messages>

48.11. Executing OPT_REDUCE pass (consolidate $*mux and $reduce_* inputs).
  Optimizing cells in module \chiplet_0_qkv_outproj.
Performed a total of 0 changes.

48.12. Executing OPT_MERGE pass (detect identical cells).
Finding identical cells in module `\chiplet_0_qkv_outproj'.
Removed a total of 0 cells.

48.13. Executing OPT_DFF pass (perform DFF optimizations).

48.14. Executing OPT_CLEAN pass (remove unused cells and wires).
Finding unused cells or wires in module \chiplet_0_qkv_outproj..

48.15. Executing OPT_EXPR pass (perform const folding).
Optimizing module chiplet_0_qkv_outproj.

48.16. Finished OPT passes. (There is nothing left to do.)

49. Executing WREDUCE pass (reducing word size of cells).
Removed top 31 bits (of 32) from port B of cell chiplet_0_qkv_outproj.$add$/work/chiplet_0_qkv_outproj.v:72$45801 ($add).
Removed top 24 bits (of 32) from port Y of cell chiplet_0_qkv_outproj.$add$/work/chiplet_0_qkv_outproj.v:72$45801 ($add).
Removed top 24 bits (of 32) from wire chiplet_0_qkv_outproj.$add$/work/chiplet_0_qkv_outproj.v:72$45801_Y.
Removed top 2 bits (of 8) from wire chiplet_0_qkv_outproj.cnt.

50. Executing PEEPOPT pass (run peephole optimizers).

51. Executing OPT_CLEAN pass (remove unused cells and wires).
Finding unused cells or wires in module \chiplet_0_qkv_outproj..
Removed 0 unused cells and 1 unused wires.
<suppressed ~1 debug messages>

52. Executing ALUMACC pass (create $alu and $macc cells).
Extracting $alu and $macc cells in module chiplet_0_qkv_outproj:
  creating $macc model for $add$/work/chiplet_0_qkv_outproj.v:72$45801 ($add).
  creating $alu model for $macc $add$/work/chiplet_0_qkv_outproj.v:72$45801.
  creating $alu model for $lt$/work/chiplet_0_qkv_outproj.v:71$45800 ($lt): new $alu
  creating $alu cell for $lt$/work/chiplet_0_qkv_outproj.v:71$45800: $auto$alumacc.cc:485:replace_alu$45819
  creating $alu cell for $add$/work/chiplet_0_qkv_outproj.v:72$45801: $auto$alumacc.cc:485:replace_alu$45830
  created 2 $alu and 0 $macc cells.

53. Executing SHARE pass (SAT-based resource sharing).

54. Executing OPT pass (performing simple optimizations).

54.1. Executing OPT_EXPR pass (perform const folding).
Optimizing module chiplet_0_qkv_outproj.
<suppressed ~1 debug messages>

54.2. Executing OPT_MERGE pass (detect identical cells).
Finding identical cells in module `\chiplet_0_qkv_outproj'.
Removed a total of 0 cells.

54.3. Executing OPT_MUXTREE pass (detect dead branches in mux trees).
Running muxtree optimizer on module \chiplet_0_qkv_outproj..
  Creating internal representation of mux trees.
  Evaluating internal representation of mux trees.
  Analyzing evaluation results.
Removed 0 multiplexer ports.
<suppressed ~2 debug messages>

54.4. Executing OPT_REDUCE pass (consolidate $*mux and $reduce_* inputs).
  Optimizing cells in module \chiplet_0_qkv_outproj.
Performed a total of 0 changes.

54.5. Executing OPT_MERGE pass (detect identical cells).
Finding identical cells in module `\chiplet_0_qkv_outproj'.
Removed a total of 0 cells.

54.6. Executing OPT_DFF pass (perform DFF optimizations).

54.7. Executing OPT_CLEAN pass (remove unused cells and wires).
Finding unused cells or wires in module \chiplet_0_qkv_outproj..
Removed 0 unused cells and 1 unused wires.
<suppressed ~1 debug messages>

54.8. Executing OPT_EXPR pass (perform const folding).
Optimizing module chiplet_0_qkv_outproj.

54.9. Rerunning OPT passes. (Maybe there is more to do..)

54.10. Executing OPT_MUXTREE pass (detect dead branches in mux trees).
Running muxtree optimizer on module \chiplet_0_qkv_outproj..
  Creating internal representation of mux trees.
  Evaluating internal representation of mux trees.
  Analyzing evaluation results.
Removed 0 multiplexer ports.
<suppressed ~2 debug messages>

54.11. Executing OPT_REDUCE pass (consolidate $*mux and $reduce_* inputs).
  Optimizing cells in module \chiplet_0_qkv_outproj.
Performed a total of 0 changes.

54.12. Executing OPT_MERGE pass (detect identical cells).
Finding identical cells in module `\chiplet_0_qkv_outproj'.
Removed a total of 0 cells.

54.13. Executing OPT_DFF pass (perform DFF optimizations).

54.14. Executing OPT_CLEAN pass (remove unused cells and wires).
Finding unused cells or wires in module \chiplet_0_qkv_outproj..

54.15. Executing OPT_EXPR pass (perform const folding).
Optimizing module chiplet_0_qkv_outproj.

54.16. Finished OPT passes. (There is nothing left to do.)

55. Executing MEMORY pass.

55.1. Executing OPT_MEM pass (optimize memories).
Performed a total of 0 transformations.

55.2. Executing OPT_MEM_PRIORITY pass (removing unnecessary memory write priority relations).
Performed a total of 0 transformations.

55.3. Executing OPT_MEM_FEEDBACK pass (finding memory read-to-write feedback paths).

55.4. Executing MEMORY_BMUX2ROM pass (converting muxes to ROMs).

55.5. Executing MEMORY_DFF pass (merging $dff cells to $memrd).

55.6. Executing OPT_CLEAN pass (remove unused cells and wires).
Finding unused cells or wires in module \chiplet_0_qkv_outproj..

55.7. Executing MEMORY_SHARE pass (consolidating $memrd/$memwr cells).

55.8. Executing OPT_MEM_WIDEN pass (optimize memories where all ports are wide).
Performed a total of 0 transformations.

55.9. Executing OPT_CLEAN pass (remove unused cells and wires).
Finding unused cells or wires in module \chiplet_0_qkv_outproj..

55.10. Executing MEMORY_COLLECT pass (generating $mem cells).

56. Executing OPT_CLEAN pass (remove unused cells and wires).
Finding unused cells or wires in module \chiplet_0_qkv_outproj..

57. Executing OPT pass (performing simple optimizations).

57.1. Executing OPT_EXPR pass (perform const folding).
Optimizing module chiplet_0_qkv_outproj.
<suppressed ~1 debug messages>

57.2. Executing OPT_MERGE pass (detect identical cells).
Finding identical cells in module `\chiplet_0_qkv_outproj'.
Removed a total of 0 cells.

57.3. Executing OPT_DFF pass (perform DFF optimizations).

57.4. Executing OPT_CLEAN pass (remove unused cells and wires).
Finding unused cells or wires in module \chiplet_0_qkv_outproj..
Removed 0 unused cells and 1 unused wires.
<suppressed ~1 debug messages>

57.5. Finished fast OPT passes.

58. Executing MEMORY_MAP pass (converting memories to logic and flip-flops).

59. Executing OPT pass (performing simple optimizations).

59.1. Executing OPT_EXPR pass (perform const folding).
Optimizing module chiplet_0_qkv_outproj.

59.2. Executing OPT_MERGE pass (detect identical cells).
Finding identical cells in module `\chiplet_0_qkv_outproj'.
Removed a total of 0 cells.

59.3. Executing OPT_MUXTREE pass (detect dead branches in mux trees).
Running muxtree optimizer on module \chiplet_0_qkv_outproj..
  Creating internal representation of mux trees.
  Evaluating internal representation of mux trees.
  Analyzing evaluation results.
Removed 0 multiplexer ports.
<suppressed ~2 debug messages>

59.4. Executing OPT_REDUCE pass (consolidate $*mux and $reduce_* inputs).
  Optimizing cells in module \chiplet_0_qkv_outproj.
Performed a total of 0 changes.

59.5. Executing OPT_MERGE pass (detect identical cells).
Finding identical cells in module `\chiplet_0_qkv_outproj'.
Removed a total of 0 cells.

59.6. Executing OPT_SHARE pass.

59.7. Executing OPT_DFF pass (perform DFF optimizations).

59.8. Executing OPT_CLEAN pass (remove unused cells and wires).
Finding unused cells or wires in module \chiplet_0_qkv_outproj..

59.9. Executing OPT_EXPR pass (perform const folding).
Optimizing module chiplet_0_qkv_outproj.

59.10. Finished OPT passes. (There is nothing left to do.)

60. Executing TECHMAP pass (map to technology primitives).

60.1. Executing Verilog-2005 frontend: /nix/store/sx2v0i73mn1ih2z1nk61pm9n5gjgpidy-yosys/bin/../share/yosys/techmap.v
Parsing Verilog input from `/nix/store/sx2v0i73mn1ih2z1nk61pm9n5gjgpidy-yosys/bin/../share/yosys/techmap.v' to AST representation.
Generating RTLIL representation for module `\_90_simplemap_bool_ops'.
Generating RTLIL representation for module `\_90_simplemap_reduce_ops'.
Generating RTLIL representation for module `\_90_simplemap_logic_ops'.
Generating RTLIL representation for module `\_90_simplemap_compare_ops'.
Generating RTLIL representation for module `\_90_simplemap_various'.
Generating RTLIL representation for module `\_90_simplemap_registers'.
Generating RTLIL representation for module `\_90_shift_ops_shr_shl_sshl_sshr'.
Generating RTLIL representation for module `\_90_shift_shiftx'.
Generating RTLIL representation for module `\_90_fa'.
Generating RTLIL representation for module `\_90_lcu'.
Generating RTLIL representation for module `\_90_alu'.
Generating RTLIL representation for module `\_90_macc'.
Generating RTLIL representation for module `\_90_alumacc'.
Generating RTLIL representation for module `\$__div_mod_u'.
Generating RTLIL representation for module `\$__div_mod_trunc'.
Generating RTLIL representation for module `\_90_div'.
Generating RTLIL representation for module `\_90_mod'.
Generating RTLIL representation for module `\$__div_mod_floor'.
Generating RTLIL representation for module `\_90_divfloor'.
Generating RTLIL representation for module `\_90_modfloor'.
Generating RTLIL representation for module `\_90_pow'.
Generating RTLIL representation for module `\_90_pmux'.
Generating RTLIL representation for module `\_90_demux'.
Generating RTLIL representation for module `\_90_lut'.
Successfully finished Verilog frontend.

60.2. Continuing TECHMAP pass.
Using extmapper simplemap for cells of type $not.
Using extmapper simplemap for cells of type $or.
Using extmapper simplemap for cells of type $reduce_and.
Using extmapper simplemap for cells of type $adff.
Using extmapper simplemap for cells of type $mux.
Using extmapper simplemap for cells of type $adffe.
Using extmapper simplemap for cells of type $reduce_bool.
Using template $paramod$a1bc51c02ce12ac21eb18988e83292af48ed7d72\_90_alu for cells of type $alu.
Using template $paramod$c3cd1564c35d873179656addd6052d7ea8b6d991\_90_alu for cells of type $alu.
Using extmapper simplemap for cells of type $eq.
Using extmapper simplemap for cells of type $pos.
Using template $paramod\_90_lcu\WIDTH=32'00000000000000000000000000001000 for cells of type $lcu.
Using extmapper simplemap for cells of type $and.
Using extmapper simplemap for cells of type $xor.
No more expansions possible.
<suppressed ~308 debug messages>

61. Executing OPT pass (performing simple optimizations).

61.1. Executing OPT_EXPR pass (perform const folding).
Optimizing module chiplet_0_qkv_outproj.
<suppressed ~93 debug messages>

61.2. Executing OPT_MERGE pass (detect identical cells).
Finding identical cells in module `\chiplet_0_qkv_outproj'.
<suppressed ~63 debug messages>
Removed a total of 21 cells.

61.3. Executing OPT_DFF pass (perform DFF optimizations).

61.4. Executing OPT_CLEAN pass (remove unused cells and wires).
Finding unused cells or wires in module \chiplet_0_qkv_outproj..
Removed 14 unused cells and 101 unused wires.
<suppressed ~15 debug messages>

61.5. Finished fast OPT passes.

62. Executing ABC pass (technology mapping using ABC).

62.1. Extracting gate netlist of module `\chiplet_0_qkv_outproj' to `<abc-temp-dir>/input.blif'..
Extracted 56 gates and 66 wires to a netlist network with 9 inputs and 10 outputs.

62.1.1. Executing ABC.
Running ABC command: "/nix/store/wq2q0njg3sx8wvj2akz7x1qxwyrv9xlr-yosys-abc/bin/abc" -s -f <abc-temp-dir>/abc.script 2>&1
ABC: ABC command line: "source <abc-temp-dir>/abc.script".
ABC: 
ABC: + read_blif <abc-temp-dir>/input.blif 
ABC: + read_library <abc-temp-dir>/stdcells.genlib 
ABC: Entered genlib library with 13 gates from file "<abc-temp-dir>/stdcells.genlib".
ABC: + strash 
ABC: + dretime 
ABC: + map 
ABC: + write_blif <abc-temp-dir>/output.blif 

62.1.2. Re-integrating ABC results.
ABC RESULTS:               AND cells:        1
ABC RESULTS:               NOT cells:        2
ABC RESULTS:              XNOR cells:        1
ABC RESULTS:                OR cells:        6
ABC RESULTS:               XOR cells:        6
ABC RESULTS:             ORNOT cells:        4
ABC RESULTS:               NOR cells:        2
ABC RESULTS:              NAND cells:        5
ABC RESULTS:            ANDNOT cells:       15
ABC RESULTS:        internal signals:       47
ABC RESULTS:           input signals:        9
ABC RESULTS:          output signals:       10
Removing temp directory.

63. Executing OPT pass (performing simple optimizations).

63.1. Executing OPT_EXPR pass (perform const folding).
Optimizing module chiplet_0_qkv_outproj.

63.2. Executing OPT_MERGE pass (detect identical cells).
Finding identical cells in module `\chiplet_0_qkv_outproj'.
Removed a total of 0 cells.

63.3. Executing OPT_DFF pass (perform DFF optimizations).

63.4. Executing OPT_CLEAN pass (remove unused cells and wires).
Finding unused cells or wires in module \chiplet_0_qkv_outproj..
Removed 0 unused cells and 38 unused wires.
<suppressed ~1 debug messages>

63.5. Finished fast OPT passes.

64. Executing HIERARCHY pass (managing design hierarchy).

64.1. Analyzing design hierarchy..
Top module:  \chiplet_0_qkv_outproj

64.2. Analyzing design hierarchy..
Top module:  \chiplet_0_qkv_outproj
Removed 0 unused modules.

65. Printing statistics.

=== chiplet_0_qkv_outproj ===

   Number of wires:                 63
   Number of wire bits:           3218
   Number of public wires:          27
   Number of public wire bits:    3168
   Number of memories:               0
   Number of memory bits:            0
   Number of processes:              0
   Number of cells:                 51
     $_ANDNOT_                      15
     $_AND_                          1
     $_DFFE_PN0P_                    8
     $_DFF_PN0_                      1
     $_NAND_                         5
     $_NOR_                          2
     $_NOT_                          2
     $_ORNOT_                        4
     $_OR_                           6
     $_XNOR_                         1
     $_XOR_                          6

66. Executing CHECK pass (checking for obvious problems).
Checking module chiplet_0_qkv_outproj...
Found and reported 0 problems.

67. Generating Graphviz representation of design.
Writing dot description to `/work/runs/RUN_2026-05-18_06-24-15/02-yosys-synthesis/primitive_techmap.dot'.
Dumping module chiplet_0_qkv_outproj to page 1.

68. Executing OPT pass (performing simple optimizations).

68.1. Executing OPT_EXPR pass (perform const folding).
Optimizing module chiplet_0_qkv_outproj.

68.2. Executing OPT_MERGE pass (detect identical cells).
Finding identical cells in module `\chiplet_0_qkv_outproj'.
Removed a total of 0 cells.

68.3. Executing OPT_MUXTREE pass (detect dead branches in mux trees).
Running muxtree optimizer on module \chiplet_0_qkv_outproj..
  Creating internal representation of mux trees.
  No muxes found in this module.
Removed 0 multiplexer ports.

68.4. Executing OPT_REDUCE pass (consolidate $*mux and $reduce_* inputs).
  Optimizing cells in module \chiplet_0_qkv_outproj.
Performed a total of 0 changes.

68.5. Executing OPT_MERGE pass (detect identical cells).
Finding identical cells in module `\chiplet_0_qkv_outproj'.
Removed a total of 0 cells.

68.6. Executing OPT_DFF pass (perform DFF optimizations).

68.7. Executing OPT_CLEAN pass (remove unused cells and wires).
Finding unused cells or wires in module \chiplet_0_qkv_outproj..

68.8. Executing OPT_EXPR pass (perform const folding).
Optimizing module chiplet_0_qkv_outproj.

68.9. Finished OPT passes. (There is nothing left to do.)

69. Executing OPT_CLEAN pass (remove unused cells and wires).
Finding unused cells or wires in module \chiplet_0_qkv_outproj..
Removed 0 unused cells and 1 unused wires.
<suppressed ~1 debug messages>
{
   "creator": "Yosys 0.38 (git sha1 543faed9c8c, clang++ 17.0.6 -fPIC -Os)",
   "invocation": "stat -json -liberty /work/runs/RUN_2026-05-18_06-24-15/tmp/18006b3f62ab4ee5b05050d130e00752.lib ",
   "modules": {
      "\\chiplet_0_qkv_outproj": {
         "num_wires":         62,
         "num_wire_bits":     3217,
         "num_pub_wires":     26,
         "num_pub_wire_bits": 3167,
         "num_memories":      0,
         "num_memory_bits":   0,
         "num_processes":     0,
         "num_cells":         51,
         "num_cells_by_type": {
            "$_ANDNOT_": 15,
            "$_AND_": 1,
            "$_DFFE_PN0P_": 8,
            "$_DFF_PN0_": 1,
            "$_NAND_": 5,
            "$_NOR_": 2,
            "$_NOT_": 2,
            "$_ORNOT_": 4,
            "$_OR_": 6,
            "$_XNOR_": 1,
            "$_XOR_": 6
         }
      }
   },
      "design": {
         "num_wires":         62,
         "num_wire_bits":     3217,
         "num_pub_wires":     26,
         "num_pub_wire_bits": 3167,
         "num_memories":      0,
         "num_memory_bits":   0,
         "num_processes":     0,
         "num_cells":         51,
         "num_cells_by_type": {
            "$_ANDNOT_": 15,
            "$_AND_": 1,
            "$_DFFE_PN0P_": 8,
            "$_DFF_PN0_": 1,
            "$_NAND_": 5,
            "$_NOR_": 2,
            "$_NOT_": 2,
            "$_ORNOT_": 4,
            "$_OR_": 6,
            "$_XNOR_": 1,
            "$_XOR_": 6
         }
      }
}

70. Printing statistics.

=== chiplet_0_qkv_outproj ===

   Number of wires:                 62
   Number of wire bits:           3217
   Number of public wires:          26
   Number of public wire bits:    3167
   Number of memories:               0
   Number of memory bits:            0
   Number of processes:              0
   Number of cells:                 51
     $_ANDNOT_                      15
     $_AND_                          1
     $_DFFE_PN0P_                    8
     $_DFF_PN0_                      1
     $_NAND_                         5
     $_NOR_                          2
     $_NOT_                          2
     $_ORNOT_                        4
     $_OR_                           6
     $_XNOR_                         1
     $_XOR_                          6

   Area for cell type $_NOT_ is unknown!
   Area for cell type $_AND_ is unknown!
   Area for cell type $_NAND_ is unknown!
   Area for cell type $_OR_ is unknown!
   Area for cell type $_NOR_ is unknown!
   Area for cell type $_XOR_ is unknown!
   Area for cell type $_XNOR_ is unknown!
   Area for cell type $_ANDNOT_ is unknown!
   Area for cell type $_ORNOT_ is unknown!
   Area for cell type $_DFF_PN0_ is unknown!
   Area for cell type $_DFFE_PN0P_ is unknown!

mapping tbuf
[INFO] Applying tri-state buffer mapping from '/root/.volare/volare/sky130/versions/bdc9412b3e468c102d01b7cf6337be06ec6e9c9a/sky130A/libs.tech/openlane/sky130_fd_sc_hd/tribuff_map.v'...

71. Executing TECHMAP pass (map to technology primitives).

71.1. Executing Verilog-2005 frontend: /root/.volare/volare/sky130/versions/bdc9412b3e468c102d01b7cf6337be06ec6e9c9a/sky130A/libs.tech/openlane/sky130_fd_sc_hd/tribuff_map.v
Parsing Verilog input from `/root/.volare/volare/sky130/versions/bdc9412b3e468c102d01b7cf6337be06ec6e9c9a/sky130A/libs.tech/openlane/sky130_fd_sc_hd/tribuff_map.v' to AST representation.
Generating RTLIL representation for module `\$_TBUF_'.
Successfully finished Verilog frontend.

71.2. Continuing TECHMAP pass.
No more expansions possible.
<suppressed ~3 debug messages>

72. Executing SIMPLEMAP pass (map simple cells to gate primitives).
[INFO] Applying latch mapping from '/root/.volare/volare/sky130/versions/bdc9412b3e468c102d01b7cf6337be06ec6e9c9a/sky130A/libs.tech/openlane/sky130_fd_sc_hd/latch_map.v'...

73. Executing TECHMAP pass (map to technology primitives).

73.1. Executing Verilog-2005 frontend: /root/.volare/volare/sky130/versions/bdc9412b3e468c102d01b7cf6337be06ec6e9c9a/sky130A/libs.tech/openlane/sky130_fd_sc_hd/latch_map.v
Parsing Verilog input from `/root/.volare/volare/sky130/versions/bdc9412b3e468c102d01b7cf6337be06ec6e9c9a/sky130A/libs.tech/openlane/sky130_fd_sc_hd/latch_map.v' to AST representation.
Generating RTLIL representation for module `\$_DLATCH_P_'.
Generating RTLIL representation for module `\$_DLATCH_N_'.
Successfully finished Verilog frontend.

73.2. Continuing TECHMAP pass.
No more expansions possible.
<suppressed ~4 debug messages>

74. Executing SIMPLEMAP pass (map simple cells to gate primitives).

75. Executing DFFLIBMAP pass (mapping DFF cells to sequential cells from liberty file).
  cell sky130_fd_sc_hd__dfxtp_2 (noninv, pins=3, area=21.27) is a direct match for cell type $_DFF_P_.
  cell sky130_fd_sc_hd__dfrtp_2 (noninv, pins=4, area=26.28) is a direct match for cell type $_DFF_PN0_.
  cell sky130_fd_sc_hd__dfstp_2 (noninv, pins=4, area=26.28) is a direct match for cell type $_DFF_PN1_.
  cell sky130_fd_sc_hd__dfbbn_2 (noninv, pins=6, area=35.03) is a direct match for cell type $_DFFSR_NNN_.
  final dff cell mappings:
    unmapped dff cell: $_DFF_N_
    \sky130_fd_sc_hd__dfxtp_2 _DFF_P_ (.CLK( C), .D( D), .Q( Q));
    unmapped dff cell: $_DFF_NN0_
    unmapped dff cell: $_DFF_NN1_
    unmapped dff cell: $_DFF_NP0_
    unmapped dff cell: $_DFF_NP1_
    \sky130_fd_sc_hd__dfrtp_2 _DFF_PN0_ (.CLK( C), .D( D), .Q( Q), .RESET_B( R));
    \sky130_fd_sc_hd__dfstp_2 _DFF_PN1_ (.CLK( C), .D( D), .Q( Q), .SET_B( R));
    unmapped dff cell: $_DFF_PP0_
    unmapped dff cell: $_DFF_PP1_
    \sky130_fd_sc_hd__dfbbn_2 _DFFSR_NNN_ (.CLK_N( C), .D( D), .Q( Q), .Q_N(~Q), .RESET_B( R), .SET_B( S));
    unmapped dff cell: $_DFFSR_NNP_
    unmapped dff cell: $_DFFSR_NPN_
    unmapped dff cell: $_DFFSR_NPP_
    unmapped dff cell: $_DFFSR_PNN_
    unmapped dff cell: $_DFFSR_PNP_
    unmapped dff cell: $_DFFSR_PPN_
    unmapped dff cell: $_DFFSR_PPP_

75.1. Executing DFFLEGALIZE pass (convert FFs to types supported by the target).
Mapping DFF cells in module `\chiplet_0_qkv_outproj':
  mapped 9 $_DFF_PN0_ cells to \sky130_fd_sc_hd__dfrtp_2 cells.
{
   "creator": "Yosys 0.38 (git sha1 543faed9c8c, clang++ 17.0.6 -fPIC -Os)",
   "invocation": "stat -json -liberty /work/runs/RUN_2026-05-18_06-24-15/tmp/18006b3f62ab4ee5b05050d130e00752.lib ",
   "modules": {
      "\\chiplet_0_qkv_outproj": {
         "num_wires":         70,
         "num_wire_bits":     3225,
         "num_pub_wires":     26,
         "num_pub_wire_bits": 3167,
         "num_memories":      0,
         "num_memory_bits":   0,
         "num_processes":     0,
         "num_cells":         59,
         "area":              236.476800,
         "num_cells_by_type": {
            "$_ANDNOT_": 15,
            "$_AND_": 1,
            "$_MUX_": 8,
            "$_NAND_": 5,
            "$_NOR_": 2,
            "$_NOT_": 2,
            "$_ORNOT_": 4,
            "$_OR_": 6,
            "$_XNOR_": 1,
            "$_XOR_": 6,
            "sky130_fd_sc_hd__dfrtp_2": 9
         }
      }
   },
      "design": {
         "num_wires":         70,
         "num_wire_bits":     3225,
         "num_pub_wires":     26,
         "num_pub_wire_bits": 3167,
         "num_memories":      0,
         "num_memory_bits":   0,
         "num_processes":     0,
         "num_cells":         59,
         "area":              236.476800,
         "num_cells_by_type": {
            "$_ANDNOT_": 15,
            "$_AND_": 1,
            "$_MUX_": 8,
            "$_NAND_": 5,
            "$_NOR_": 2,
            "$_NOT_": 2,
            "$_ORNOT_": 4,
            "$_OR_": 6,
            "$_XNOR_": 1,
            "$_XOR_": 6,
            "sky130_fd_sc_hd__dfrtp_2": 9
         }
      }
}

76. Printing statistics.

=== chiplet_0_qkv_outproj ===

   Number of wires:                 70
   Number of wire bits:           3225
   Number of public wires:          26
   Number of public wire bits:    3167
   Number of memories:               0
   Number of memory bits:            0
   Number of processes:              0
   Number of cells:                 59
     $_ANDNOT_                      15
     $_AND_                          1
     $_MUX_                          8
     $_NAND_                         5
     $_NOR_                          2
     $_NOT_                          2
     $_ORNOT_                        4
     $_OR_                           6
     $_XNOR_                         1
     $_XOR_                          6
     sky130_fd_sc_hd__dfrtp_2        9

   Area for cell type $_NOT_ is unknown!
   Area for cell type $_AND_ is unknown!
   Area for cell type $_NAND_ is unknown!
   Area for cell type $_OR_ is unknown!
   Area for cell type $_NOR_ is unknown!
   Area for cell type $_XOR_ is unknown!
   Area for cell type $_XNOR_ is unknown!
   Area for cell type $_ANDNOT_ is unknown!
   Area for cell type $_ORNOT_ is unknown!
   Area for cell type $_MUX_ is unknown!

   Chip area for module '\chiplet_0_qkv_outproj': 236.476800

[INFO] Using strategy "AREA 0"...

77. Executing ABC pass (technology mapping using ABC).

77.1. Extracting gate netlist of module `\chiplet_0_qkv_outproj' to `/tmp/yosys-abc-bZAztU/input.blif'..
Extracted 50 gates and 59 wires to a netlist network with 9 inputs and 9 outputs.

77.1.1. Executing ABC.
Running ABC command: "/nix/store/wq2q0njg3sx8wvj2akz7x1qxwyrv9xlr-yosys-abc/bin/abc" -s -f /tmp/yosys-abc-bZAztU/abc.script 2>&1
ABC: ABC command line: "source /tmp/yosys-abc-bZAztU/abc.script".
ABC: 
ABC: + read_blif /tmp/yosys-abc-bZAztU/input.blif 
ABC: + read_lib -w /work/runs/RUN_2026-05-18_06-24-15/tmp/18006b3f62ab4ee5b05050d130e00752.lib 
ABC: Parsing finished successfully.  Parsing time =     0.07 sec
ABC: Scl_LibertyReadGenlib() skipped sequential cell "sky130_fd_sc_hd__dfbbn_2".
ABC: Scl_LibertyReadGenlib() skipped sequential cell "sky130_fd_sc_hd__dfrbp_2".
ABC: Scl_LibertyReadGenlib() skipped sequential cell "sky130_fd_sc_hd__dfrtp_2".
ABC: Scl_LibertyReadGenlib() skipped sequential cell "sky130_fd_sc_hd__dfrtp_4".
ABC: Scl_LibertyReadGenlib() skipped sequential cell "sky130_fd_sc_hd__dfsbp_2".
ABC: Scl_LibertyReadGenlib() skipped sequential cell "sky130_fd_sc_hd__dfstp_2".
ABC: Scl_LibertyReadGenlib() skipped sequential cell "sky130_fd_sc_hd__dfstp_4".
ABC: Scl_LibertyReadGenlib() skipped sequential cell "sky130_fd_sc_hd__dfxbp_2".
ABC: Scl_LibertyReadGenlib() skipped sequential cell "sky130_fd_sc_hd__dfxtp_2".
ABC: Scl_LibertyReadGenlib() skipped sequential cell "sky130_fd_sc_hd__dfxtp_4".
ABC: Scl_LibertyReadGenlib() skipped sequential cell "sky130_fd_sc_hd__dlxtn_1".
ABC: Scl_LibertyReadGenlib() skipped sequential cell "sky130_fd_sc_hd__dlxtn_2".
ABC: Scl_LibertyReadGenlib() skipped sequential cell "sky130_fd_sc_hd__dlxtn_4".
ABC: Scl_LibertyReadGenlib() skipped sequential cell "sky130_fd_sc_hd__dlxtp_1".
ABC: Scl_LibertyReadGenlib() skipped three-state cell "sky130_fd_sc_hd__ebufn_2".
ABC: Scl_LibertyReadGenlib() skipped three-state cell "sky130_fd_sc_hd__ebufn_4".
ABC: Scl_LibertyReadGenlib() skipped three-state cell "sky130_fd_sc_hd__ebufn_8".
ABC: Library "sky130_fd_sc_hd__tt_025C_1v80" from "/work/runs/RUN_2026-05-18_06-24-15/tmp/18006b3f62ab4ee5b05050d130e00752.lib" has 175 cells (17 skipped: 14 seq; 3 tri-state; 0 no func; 0 dont_use).  Time =     0.09 sec
ABC: Memory =    9.54 MB. Time =     0.09 sec
ABC: Warning: Detected 2 multi-output gates (for example, "sky130_fd_sc_hd__fa_1").
ABC: + read_constr -v /work/runs/RUN_2026-05-18_06-24-15/02-yosys-synthesis/synthesis.sdc 
ABC: Setting driving cell to be "sky130_fd_sc_hd__inv_2/Y".
ABC: Setting output load to be 33.442001.
ABC: + read_constr /work/runs/RUN_2026-05-18_06-24-15/02-yosys-synthesis/synthesis.sdc 
ABC: + fx 
ABC: + mfs 
ABC: + strash 
ABC: + drf -l 
ABC: + balance 
ABC: + drw -l 
ABC: + drf -l 
ABC: + balance 
ABC: + drw -l 
ABC: + drw -l -z 
ABC: + balance 
ABC: + drf -l -z 
ABC: + drw -l -z 
ABC: + balance 
ABC: + retime -D -D 10000.0 -M 5 
ABC: + scleanup 
ABC: Error: The network is combinational.
ABC: + fraig_store 
ABC: + balance 
ABC: + fraig_store 
ABC: + balance 
ABC: + drw -l 
ABC: + drf -l 
ABC: + balance 
ABC: + drw -l 
ABC: + drw -l -z 
ABC: + balance 
ABC: + drf -l -z 
ABC: + drw -l -z 
ABC: + balance 
ABC: + fraig_store 
ABC: + balance 
ABC: + drw -l 
ABC: + drf -l 
ABC: + balance 
ABC: + drw -l 
ABC: + drw -l -z 
ABC: + balance 
ABC: + drf -l -z 
ABC: + drw -l -z 
ABC: + balance 
ABC: + fraig_store 
ABC: + balance 
ABC: + drw -l 
ABC: + drf -l 
ABC: + balance 
ABC: + drw -l 
ABC: + drw -l -z 
ABC: + balance 
ABC: + drf -l -z 
ABC: + drw -l -z 
ABC: + balance 
ABC: + fraig_store 
ABC: + fraig_restore 
ABC: + amap -m -Q 0.1 -F 20 -A 20 -C 5000 
ABC: + retime -D -D 10000.0 
ABC: + &get -n 
ABC: + &st 
ABC: + &dch 
ABC: + &nf 
ABC: + &put 
ABC: + 
ABC: + stime -p 
ABC: Cannot find the default PI driving cell (sky130_fd_sc_hd__inv_2/Y) in the library.
ABC: WireLoad = "none"  Gates =     29 ( 13.8 %)   Cap = 14.0 ff (  2.6 %)   Area =      245.24 ( 82.8 %)   Delay =  1185.08 ps  ( 10.3 %)               
ABC: Path  0 --       8 : 0    6 pi                        A =   0.00  Df =   0.0   -0.0 ps  S =   0.0 ps  Cin =  0.0 ff  Cout =  15.2 ff  Cmax =   0.0 ff  G =    0  
ABC: Path  1 --      22 : 3    3 sky130_fd_sc_hd__and3_2   A =   7.51  Df = 199.3  -22.3 ps  S =  66.0 ps  Cin =  1.5 ff  Cout =   7.6 ff  Cmax = 309.5 ff  G =  492  
ABC: Path  2 --      24 : 4    1 sky130_fd_sc_hd__or4b_2   A =  10.01  Df = 741.3 -356.5 ps  S =  91.6 ps  Cin =  1.5 ff  Cout =   1.6 ff  Cmax = 265.5 ff  G =  101  
ABC: Path  3 --      25 : 4    1 sky130_fd_sc_hd__and4bb_2 A =  12.51  Df =1185.1 -493.0 ps  S = 211.8 ps  Cin =  1.5 ff  Cout =  33.4 ff  Cmax = 270.1 ff  G = 2223  
ABC: Start-point = pi7 (\cnt [0]).  End-point = po0 ($0\done_r[0:0]).
ABC: + print_stats -m 
ABC: netlist                       : i/o =    9/    9  lat =    0  nd =    29  edge =     90  area =245.25  delay = 3.00  lev = 3
ABC: + write_blif /tmp/yosys-abc-bZAztU/output.blif 

77.1.2. Re-integrating ABC results.
ABC RESULTS:   sky130_fd_sc_hd__and3_2 cells:        1
ABC RESULTS:   sky130_fd_sc_hd__or4b_2 cells:        1
ABC RESULTS:   sky130_fd_sc_hd__and4bb_2 cells:        1
ABC RESULTS:   sky130_fd_sc_hd__o311a_2 cells:        1
ABC RESULTS:   sky130_fd_sc_hd__nor2_2 cells:        1
ABC RESULTS:   sky130_fd_sc_hd__and2_2 cells:        1
ABC RESULTS:   sky130_fd_sc_hd__mux2_1 cells:        1
ABC RESULTS:   sky130_fd_sc_hd__and4_2 cells:        1
ABC RESULTS:   sky130_fd_sc_hd__inv_2 cells:        4
ABC RESULTS:   sky130_fd_sc_hd__nand2_2 cells:        2
ABC RESULTS:   sky130_fd_sc_hd__or2_2 cells:        3
ABC RESULTS:   sky130_fd_sc_hd__a21o_2 cells:        2
ABC RESULTS:   sky130_fd_sc_hd__nand3_2 cells:        1
ABC RESULTS:   sky130_fd_sc_hd__a32o_2 cells:        5
ABC RESULTS:   sky130_fd_sc_hd__nand4_2 cells:        1
ABC RESULTS:   sky130_fd_sc_hd__a31o_2 cells:        2
ABC RESULTS:   sky130_fd_sc_hd__a21oi_2 cells:        1
ABC RESULTS:        internal signals:       41
ABC RESULTS:           input signals:        9
ABC RESULTS:          output signals:        9
Removing temp directory.

78. Executing SETUNDEF pass (replace undef values with defined constants).

79. Executing HILOMAP pass (mapping to constant drivers).
Warning: Selection "sky130_fd_sc_hd__conb_1" did not match any module.
Warning: Selection "LO" did not match any object.

80. Executing SPLITNETS pass (splitting up multi-bit signals).

81. Executing OPT_CLEAN pass (remove unused cells and wires).
Finding unused cells or wires in module \chiplet_0_qkv_outproj..
Removed 0 unused cells and 65 unused wires.
<suppressed ~1 debug messages>

82. Executing INSBUF pass (insert buffer cells for connected wires).
Add chiplet_0_qkv_outproj/$auto$insbuf.cc:97:execute$46261: 1'1 -> \rx_bump_credit
Add chiplet_0_qkv_outproj/$auto$insbuf.cc:97:execute$46262: 1'0 -> \sram_addr [0]
Add chiplet_0_qkv_outproj/$auto$insbuf.cc:97:execute$46263: 1'0 -> \sram_addr [1]
Add chiplet_0_qkv_outproj/$auto$insbuf.cc:97:execute$46264: 1'0 -> \sram_addr [2]
Add chiplet_0_qkv_outproj/$auto$insbuf.cc:97:execute$46265: 1'0 -> \sram_addr [3]
Add chiplet_0_qkv_outproj/$auto$insbuf.cc:97:execute$46266: 1'0 -> \sram_addr [4]
Add chiplet_0_qkv_outproj/$auto$insbuf.cc:97:execute$46267: 1'0 -> \sram_addr [5]
Add chiplet_0_qkv_outproj/$auto$insbuf.cc:97:execute$46268: 1'0 -> \sram_addr [6]
Add chiplet_0_qkv_outproj/$auto$insbuf.cc:97:execute$46269: 1'0 -> \sram_addr [7]
Add chiplet_0_qkv_outproj/$auto$insbuf.cc:97:execute$46270: 1'0 -> \sram_addr [8]
Add chiplet_0_qkv_outproj/$auto$insbuf.cc:97:execute$46271: 1'0 -> \sram_addr [9]
Add chiplet_0_qkv_outproj/$auto$insbuf.cc:97:execute$46272: 1'0 -> \sram_addr [10]
Add chiplet_0_qkv_outproj/$auto$insbuf.cc:97:execute$46273: 1'0 -> \sram_addr [11]
Add chiplet_0_qkv_outproj/$auto$insbuf.cc:97:execute$46274: 1'0 -> \sram_addr [12]
Add chiplet_0_qkv_outproj/$auto$insbuf.cc:97:execute$46275: 1'0 -> \sram_addr [13]
Add chiplet_0_qkv_outproj/$auto$insbuf.cc:97:execute$46276: 1'0 -> \sram_addr [14]
Add chiplet_0_qkv_outproj/$auto$insbuf.cc:97:execute$46277: 1'0 -> \sram_addr [15]
Add chiplet_0_qkv_outproj/$auto$insbuf.cc:97:execute$46278: 1'0 -> \sram_addr [16]
Add chiplet_0_qkv_outproj/$auto$insbuf.cc:97:execute$46279: 1'0 -> \sram_addr [17]
Add chiplet_0_qkv_outproj/$auto$insbuf.cc:97:execute$46280: 1'0 -> \sram_addr [18]
Add chiplet_0_qkv_outproj/$auto$insbuf.cc:97:execute$46281: 1'0 -> \sram_addr [19]
Add chiplet_0_qkv_outproj/$auto$insbuf.cc:97:execute$46282: 1'0 -> \sram_addr [20]
Add chiplet_0_qkv_outproj/$auto$insbuf.cc:97:execute$46283: 1'0 -> \sram_addr [21]
Add chiplet_0_qkv_outproj/$auto$insbuf.cc:97:execute$46284: 1'0 -> \sram_addr [22]
Add chiplet_0_qkv_outproj/$auto$insbuf.cc:97:execute$46285: 1'0 -> \sram_addr [23]
Add chiplet_0_qkv_outproj/$auto$insbuf.cc:97:execute$46286: 1'0 -> \sram_addr [24]
Add chiplet_0_qkv_outproj/$auto$insbuf.cc:97:execute$46287: 1'0 -> \sram_addr [25]
Add chiplet_0_qkv_outproj/$auto$insbuf.cc:97:execute$46288: 1'0 -> \sram_addr [26]
Add chiplet_0_qkv_outproj/$auto$insbuf.cc:97:execute$46289: 1'0 -> \sram_addr [27]
Add chiplet_0_qkv_outproj/$auto$insbuf.cc:97:execute$46290: 1'0 -> \sram_addr [28]
Add chiplet_0_qkv_outproj/$auto$insbuf.cc:97:execute$46291: 1'0 -> \sram_addr [29]
Add chiplet_0_qkv_outproj/$auto$insbuf.cc:97:execute$46292: 1'0 -> \sram_addr [30]
Add chiplet_0_qkv_outproj/$auto$insbuf.cc:97:execute$46293: 1'0 -> \sram_addr [31]
Add chiplet_0_qkv_outproj/$auto$insbuf.cc:97:execute$46294: 1'0 -> \sram_addr [32]
Add chiplet_0_qkv_outproj/$auto$insbuf.cc:97:execute$46295: 1'0 -> \sram_addr [33]
Add chiplet_0_qkv_outproj/$auto$insbuf.cc:97:execute$46296: 1'0 -> \sram_addr [34]
Add chiplet_0_qkv_outproj/$auto$insbuf.cc:97:execute$46297: 1'0 -> \sram_addr [35]
Add chiplet_0_qkv_outproj/$auto$insbuf.cc:97:execute$46298: 1'0 -> \sram_addr [36]
Add chiplet_0_qkv_outproj/$auto$insbuf.cc:97:execute$46299: 1'0 -> \sram_addr [37]
Add chiplet_0_qkv_outproj/$auto$insbuf.cc:97:execute$46300: 1'0 -> \sram_addr [38]
Add chiplet_0_qkv_outproj/$auto$insbuf.cc:97:execute$46301: 1'0 -> \sram_addr [39]
Add chiplet_0_qkv_outproj/$auto$insbuf.cc:97:execute$46302: 1'0 -> \sram_addr [40]
Add chiplet_0_qkv_outproj/$auto$insbuf.cc:97:execute$46303: 1'0 -> \sram_addr [41]
Add chiplet_0_qkv_outproj/$auto$insbuf.cc:97:execute$46304: 1'0 -> \sram_addr [42]
Add chiplet_0_qkv_outproj/$auto$insbuf.cc:97:execute$46305: 1'0 -> \sram_addr [43]
Add chiplet_0_qkv_outproj/$auto$insbuf.cc:97:execute$46306: 1'0 -> \sram_addr [44]
Add chiplet_0_qkv_outproj/$auto$insbuf.cc:97:execute$46307: 1'0 -> \sram_addr [45]
Add chiplet_0_qkv_outproj/$auto$insbuf.cc:97:execute$46308: 1'0 -> \sram_addr [46]
Add chiplet_0_qkv_outproj/$auto$insbuf.cc:97:execute$46309: 1'0 -> \sram_addr [47]
Add chiplet_0_qkv_outproj/$auto$insbuf.cc:97:execute$46310: 1'0 -> \sram_addr [48]
Add chiplet_0_qkv_outproj/$auto$insbuf.cc:97:execute$46311: 1'0 -> \sram_addr [49]
Add chiplet_0_qkv_outproj/$auto$insbuf.cc:97:execute$46312: 1'0 -> \sram_addr [50]
Add chiplet_0_qkv_outproj/$auto$insbuf.cc:97:execute$46313: 1'0 -> \sram_addr [51]
Add chiplet_0_qkv_outproj/$auto$insbuf.cc:97:execute$46314: 1'0 -> \sram_addr [52]
Add chiplet_0_qkv_outproj/$auto$insbuf.cc:97:execute$46315: 1'0 -> \sram_addr [53]
Add chiplet_0_qkv_outproj/$auto$insbuf.cc:97:execute$46316: 1'0 -> \sram_addr [54]
Add chiplet_0_qkv_outproj/$auto$insbuf.cc:97:execute$46317: 1'0 -> \sram_addr [55]
Add chiplet_0_qkv_outproj/$auto$insbuf.cc:97:execute$46318: 1'0 -> \sram_addr [56]
Add chiplet_0_qkv_outproj/$auto$insbuf.cc:97:execute$46319: 1'0 -> \sram_addr [57]
Add chiplet_0_qkv_outproj/$auto$insbuf.cc:97:execute$46320: 1'0 -> \sram_addr [58]
Add chiplet_0_qkv_outproj/$auto$insbuf.cc:97:execute$46321: 1'0 -> \sram_addr [59]
Add chiplet_0_qkv_outproj/$auto$insbuf.cc:97:execute$46322: 1'0 -> \sram_addr [60]
Add chiplet_0_qkv_outproj/$auto$insbuf.cc:97:execute$46323: 1'0 -> \sram_addr [61]
Add chiplet_0_qkv_outproj/$auto$insbuf.cc:97:execute$46324: 1'0 -> \sram_addr [62]
Add chiplet_0_qkv_outproj/$auto$insbuf.cc:97:execute$46325: 1'0 -> \sram_addr [63]
Add chiplet_0_qkv_outproj/$auto$insbuf.cc:97:execute$46326: 1'0 -> \sram_rd_en
Add chiplet_0_qkv_outproj/$auto$insbuf.cc:97:execute$46327: 1'0 -> \txk_bump_data [0]
Add chiplet_0_qkv_outproj/$auto$insbuf.cc:97:execute$46328: 1'0 -> \txk_bump_data [1]
Add chiplet_0_qkv_outproj/$auto$insbuf.cc:97:execute$46329: 1'0 -> \txk_bump_data [2]
Add chiplet_0_qkv_outproj/$auto$insbuf.cc:97:execute$46330: 1'0 -> \txk_bump_data [3]
Add chiplet_0_qkv_outproj/$auto$insbuf.cc:97:execute$46331: 1'0 -> \txk_bump_data [4]
Add chiplet_0_qkv_outproj/$auto$insbuf.cc:97:execute$46332: 1'0 -> \txk_bump_data [5]
Add chiplet_0_qkv_outproj/$auto$insbuf.cc:97:execute$46333: 1'0 -> \txk_bump_data [6]
Add chiplet_0_qkv_outproj/$auto$insbuf.cc:97:execute$46334: 1'0 -> \txk_bump_data [7]
Add chiplet_0_qkv_outproj/$auto$insbuf.cc:97:execute$46335: 1'0 -> \txk_bump_data [8]
Add chiplet_0_qkv_outproj/$auto$insbuf.cc:97:execute$46336: 1'0 -> \txk_bump_data [9]
Add chiplet_0_qkv_outproj/$auto$insbuf.cc:97:execute$46337: 1'0 -> \txk_bump_data [10]
Add chiplet_0_qkv_outproj/$auto$insbuf.cc:97:execute$46338: 1'0 -> \txk_bump_data [11]
Add chiplet_0_qkv_outproj/$auto$insbuf.cc:97:execute$46339: 1'0 -> \txk_bump_data [12]
Add chiplet_0_qkv_outproj/$auto$insbuf.cc:97:execute$46340: 1'0 -> \txk_bump_data [13]
Add chiplet_0_qkv_outproj/$auto$insbuf.cc:97:execute$46341: 1'0 -> \txk_bump_data [14]
Add chiplet_0_qkv_outproj/$auto$insbuf.cc:97:execute$46342: 1'0 -> \txk_bump_data [15]
Add chiplet_0_qkv_outproj/$auto$insbuf.cc:97:execute$46343: 1'0 -> \txk_bump_data [16]
Add chiplet_0_qkv_outproj/$auto$insbuf.cc:97:execute$46344: 1'0 -> \txk_bump_data [17]
Add chiplet_0_qkv_outproj/$auto$insbuf.cc:97:execute$46345: 1'0 -> \txk_bump_data [18]
Add chiplet_0_qkv_outproj/$auto$insbuf.cc:97:execute$46346: 1'0 -> \txk_bump_data [19]
Add chiplet_0_qkv_outproj/$auto$insbuf.cc:97:execute$46347: 1'0 -> \txk_bump_data [20]
Add chiplet_0_qkv_outproj/$auto$insbuf.cc:97:execute$46348: 1'0 -> \txk_bump_data [21]
Add chiplet_0_qkv_outproj/$auto$insbuf.cc:97:execute$46349: 1'0 -> \txk_bump_data [22]
Add chiplet_0_qkv_outproj/$auto$insbuf.cc:97:execute$46350: 1'0 -> \txk_bump_data [23]
Add chiplet_0_qkv_outproj/$auto$insbuf.cc:97:execute$46351: 1'0 -> \txk_bump_data [24]
Add chiplet_0_qkv_outproj/$auto$insbuf.cc:97:execute$46352: 1'0 -> \txk_bump_data [25]
Add chiplet_0_qkv_outproj/$auto$insbuf.cc:97:execute$46353: 1'0 -> \txk_bump_data [26]
Add chiplet_0_qkv_outproj/$auto$insbuf.cc:97:execute$46354: 1'0 -> \txk_bump_data [27]
Add chiplet_0_qkv_outproj/$auto$insbuf.cc:97:execute$46355: 1'0 -> \txk_bump_data [28]
Add chiplet_0_qkv_outproj/$auto$insbuf.cc:97:execute$46356: 1'0 -> \txk_bump_data [29]
Add chiplet_0_qkv_outproj/$auto$insbuf.cc:97:execute$46357: 1'0 -> \txk_bump_data [30]
Add chiplet_0_qkv_outproj/$auto$insbuf.cc:97:execute$46358: 1'0 -> \txk_bump_data [31]
Add chiplet_0_qkv_outproj/$auto$insbuf.cc:97:execute$46359: 1'0 -> \txk_bump_data [32]
Add chiplet_0_qkv_outproj/$auto$insbuf.cc:97:execute$46360: 1'0 -> \txk_bump_data [33]
Add chiplet_0_qkv_outproj/$auto$insbuf.cc:97:execute$46361: 1'0 -> \txk_bump_data [34]
Add chiplet_0_qkv_outproj/$auto$insbuf.cc:97:execute$46362: 1'0 -> \txk_bump_data [35]
Add chiplet_0_qkv_outproj/$auto$insbuf.cc:97:execute$46363: 1'0 -> \txk_bump_data [36]
Add chiplet_0_qkv_outproj/$auto$insbuf.cc:97:execute$46364: 1'0 -> \txk_bump_data [37]
Add chiplet_0_qkv_outproj/$auto$insbuf.cc:97:execute$46365: 1'0 -> \txk_bump_data [38]
Add chiplet_0_qkv_outproj/$auto$insbuf.cc:97:execute$46366: 1'0 -> \txk_bump_data [39]
Add chiplet_0_qkv_outproj/$auto$insbuf.cc:97:execute$46367: 1'0 -> \txk_bump_data [40]
Add chiplet_0_qkv_outproj/$auto$insbuf.cc:97:execute$46368: 1'0 -> \txk_bump_data [41]
Add chiplet_0_qkv_outproj/$auto$insbuf.cc:97:execute$46369: 1'0 -> \txk_bump_data [42]
Add chiplet_0_qkv_outproj/$auto$insbuf.cc:97:execute$46370: 1'0 -> \txk_bump_data [43]
Add chiplet_0_qkv_outproj/$auto$insbuf.cc:97:execute$46371: 1'0 -> \txk_bump_data [44]
Add chiplet_0_qkv_outproj/$auto$insbuf.cc:97:execute$46372: 1'0 -> \txk_bump_data [45]
Add chiplet_0_qkv_outproj/$auto$insbuf.cc:97:execute$46373: 1'0 -> \txk_bump_data [46]
Add chiplet_0_qkv_outproj/$auto$insbuf.cc:97:execute$46374: 1'0 -> \txk_bump_data [47]
Add chiplet_0_qkv_outproj/$auto$insbuf.cc:97:execute$46375: 1'0 -> \txk_bump_data [48]
Add chiplet_0_qkv_outproj/$auto$insbuf.cc:97:execute$46376: 1'0 -> \txk_bump_data [49]
Add chiplet_0_qkv_outproj/$auto$insbuf.cc:97:execute$46377: 1'0 -> \txk_bump_data [50]
Add chiplet_0_qkv_outproj/$auto$insbuf.cc:97:execute$46378: 1'0 -> \txk_bump_data [51]
Add chiplet_0_qkv_outproj/$auto$insbuf.cc:97:execute$46379: 1'0 -> \txk_bump_data [52]
Add chiplet_0_qkv_outproj/$auto$insbuf.cc:97:execute$46380: 1'0 -> \txk_bump_data [53]
Add chiplet_0_qkv_outproj/$auto$insbuf.cc:97:execute$46381: 1'0 -> \txk_bump_data [54]
Add chiplet_0_qkv_outproj/$auto$insbuf.cc:97:execute$46382: 1'0 -> \txk_bump_data [55]
Add chiplet_0_qkv_outproj/$auto$insbuf.cc:97:execute$46383: 1'0 -> \txk_bump_data [56]
Add chiplet_0_qkv_outproj/$auto$insbuf.cc:97:execute$46384: 1'0 -> \txk_bump_data [57]
Add chiplet_0_qkv_outproj/$auto$insbuf.cc:97:execute$46385: 1'0 -> \txk_bump_data [58]
Add chiplet_0_qkv_outproj/$auto$insbuf.cc:97:execute$46386: 1'0 -> \txk_bump_data [59]
Add chiplet_0_qkv_outproj/$auto$insbuf.cc:97:execute$46387: 1'0 -> \txk_bump_data [60]
Add chiplet_0_qkv_outproj/$auto$insbuf.cc:97:execute$46388: 1'0 -> \txk_bump_data [61]
Add chiplet_0_qkv_outproj/$auto$insbuf.cc:97:execute$46389: 1'0 -> \txk_bump_data [62]
Add chiplet_0_qkv_outproj/$auto$insbuf.cc:97:execute$46390: 1'0 -> \txk_bump_data [63]
Add chiplet_0_qkv_outproj/$auto$insbuf.cc:97:execute$46391: 1'0 -> \txk_bump_data [64]
Add chiplet_0_qkv_outproj/$auto$insbuf.cc:97:execute$46392: 1'0 -> \txk_bump_data [65]
Add chiplet_0_qkv_outproj/$auto$insbuf.cc:97:execute$46393: 1'0 -> \txk_bump_data [66]
Add chiplet_0_qkv_outproj/$auto$insbuf.cc:97:execute$46394: 1'0 -> \txk_bump_data [67]
Add chiplet_0_qkv_outproj/$auto$insbuf.cc:97:execute$46395: 1'0 -> \txk_bump_data [68]
Add chiplet_0_qkv_outproj/$auto$insbuf.cc:97:execute$46396: 1'0 -> \txk_bump_data [69]
Add chiplet_0_qkv_outproj/$auto$insbuf.cc:97:execute$46397: 1'0 -> \txk_bump_data [70]
Add chiplet_0_qkv_outproj/$auto$insbuf.cc:97:execute$46398: 1'0 -> \txk_bump_data [71]
Add chiplet_0_qkv_outproj/$auto$insbuf.cc:97:execute$46399: 1'0 -> \txk_bump_data [72]
Add chiplet_0_qkv_outproj/$auto$insbuf.cc:97:execute$46400: 1'0 -> \txk_bump_data [73]
Add chiplet_0_qkv_outproj/$auto$insbuf.cc:97:execute$46401: 1'0 -> \txk_bump_data [74]
Add chiplet_0_qkv_outproj/$auto$insbuf.cc:97:execute$46402: 1'0 -> \txk_bump_data [75]
Add chiplet_0_qkv_outproj/$auto$insbuf.cc:97:execute$46403: 1'0 -> \txk_bump_data [76]
Add chiplet_0_qkv_outproj/$auto$insbuf.cc:97:execute$46404: 1'0 -> \txk_bump_data [77]
Add chiplet_0_qkv_outproj/$auto$insbuf.cc:97:execute$46405: 1'0 -> \txk_bump_data [78]
Add chiplet_0_qkv_outproj/$auto$insbuf.cc:97:execute$46406: 1'0 -> \txk_bump_data [79]
Add chiplet_0_qkv_outproj/$auto$insbuf.cc:97:execute$46407: 1'0 -> \txk_bump_data [80]
Add chiplet_0_qkv_outproj/$auto$insbuf.cc:97:execute$46408: 1'0 -> \txk_bump_data [81]
Add chiplet_0_qkv_outproj/$auto$insbuf.cc:97:execute$46409: 1'0 -> \txk_bump_data [82]
Add chiplet_0_qkv_outproj/$auto$insbuf.cc:97:execute$46410: 1'0 -> \txk_bump_data [83]
Add chiplet_0_qkv_outproj/$auto$insbuf.cc:97:execute$46411: 1'0 -> \txk_bump_data [84]
Add chiplet_0_qkv_outproj/$auto$insbuf.cc:97:execute$46412: 1'0 -> \txk_bump_data [85]
Add chiplet_0_qkv_outproj/$auto$insbuf.cc:97:execute$46413: 1'0 -> \txk_bump_data [86]
Add chiplet_0_qkv_outproj/$auto$insbuf.cc:97:execute$46414: 1'0 -> \txk_bump_data [87]
Add chiplet_0_qkv_outproj/$auto$insbuf.cc:97:execute$46415: 1'0 -> \txk_bump_data [88]
Add chiplet_0_qkv_outproj/$auto$insbuf.cc:97:execute$46416: 1'0 -> \txk_bump_data [89]
Add chiplet_0_qkv_outproj/$auto$insbuf.cc:97:execute$46417: 1'0 -> \txk_bump_data [90]
Add chiplet_0_qkv_outproj/$auto$insbuf.cc:97:execute$46418: 1'0 -> \txk_bump_data [91]
Add chiplet_0_qkv_outproj/$auto$insbuf.cc:97:execute$46419: 1'0 -> \txk_bump_data [92]
Add chiplet_0_qkv_outproj/$auto$insbuf.cc:97:execute$46420: 1'0 -> \txk_bump_data [93]
Add chiplet_0_qkv_outproj/$auto$insbuf.cc:97:execute$46421: 1'0 -> \txk_bump_data [94]
Add chiplet_0_qkv_outproj/$auto$insbuf.cc:97:execute$46422: 1'0 -> \txk_bump_data [95]
Add chiplet_0_qkv_outproj/$auto$insbuf.cc:97:execute$46423: 1'0 -> \txk_bump_data [96]
Add chiplet_0_qkv_outproj/$auto$insbuf.cc:97:execute$46424: 1'0 -> \txk_bump_data [97]
Add chiplet_0_qkv_outproj/$auto$insbuf.cc:97:execute$46425: 1'0 -> \txk_bump_data [98]
Add chiplet_0_qkv_outproj/$auto$insbuf.cc:97:execute$46426: 1'0 -> \txk_bump_data [99]
Add chiplet_0_qkv_outproj/$auto$insbuf.cc:97:execute$46427: 1'0 -> \txk_bump_data [100]
Add chiplet_0_qkv_outproj/$auto$insbuf.cc:97:execute$46428: 1'0 -> \txk_bump_data [101]
Add chiplet_0_qkv_outproj/$auto$insbuf.cc:97:execute$46429: 1'0 -> \txk_bump_data [102]
Add chiplet_0_qkv_outproj/$auto$insbuf.cc:97:execute$46430: 1'0 -> \txk_bump_data [103]
Add chiplet_0_qkv_outproj/$auto$insbuf.cc:97:execute$46431: 1'0 -> \txk_bump_data [104]
Add chiplet_0_qkv_outproj/$auto$insbuf.cc:97:execute$46432: 1'0 -> \txk_bump_data [105]
Add chiplet_0_qkv_outproj/$auto$insbuf.cc:97:execute$46433: 1'0 -> \txk_bump_data [106]
Add chiplet_0_qkv_outproj/$auto$insbuf.cc:97:execute$46434: 1'0 -> \txk_bump_data [107]
Add chiplet_0_qkv_outproj/$auto$insbuf.cc:97:execute$46435: 1'0 -> \txk_bump_data [108]
Add chiplet_0_qkv_outproj/$auto$insbuf.cc:97:execute$46436: 1'0 -> \txk_bump_data [109]
Add chiplet_0_qkv_outproj/$auto$insbuf.cc:97:execute$46437: 1'0 -> \txk_bump_data [110]
Add chiplet_0_qkv_outproj/$auto$insbuf.cc:97:execute$46438: 1'0 -> \txk_bump_data [111]
Add chiplet_0_qkv_outproj/$auto$insbuf.cc:97:execute$46439: 1'0 -> \txk_bump_data [112]
Add chiplet_0_qkv_outproj/$auto$insbuf.cc:97:execute$46440: 1'0 -> \txk_bump_data [113]
Add chiplet_0_qkv_outproj/$auto$insbuf.cc:97:execute$46441: 1'0 -> \txk_bump_data [114]
Add chiplet_0_qkv_outproj/$auto$insbuf.cc:97:execute$46442: 1'0 -> \txk_bump_data [115]
Add chiplet_0_qkv_outproj/$auto$insbuf.cc:97:execute$46443: 1'0 -> \txk_bump_data [116]
Add chiplet_0_qkv_outproj/$auto$insbuf.cc:97:execute$46444: 1'0 -> \txk_bump_data [117]
Add chiplet_0_qkv_outproj/$auto$insbuf.cc:97:execute$46445: 1'0 -> \txk_bump_data [118]
Add chiplet_0_qkv_outproj/$auto$insbuf.cc:97:execute$46446: 1'0 -> \txk_bump_data [119]
Add chiplet_0_qkv_outproj/$auto$insbuf.cc:97:execute$46447: 1'0 -> \txk_bump_data [120]
Add chiplet_0_qkv_outproj/$auto$insbuf.cc:97:execute$46448: 1'0 -> \txk_bump_data [121]
Add chiplet_0_qkv_outproj/$auto$insbuf.cc:97:execute$46449: 1'0 -> \txk_bump_data [122]
Add chiplet_0_qkv_outproj/$auto$insbuf.cc:97:execute$46450: 1'0 -> \txk_bump_data [123]
Add chiplet_0_qkv_outproj/$auto$insbuf.cc:97:execute$46451: 1'0 -> \txk_bump_data [124]
Add chiplet_0_qkv_outproj/$auto$insbuf.cc:97:execute$46452: 1'0 -> \txk_bump_data [125]
Add chiplet_0_qkv_outproj/$auto$insbuf.cc:97:execute$46453: 1'0 -> \txk_bump_data [126]
Add chiplet_0_qkv_outproj/$auto$insbuf.cc:97:execute$46454: 1'0 -> \txk_bump_data [127]
Add chiplet_0_qkv_outproj/$auto$insbuf.cc:97:execute$46455: 1'0 -> \txk_bump_data [128]
Add chiplet_0_qkv_outproj/$auto$insbuf.cc:97:execute$46456: 1'0 -> \txk_bump_data [129]
Add chiplet_0_qkv_outproj/$auto$insbuf.cc:97:execute$46457: 1'0 -> \txk_bump_data [130]
Add chiplet_0_qkv_outproj/$auto$insbuf.cc:97:execute$46458: 1'0 -> \txk_bump_data [131]
Add chiplet_0_qkv_outproj/$auto$insbuf.cc:97:execute$46459: 1'0 -> \txk_bump_data [132]
Add chiplet_0_qkv_outproj/$auto$insbuf.cc:97:execute$46460: 1'0 -> \txk_bump_data [133]
Add chiplet_0_qkv_outproj/$auto$insbuf.cc:97:execute$46461: 1'0 -> \txk_bump_data [134]
Add chiplet_0_qkv_outproj/$auto$insbuf.cc:97:execute$46462: 1'0 -> \txk_bump_data [135]
Add chiplet_0_qkv_outproj/$auto$insbuf.cc:97:execute$46463: 1'0 -> \txk_bump_data [136]
Add chiplet_0_qkv_outproj/$auto$insbuf.cc:97:execute$46464: 1'0 -> \txk_bump_data [137]
Add chiplet_0_qkv_outproj/$auto$insbuf.cc:97:execute$46465: 1'0 -> \txk_bump_data [138]
Add chiplet_0_qkv_outproj/$auto$insbuf.cc:97:execute$46466: 1'0 -> \txk_bump_data [139]
Add chiplet_0_qkv_outproj/$auto$insbuf.cc:97:execute$46467: 1'0 -> \txk_bump_data [140]
Add chiplet_0_qkv_outproj/$auto$insbuf.cc:97:execute$46468: 1'0 -> \txk_bump_data [141]
Add chiplet_0_qkv_outproj/$auto$insbuf.cc:97:execute$46469: 1'0 -> \txk_bump_data [142]
Add chiplet_0_qkv_outproj/$auto$insbuf.cc:97:execute$46470: 1'0 -> \txk_bump_data [143]
Add chiplet_0_qkv_outproj/$auto$insbuf.cc:97:execute$46471: 1'0 -> \txk_bump_data [144]
Add chiplet_0_qkv_outproj/$auto$insbuf.cc:97:execute$46472: 1'0 -> \txk_bump_data [145]
Add chiplet_0_qkv_outproj/$auto$insbuf.cc:97:execute$46473: 1'0 -> \txk_bump_data [146]
Add chiplet_0_qkv_outproj/$auto$insbuf.cc:97:execute$46474: 1'0 -> \txk_bump_data [147]
Add chiplet_0_qkv_outproj/$auto$insbuf.cc:97:execute$46475: 1'0 -> \txk_bump_data [148]
Add chiplet_0_qkv_outproj/$auto$insbuf.cc:97:execute$46476: 1'0 -> \txk_bump_data [149]
Add chiplet_0_qkv_outproj/$auto$insbuf.cc:97:execute$46477: 1'0 -> \txk_bump_data [150]
Add chiplet_0_qkv_outproj/$auto$insbuf.cc:97:execute$46478: 1'0 -> \txk_bump_data [151]
Add chiplet_0_qkv_outproj/$auto$insbuf.cc:97:execute$46479: 1'0 -> \txk_bump_data [152]
Add chiplet_0_qkv_outproj/$auto$insbuf.cc:97:execute$46480: 1'0 -> \txk_bump_data [153]
Add chiplet_0_qkv_outproj/$auto$insbuf.cc:97:execute$46481: 1'0 -> \txk_bump_data [154]
Add chiplet_0_qkv_outproj/$auto$insbuf.cc:97:execute$46482: 1'0 -> \txk_bump_data [155]
Add chiplet_0_qkv_outproj/$auto$insbuf.cc:97:execute$46483: 1'0 -> \txk_bump_data [156]
Add chiplet_0_qkv_outproj/$auto$insbuf.cc:97:execute$46484: 1'0 -> \txk_bump_data [157]
Add chiplet_0_qkv_outproj/$auto$insbuf.cc:97:execute$46485: 1'0 -> \txk_bump_data [158]
Add chiplet_0_qkv_outproj/$auto$insbuf.cc:97:execute$46486: 1'0 -> \txk_bump_data [159]
Add chiplet_0_qkv_outproj/$auto$insbuf.cc:97:execute$46487: 1'0 -> \txk_bump_data [160]
Add chiplet_0_qkv_outproj/$auto$insbuf.cc:97:execute$46488: 1'0 -> \txk_bump_data [161]
Add chiplet_0_qkv_outproj/$auto$insbuf.cc:97:execute$46489: 1'0 -> \txk_bump_data [162]
Add chiplet_0_qkv_outproj/$auto$insbuf.cc:97:execute$46490: 1'0 -> \txk_bump_data [163]
Add chiplet_0_qkv_outproj/$auto$insbuf.cc:97:execute$46491: 1'0 -> \txk_bump_data [164]
Add chiplet_0_qkv_outproj/$auto$insbuf.cc:97:execute$46492: 1'0 -> \txk_bump_data [165]
Add chiplet_0_qkv_outproj/$auto$insbuf.cc:97:execute$46493: 1'0 -> \txk_bump_data [166]
Add chiplet_0_qkv_outproj/$auto$insbuf.cc:97:execute$46494: 1'0 -> \txk_bump_data [167]
Add chiplet_0_qkv_outproj/$auto$insbuf.cc:97:execute$46495: 1'0 -> \txk_bump_data [168]
Add chiplet_0_qkv_outproj/$auto$insbuf.cc:97:execute$46496: 1'0 -> \txk_bump_data [169]
Add chiplet_0_qkv_outproj/$auto$insbuf.cc:97:execute$46497: 1'0 -> \txk_bump_data [170]
Add chiplet_0_qkv_outproj/$auto$insbuf.cc:97:execute$46498: 1'0 -> \txk_bump_data [171]
Add chiplet_0_qkv_outproj/$auto$insbuf.cc:97:execute$46499: 1'0 -> \txk_bump_data [172]
Add chiplet_0_qkv_outproj/$auto$insbuf.cc:97:execute$46500: 1'0 -> \txk_bump_data [173]
Add chiplet_0_qkv_outproj/$auto$insbuf.cc:97:execute$46501: 1'0 -> \txk_bump_data [174]
Add chiplet_0_qkv_outproj/$auto$insbuf.cc:97:execute$46502: 1'0 -> \txk_bump_data [175]
Add chiplet_0_qkv_outproj/$auto$insbuf.cc:97:execute$46503: 1'0 -> \txk_bump_data [176]
Add chiplet_0_qkv_outproj/$auto$insbuf.cc:97:execute$46504: 1'0 -> \txk_bump_data [177]
Add chiplet_0_qkv_outproj/$auto$insbuf.cc:97:execute$46505: 1'0 -> \txk_bump_data [178]
Add chiplet_0_qkv_outproj/$auto$insbuf.cc:97:execute$46506: 1'0 -> \txk_bump_data [179]
Add chiplet_0_qkv_outproj/$auto$insbuf.cc:97:execute$46507: 1'0 -> \txk_bump_data [180]
Add chiplet_0_qkv_outproj/$auto$insbuf.cc:97:execute$46508: 1'0 -> \txk_bump_data [181]
Add chiplet_0_qkv_outproj/$auto$insbuf.cc:97:execute$46509: 1'0 -> \txk_bump_data [182]
Add chiplet_0_qkv_outproj/$auto$insbuf.cc:97:execute$46510: 1'0 -> \txk_bump_data [183]
Add chiplet_0_qkv_outproj/$auto$insbuf.cc:97:execute$46511: 1'0 -> \txk_bump_data [184]
Add chiplet_0_qkv_outproj/$auto$insbuf.cc:97:execute$46512: 1'0 -> \txk_bump_data [185]
Add chiplet_0_qkv_outproj/$auto$insbuf.cc:97:execute$46513: 1'0 -> \txk_bump_data [186]
Add chiplet_0_qkv_outproj/$auto$insbuf.cc:97:execute$46514: 1'0 -> \txk_bump_data [187]
Add chiplet_0_qkv_outproj/$auto$insbuf.cc:97:execute$46515: 1'0 -> \txk_bump_data [188]
Add chiplet_0_qkv_outproj/$auto$insbuf.cc:97:execute$46516: 1'0 -> \txk_bump_data [189]
Add chiplet_0_qkv_outproj/$auto$insbuf.cc:97:execute$46517: 1'0 -> \txk_bump_data [190]
Add chiplet_0_qkv_outproj/$auto$insbuf.cc:97:execute$46518: 1'0 -> \txk_bump_data [191]
Add chiplet_0_qkv_outproj/$auto$insbuf.cc:97:execute$46519: 1'0 -> \txk_bump_data [192]
Add chiplet_0_qkv_outproj/$auto$insbuf.cc:97:execute$46520: 1'0 -> \txk_bump_data [193]
Add chiplet_0_qkv_outproj/$auto$insbuf.cc:97:execute$46521: 1'0 -> \txk_bump_data [194]
Add chiplet_0_qkv_outproj/$auto$insbuf.cc:97:execute$46522: 1'0 -> \txk_bump_data [195]
Add chiplet_0_qkv_outproj/$auto$insbuf.cc:97:execute$46523: 1'0 -> \txk_bump_data [196]
Add chiplet_0_qkv_outproj/$auto$insbuf.cc:97:execute$46524: 1'0 -> \txk_bump_data [197]
Add chiplet_0_qkv_outproj/$auto$insbuf.cc:97:execute$46525: 1'0 -> \txk_bump_data [198]
Add chiplet_0_qkv_outproj/$auto$insbuf.cc:97:execute$46526: 1'0 -> \txk_bump_data [199]
Add chiplet_0_qkv_outproj/$auto$insbuf.cc:97:execute$46527: 1'0 -> \txk_bump_data [200]
Add chiplet_0_qkv_outproj/$auto$insbuf.cc:97:execute$46528: 1'0 -> \txk_bump_data [201]
Add chiplet_0_qkv_outproj/$auto$insbuf.cc:97:execute$46529: 1'0 -> \txk_bump_data [202]
Add chiplet_0_qkv_outproj/$auto$insbuf.cc:97:execute$46530: 1'0 -> \txk_bump_data [203]
Add chiplet_0_qkv_outproj/$auto$insbuf.cc:97:execute$46531: 1'0 -> \txk_bump_data [204]
Add chiplet_0_qkv_outproj/$auto$insbuf.cc:97:execute$46532: 1'0 -> \txk_bump_data [205]
Add chiplet_0_qkv_outproj/$auto$insbuf.cc:97:execute$46533: 1'0 -> \txk_bump_data [206]
Add chiplet_0_qkv_outproj/$auto$insbuf.cc:97:execute$46534: 1'0 -> \txk_bump_data [207]
Add chiplet_0_qkv_outproj/$auto$insbuf.cc:97:execute$46535: 1'0 -> \txk_bump_data [208]
Add chiplet_0_qkv_outproj/$auto$insbuf.cc:97:execute$46536: 1'0 -> \txk_bump_data [209]
Add chiplet_0_qkv_outproj/$auto$insbuf.cc:97:execute$46537: 1'0 -> \txk_bump_data [210]
Add chiplet_0_qkv_outproj/$auto$insbuf.cc:97:execute$46538: 1'0 -> \txk_bump_data [211]
Add chiplet_0_qkv_outproj/$auto$insbuf.cc:97:execute$46539: 1'0 -> \txk_bump_data [212]
Add chiplet_0_qkv_outproj/$auto$insbuf.cc:97:execute$46540: 1'0 -> \txk_bump_data [213]
Add chiplet_0_qkv_outproj/$auto$insbuf.cc:97:execute$46541: 1'0 -> \txk_bump_data [214]
Add chiplet_0_qkv_outproj/$auto$insbuf.cc:97:execute$46542: 1'0 -> \txk_bump_data [215]
Add chiplet_0_qkv_outproj/$auto$insbuf.cc:97:execute$46543: 1'0 -> \txk_bump_data [216]
Add chiplet_0_qkv_outproj/$auto$insbuf.cc:97:execute$46544: 1'0 -> \txk_bump_data [217]
Add chiplet_0_qkv_outproj/$auto$insbuf.cc:97:execute$46545: 1'0 -> \txk_bump_data [218]
Add chiplet_0_qkv_outproj/$auto$insbuf.cc:97:execute$46546: 1'0 -> \txk_bump_data [219]
Add chiplet_0_qkv_outproj/$auto$insbuf.cc:97:execute$46547: 1'0 -> \txk_bump_data [220]
Add chiplet_0_qkv_outproj/$auto$insbuf.cc:97:execute$46548: 1'0 -> \txk_bump_data [221]
Add chiplet_0_qkv_outproj/$auto$insbuf.cc:97:execute$46549: 1'0 -> \txk_bump_data [222]
Add chiplet_0_qkv_outproj/$auto$insbuf.cc:97:execute$46550: 1'0 -> \txk_bump_data [223]
Add chiplet_0_qkv_outproj/$auto$insbuf.cc:97:execute$46551: 1'0 -> \txk_bump_data [224]
Add chiplet_0_qkv_outproj/$auto$insbuf.cc:97:execute$46552: 1'0 -> \txk_bump_data [225]
Add chiplet_0_qkv_outproj/$auto$insbuf.cc:97:execute$46553: 1'0 -> \txk_bump_data [226]
Add chiplet_0_qkv_outproj/$auto$insbuf.cc:97:execute$46554: 1'0 -> \txk_bump_data [227]
Add chiplet_0_qkv_outproj/$auto$insbuf.cc:97:execute$46555: 1'0 -> \txk_bump_data [228]
Add chiplet_0_qkv_outproj/$auto$insbuf.cc:97:execute$46556: 1'0 -> \txk_bump_data [229]
Add chiplet_0_qkv_outproj/$auto$insbuf.cc:97:execute$46557: 1'0 -> \txk_bump_data [230]
Add chiplet_0_qkv_outproj/$auto$insbuf.cc:97:execute$46558: 1'0 -> \txk_bump_data [231]
Add chiplet_0_qkv_outproj/$auto$insbuf.cc:97:execute$46559: 1'0 -> \txk_bump_data [232]
Add chiplet_0_qkv_outproj/$auto$insbuf.cc:97:execute$46560: 1'0 -> \txk_bump_data [233]
Add chiplet_0_qkv_outproj/$auto$insbuf.cc:97:execute$46561: 1'0 -> \txk_bump_data [234]
Add chiplet_0_qkv_outproj/$auto$insbuf.cc:97:execute$46562: 1'0 -> \txk_bump_data [235]
Add chiplet_0_qkv_outproj/$auto$insbuf.cc:97:execute$46563: 1'0 -> \txk_bump_data [236]
Add chiplet_0_qkv_outproj/$auto$insbuf.cc:97:execute$46564: 1'0 -> \txk_bump_data [237]
Add chiplet_0_qkv_outproj/$auto$insbuf.cc:97:execute$46565: 1'0 -> \txk_bump_data [238]
Add chiplet_0_qkv_outproj/$auto$insbuf.cc:97:execute$46566: 1'0 -> \txk_bump_data [239]
Add chiplet_0_qkv_outproj/$auto$insbuf.cc:97:execute$46567: 1'0 -> \txk_bump_data [240]
Add chiplet_0_qkv_outproj/$auto$insbuf.cc:97:execute$46568: 1'0 -> \txk_bump_data [241]
Add chiplet_0_qkv_outproj/$auto$insbuf.cc:97:execute$46569: 1'0 -> \txk_bump_data [242]
Add chiplet_0_qkv_outproj/$auto$insbuf.cc:97:execute$46570: 1'0 -> \txk_bump_data [243]
Add chiplet_0_qkv_outproj/$auto$insbuf.cc:97:execute$46571: 1'0 -> \txk_bump_data [244]
Add chiplet_0_qkv_outproj/$auto$insbuf.cc:97:execute$46572: 1'0 -> \txk_bump_data [245]
Add chiplet_0_qkv_outproj/$auto$insbuf.cc:97:execute$46573: 1'0 -> \txk_bump_data [246]
Add chiplet_0_qkv_outproj/$auto$insbuf.cc:97:execute$46574: 1'0 -> \txk_bump_data [247]
Add chiplet_0_qkv_outproj/$auto$insbuf.cc:97:execute$46575: 1'0 -> \txk_bump_data [248]
Add chiplet_0_qkv_outproj/$auto$insbuf.cc:97:execute$46576: 1'0 -> \txk_bump_data [249]
Add chiplet_0_qkv_outproj/$auto$insbuf.cc:97:execute$46577: 1'0 -> \txk_bump_data [250]
Add chiplet_0_qkv_outproj/$auto$insbuf.cc:97:execute$46578: 1'0 -> \txk_bump_data [251]
Add chiplet_0_qkv_outproj/$auto$insbuf.cc:97:execute$46579: 1'0 -> \txk_bump_data [252]
Add chiplet_0_qkv_outproj/$auto$insbuf.cc:97:execute$46580: 1'0 -> \txk_bump_data [253]
Add chiplet_0_qkv_outproj/$auto$insbuf.cc:97:execute$46581: 1'0 -> \txk_bump_data [254]
Add chiplet_0_qkv_outproj/$auto$insbuf.cc:97:execute$46582: 1'0 -> \txk_bump_data [255]
Add chiplet_0_qkv_outproj/$auto$insbuf.cc:97:execute$46583: 1'0 -> \txk_bump_data [256]
Add chiplet_0_qkv_outproj/$auto$insbuf.cc:97:execute$46584: 1'0 -> \txk_bump_data [257]
Add chiplet_0_qkv_outproj/$auto$insbuf.cc:97:execute$46585: 1'0 -> \txk_bump_data [258]
Add chiplet_0_qkv_outproj/$auto$insbuf.cc:97:execute$46586: 1'0 -> \txk_bump_data [259]
Add chiplet_0_qkv_outproj/$auto$insbuf.cc:97:execute$46587: 1'0 -> \txk_bump_data [260]
Add chiplet_0_qkv_outproj/$auto$insbuf.cc:97:execute$46588: 1'0 -> \txk_bump_data [261]
Add chiplet_0_qkv_outproj/$auto$insbuf.cc:97:execute$46589: 1'0 -> \txk_bump_data [262]
Add chiplet_0_qkv_outproj/$auto$insbuf.cc:97:execute$46590: 1'0 -> \txk_bump_data [263]
Add chiplet_0_qkv_outproj/$auto$insbuf.cc:97:execute$46591: 1'0 -> \txk_bump_data [264]
Add chiplet_0_qkv_outproj/$auto$insbuf.cc:97:execute$46592: 1'0 -> \txk_bump_data [265]
Add chiplet_0_qkv_outproj/$auto$insbuf.cc:97:execute$46593: 1'0 -> \txk_bump_data [266]
Add chiplet_0_qkv_outproj/$auto$insbuf.cc:97:execute$46594: 1'0 -> \txk_bump_data [267]
Add chiplet_0_qkv_outproj/$auto$insbuf.cc:97:execute$46595: 1'0 -> \txk_bump_data [268]
Add chiplet_0_qkv_outproj/$auto$insbuf.cc:97:execute$46596: 1'0 -> \txk_bump_data [269]
Add chiplet_0_qkv_outproj/$auto$insbuf.cc:97:execute$46597: 1'0 -> \txk_bump_data [270]
Add chiplet_0_qkv_outproj/$auto$insbuf.cc:97:execute$46598: 1'0 -> \txk_bump_data [271]
Add chiplet_0_qkv_outproj/$auto$insbuf.cc:97:execute$46599: 1'0 -> \txk_bump_data [272]
Add chiplet_0_qkv_outproj/$auto$insbuf.cc:97:execute$46600: 1'0 -> \txk_bump_data [273]
Add chiplet_0_qkv_outproj/$auto$insbuf.cc:97:execute$46601: 1'0 -> \txk_bump_data [274]
Add chiplet_0_qkv_outproj/$auto$insbuf.cc:97:execute$46602: 1'0 -> \txk_bump_data [275]
Add chiplet_0_qkv_outproj/$auto$insbuf.cc:97:execute$46603: 1'0 -> \txk_bump_data [276]
Add chiplet_0_qkv_outproj/$auto$insbuf.cc:97:execute$46604: 1'0 -> \txk_bump_data [277]
Add chiplet_0_qkv_outproj/$auto$insbuf.cc:97:execute$46605: 1'0 -> \txk_bump_data [278]
Add chiplet_0_qkv_outproj/$auto$insbuf.cc:97:execute$46606: 1'0 -> \txk_bump_data [279]
Add chiplet_0_qkv_outproj/$auto$insbuf.cc:97:execute$46607: 1'0 -> \txk_bump_data [280]
Add chiplet_0_qkv_outproj/$auto$insbuf.cc:97:execute$46608: 1'0 -> \txk_bump_data [281]
Add chiplet_0_qkv_outproj/$auto$insbuf.cc:97:execute$46609: 1'0 -> \txk_bump_data [282]
Add chiplet_0_qkv_outproj/$auto$insbuf.cc:97:execute$46610: 1'0 -> \txk_bump_data [283]
Add chiplet_0_qkv_outproj/$auto$insbuf.cc:97:execute$46611: 1'0 -> \txk_bump_data [284]
Add chiplet_0_qkv_outproj/$auto$insbuf.cc:97:execute$46612: 1'0 -> \txk_bump_data [285]
Add chiplet_0_qkv_outproj/$auto$insbuf.cc:97:execute$46613: 1'0 -> \txk_bump_data [286]
Add chiplet_0_qkv_outproj/$auto$insbuf.cc:97:execute$46614: 1'0 -> \txk_bump_data [287]
Add chiplet_0_qkv_outproj/$auto$insbuf.cc:97:execute$46615: 1'0 -> \txk_bump_data [288]
Add chiplet_0_qkv_outproj/$auto$insbuf.cc:97:execute$46616: 1'0 -> \txk_bump_data [289]
Add chiplet_0_qkv_outproj/$auto$insbuf.cc:97:execute$46617: 1'0 -> \txk_bump_data [290]
Add chiplet_0_qkv_outproj/$auto$insbuf.cc:97:execute$46618: 1'0 -> \txk_bump_data [291]
Add chiplet_0_qkv_outproj/$auto$insbuf.cc:97:execute$46619: 1'0 -> \txk_bump_data [292]
Add chiplet_0_qkv_outproj/$auto$insbuf.cc:97:execute$46620: 1'0 -> \txk_bump_data [293]
Add chiplet_0_qkv_outproj/$auto$insbuf.cc:97:execute$46621: 1'0 -> \txk_bump_data [294]
Add chiplet_0_qkv_outproj/$auto$insbuf.cc:97:execute$46622: 1'0 -> \txk_bump_data [295]
Add chiplet_0_qkv_outproj/$auto$insbuf.cc:97:execute$46623: 1'0 -> \txk_bump_data [296]
Add chiplet_0_qkv_outproj/$auto$insbuf.cc:97:execute$46624: 1'0 -> \txk_bump_data [297]
Add chiplet_0_qkv_outproj/$auto$insbuf.cc:97:execute$46625: 1'0 -> \txk_bump_data [298]
Add chiplet_0_qkv_outproj/$auto$insbuf.cc:97:execute$46626: 1'0 -> \txk_bump_data [299]
Add chiplet_0_qkv_outproj/$auto$insbuf.cc:97:execute$46627: 1'0 -> \txk_bump_data [300]
Add chiplet_0_qkv_outproj/$auto$insbuf.cc:97:execute$46628: 1'0 -> \txk_bump_data [301]
Add chiplet_0_qkv_outproj/$auto$insbuf.cc:97:execute$46629: 1'0 -> \txk_bump_data [302]
Add chiplet_0_qkv_outproj/$auto$insbuf.cc:97:execute$46630: 1'0 -> \txk_bump_data [303]
Add chiplet_0_qkv_outproj/$auto$insbuf.cc:97:execute$46631: 1'0 -> \txk_bump_data [304]
Add chiplet_0_qkv_outproj/$auto$insbuf.cc:97:execute$46632: 1'0 -> \txk_bump_data [305]
Add chiplet_0_qkv_outproj/$auto$insbuf.cc:97:execute$46633: 1'0 -> \txk_bump_data [306]
Add chiplet_0_qkv_outproj/$auto$insbuf.cc:97:execute$46634: 1'0 -> \txk_bump_data [307]
Add chiplet_0_qkv_outproj/$auto$insbuf.cc:97:execute$46635: 1'0 -> \txk_bump_data [308]
Add chiplet_0_qkv_outproj/$auto$insbuf.cc:97:execute$46636: 1'0 -> \txk_bump_data [309]
Add chiplet_0_qkv_outproj/$auto$insbuf.cc:97:execute$46637: 1'0 -> \txk_bump_data [310]
Add chiplet_0_qkv_outproj/$auto$insbuf.cc:97:execute$46638: 1'0 -> \txk_bump_data [311]
Add chiplet_0_qkv_outproj/$auto$insbuf.cc:97:execute$46639: 1'0 -> \txk_bump_data [312]
Add chiplet_0_qkv_outproj/$auto$insbuf.cc:97:execute$46640: 1'0 -> \txk_bump_data [313]
Add chiplet_0_qkv_outproj/$auto$insbuf.cc:97:execute$46641: 1'0 -> \txk_bump_data [314]
Add chiplet_0_qkv_outproj/$auto$insbuf.cc:97:execute$46642: 1'0 -> \txk_bump_data [315]
Add chiplet_0_qkv_outproj/$auto$insbuf.cc:97:execute$46643: 1'0 -> \txk_bump_data [316]
Add chiplet_0_qkv_outproj/$auto$insbuf.cc:97:execute$46644: 1'0 -> \txk_bump_data [317]
Add chiplet_0_qkv_outproj/$auto$insbuf.cc:97:execute$46645: 1'0 -> \txk_bump_data [318]
Add chiplet_0_qkv_outproj/$auto$insbuf.cc:97:execute$46646: 1'0 -> \txk_bump_data [319]
Add chiplet_0_qkv_outproj/$auto$insbuf.cc:97:execute$46647: 1'0 -> \txk_bump_data [320]
Add chiplet_0_qkv_outproj/$auto$insbuf.cc:97:execute$46648: 1'0 -> \txk_bump_data [321]
Add chiplet_0_qkv_outproj/$auto$insbuf.cc:97:execute$46649: 1'0 -> \txk_bump_data [322]
Add chiplet_0_qkv_outproj/$auto$insbuf.cc:97:execute$46650: 1'0 -> \txk_bump_data [323]
Add chiplet_0_qkv_outproj/$auto$insbuf.cc:97:execute$46651: 1'0 -> \txk_bump_data [324]
Add chiplet_0_qkv_outproj/$auto$insbuf.cc:97:execute$46652: 1'0 -> \txk_bump_data [325]
Add chiplet_0_qkv_outproj/$auto$insbuf.cc:97:execute$46653: 1'0 -> \txk_bump_data [326]
Add chiplet_0_qkv_outproj/$auto$insbuf.cc:97:execute$46654: 1'0 -> \txk_bump_data [327]
Add chiplet_0_qkv_outproj/$auto$insbuf.cc:97:execute$46655: 1'0 -> \txk_bump_data [328]
Add chiplet_0_qkv_outproj/$auto$insbuf.cc:97:execute$46656: 1'0 -> \txk_bump_data [329]
Add chiplet_0_qkv_outproj/$auto$insbuf.cc:97:execute$46657: 1'0 -> \txk_bump_data [330]
Add chiplet_0_qkv_outproj/$auto$insbuf.cc:97:execute$46658: 1'0 -> \txk_bump_data [331]
Add chiplet_0_qkv_outproj/$auto$insbuf.cc:97:execute$46659: 1'0 -> \txk_bump_data [332]
Add chiplet_0_qkv_outproj/$auto$insbuf.cc:97:execute$46660: 1'0 -> \txk_bump_data [333]
Add chiplet_0_qkv_outproj/$auto$insbuf.cc:97:execute$46661: 1'0 -> \txk_bump_data [334]
Add chiplet_0_qkv_outproj/$auto$insbuf.cc:97:execute$46662: 1'0 -> \txk_bump_data [335]
Add chiplet_0_qkv_outproj/$auto$insbuf.cc:97:execute$46663: 1'0 -> \txk_bump_data [336]
Add chiplet_0_qkv_outproj/$auto$insbuf.cc:97:execute$46664: 1'0 -> \txk_bump_data [337]
Add chiplet_0_qkv_outproj/$auto$insbuf.cc:97:execute$46665: 1'0 -> \txk_bump_data [338]
Add chiplet_0_qkv_outproj/$auto$insbuf.cc:97:execute$46666: 1'0 -> \txk_bump_data [339]
Add chiplet_0_qkv_outproj/$auto$insbuf.cc:97:execute$46667: 1'0 -> \txk_bump_data [340]
Add chiplet_0_qkv_outproj/$auto$insbuf.cc:97:execute$46668: 1'0 -> \txk_bump_data [341]
Add chiplet_0_qkv_outproj/$auto$insbuf.cc:97:execute$46669: 1'0 -> \txk_bump_data [342]
Add chiplet_0_qkv_outproj/$auto$insbuf.cc:97:execute$46670: 1'0 -> \txk_bump_data [343]
Add chiplet_0_qkv_outproj/$auto$insbuf.cc:97:execute$46671: 1'0 -> \txk_bump_data [344]
Add chiplet_0_qkv_outproj/$auto$insbuf.cc:97:execute$46672: 1'0 -> \txk_bump_data [345]
Add chiplet_0_qkv_outproj/$auto$insbuf.cc:97:execute$46673: 1'0 -> \txk_bump_data [346]
Add chiplet_0_qkv_outproj/$auto$insbuf.cc:97:execute$46674: 1'0 -> \txk_bump_data [347]
Add chiplet_0_qkv_outproj/$auto$insbuf.cc:97:execute$46675: 1'0 -> \txk_bump_data [348]
Add chiplet_0_qkv_outproj/$auto$insbuf.cc:97:execute$46676: 1'0 -> \txk_bump_data [349]
Add chiplet_0_qkv_outproj/$auto$insbuf.cc:97:execute$46677: 1'0 -> \txk_bump_data [350]
Add chiplet_0_qkv_outproj/$auto$insbuf.cc:97:execute$46678: 1'0 -> \txk_bump_data [351]
Add chiplet_0_qkv_outproj/$auto$insbuf.cc:97:execute$46679: 1'0 -> \txk_bump_data [352]
Add chiplet_0_qkv_outproj/$auto$insbuf.cc:97:execute$46680: 1'0 -> \txk_bump_data [353]
Add chiplet_0_qkv_outproj/$auto$insbuf.cc:97:execute$46681: 1'0 -> \txk_bump_data [354]
Add chiplet_0_qkv_outproj/$auto$insbuf.cc:97:execute$46682: 1'0 -> \txk_bump_data [355]
Add chiplet_0_qkv_outproj/$auto$insbuf.cc:97:execute$46683: 1'0 -> \txk_bump_data [356]
Add chiplet_0_qkv_outproj/$auto$insbuf.cc:97:execute$46684: 1'0 -> \txk_bump_data [357]
Add chiplet_0_qkv_outproj/$auto$insbuf.cc:97:execute$46685: 1'0 -> \txk_bump_data [358]
Add chiplet_0_qkv_outproj/$auto$insbuf.cc:97:execute$46686: 1'0 -> \txk_bump_data [359]
Add chiplet_0_qkv_outproj/$auto$insbuf.cc:97:execute$46687: 1'0 -> \txk_bump_data [360]
Add chiplet_0_qkv_outproj/$auto$insbuf.cc:97:execute$46688: 1'0 -> \txk_bump_data [361]
Add chiplet_0_qkv_outproj/$auto$insbuf.cc:97:execute$46689: 1'0 -> \txk_bump_data [362]
Add chiplet_0_qkv_outproj/$auto$insbuf.cc:97:execute$46690: 1'0 -> \txk_bump_data [363]
Add chiplet_0_qkv_outproj/$auto$insbuf.cc:97:execute$46691: 1'0 -> \txk_bump_data [364]
Add chiplet_0_qkv_outproj/$auto$insbuf.cc:97:execute$46692: 1'0 -> \txk_bump_data [365]
Add chiplet_0_qkv_outproj/$auto$insbuf.cc:97:execute$46693: 1'0 -> \txk_bump_data [366]
Add chiplet_0_qkv_outproj/$auto$insbuf.cc:97:execute$46694: 1'0 -> \txk_bump_data [367]
Add chiplet_0_qkv_outproj/$auto$insbuf.cc:97:execute$46695: 1'0 -> \txk_bump_data [368]
Add chiplet_0_qkv_outproj/$auto$insbuf.cc:97:execute$46696: 1'0 -> \txk_bump_data [369]
Add chiplet_0_qkv_outproj/$auto$insbuf.cc:97:execute$46697: 1'0 -> \txk_bump_data [370]
Add chiplet_0_qkv_outproj/$auto$insbuf.cc:97:execute$46698: 1'0 -> \txk_bump_data [371]
Add chiplet_0_qkv_outproj/$auto$insbuf.cc:97:execute$46699: 1'0 -> \txk_bump_data [372]
Add chiplet_0_qkv_outproj/$auto$insbuf.cc:97:execute$46700: 1'0 -> \txk_bump_data [373]
Add chiplet_0_qkv_outproj/$auto$insbuf.cc:97:execute$46701: 1'0 -> \txk_bump_data [374]
Add chiplet_0_qkv_outproj/$auto$insbuf.cc:97:execute$46702: 1'0 -> \txk_bump_data [375]
Add chiplet_0_qkv_outproj/$auto$insbuf.cc:97:execute$46703: 1'0 -> \txk_bump_data [376]
Add chiplet_0_qkv_outproj/$auto$insbuf.cc:97:execute$46704: 1'0 -> \txk_bump_data [377]
Add chiplet_0_qkv_outproj/$auto$insbuf.cc:97:execute$46705: 1'0 -> \txk_bump_data [378]
Add chiplet_0_qkv_outproj/$auto$insbuf.cc:97:execute$46706: 1'0 -> \txk_bump_data [379]
Add chiplet_0_qkv_outproj/$auto$insbuf.cc:97:execute$46707: 1'0 -> \txk_bump_data [380]
Add chiplet_0_qkv_outproj/$auto$insbuf.cc:97:execute$46708: 1'0 -> \txk_bump_data [381]
Add chiplet_0_qkv_outproj/$auto$insbuf.cc:97:execute$46709: 1'0 -> \txk_bump_data [382]
Add chiplet_0_qkv_outproj/$auto$insbuf.cc:97:execute$46710: 1'0 -> \txk_bump_data [383]
Add chiplet_0_qkv_outproj/$auto$insbuf.cc:97:execute$46711: 1'0 -> \txk_bump_data [384]
Add chiplet_0_qkv_outproj/$auto$insbuf.cc:97:execute$46712: 1'0 -> \txk_bump_data [385]
Add chiplet_0_qkv_outproj/$auto$insbuf.cc:97:execute$46713: 1'0 -> \txk_bump_data [386]
Add chiplet_0_qkv_outproj/$auto$insbuf.cc:97:execute$46714: 1'0 -> \txk_bump_data [387]
Add chiplet_0_qkv_outproj/$auto$insbuf.cc:97:execute$46715: 1'0 -> \txk_bump_data [388]
Add chiplet_0_qkv_outproj/$auto$insbuf.cc:97:execute$46716: 1'0 -> \txk_bump_data [389]
Add chiplet_0_qkv_outproj/$auto$insbuf.cc:97:execute$46717: 1'0 -> \txk_bump_data [390]
Add chiplet_0_qkv_outproj/$auto$insbuf.cc:97:execute$46718: 1'0 -> \txk_bump_data [391]
Add chiplet_0_qkv_outproj/$auto$insbuf.cc:97:execute$46719: 1'0 -> \txk_bump_data [392]
Add chiplet_0_qkv_outproj/$auto$insbuf.cc:97:execute$46720: 1'0 -> \txk_bump_data [393]
Add chiplet_0_qkv_outproj/$auto$insbuf.cc:97:execute$46721: 1'0 -> \txk_bump_data [394]
Add chiplet_0_qkv_outproj/$auto$insbuf.cc:97:execute$46722: 1'0 -> \txk_bump_data [395]
Add chiplet_0_qkv_outproj/$auto$insbuf.cc:97:execute$46723: 1'0 -> \txk_bump_data [396]
Add chiplet_0_qkv_outproj/$auto$insbuf.cc:97:execute$46724: 1'0 -> \txk_bump_data [397]
Add chiplet_0_qkv_outproj/$auto$insbuf.cc:97:execute$46725: 1'0 -> \txk_bump_data [398]
Add chiplet_0_qkv_outproj/$auto$insbuf.cc:97:execute$46726: 1'0 -> \txk_bump_data [399]
Add chiplet_0_qkv_outproj/$auto$insbuf.cc:97:execute$46727: 1'0 -> \txk_bump_data [400]
Add chiplet_0_qkv_outproj/$auto$insbuf.cc:97:execute$46728: 1'0 -> \txk_bump_data [401]
Add chiplet_0_qkv_outproj/$auto$insbuf.cc:97:execute$46729: 1'0 -> \txk_bump_data [402]
Add chiplet_0_qkv_outproj/$auto$insbuf.cc:97:execute$46730: 1'0 -> \txk_bump_data [403]
Add chiplet_0_qkv_outproj/$auto$insbuf.cc:97:execute$46731: 1'0 -> \txk_bump_data [404]
Add chiplet_0_qkv_outproj/$auto$insbuf.cc:97:execute$46732: 1'0 -> \txk_bump_data [405]
Add chiplet_0_qkv_outproj/$auto$insbuf.cc:97:execute$46733: 1'0 -> \txk_bump_data [406]
Add chiplet_0_qkv_outproj/$auto$insbuf.cc:97:execute$46734: 1'0 -> \txk_bump_data [407]
Add chiplet_0_qkv_outproj/$auto$insbuf.cc:97:execute$46735: 1'0 -> \txk_bump_data [408]
Add chiplet_0_qkv_outproj/$auto$insbuf.cc:97:execute$46736: 1'0 -> \txk_bump_data [409]
Add chiplet_0_qkv_outproj/$auto$insbuf.cc:97:execute$46737: 1'0 -> \txk_bump_data [410]
Add chiplet_0_qkv_outproj/$auto$insbuf.cc:97:execute$46738: 1'0 -> \txk_bump_data [411]
Add chiplet_0_qkv_outproj/$auto$insbuf.cc:97:execute$46739: 1'0 -> \txk_bump_data [412]
Add chiplet_0_qkv_outproj/$auto$insbuf.cc:97:execute$46740: 1'0 -> \txk_bump_data [413]
Add chiplet_0_qkv_outproj/$auto$insbuf.cc:97:execute$46741: 1'0 -> \txk_bump_data [414]
Add chiplet_0_qkv_outproj/$auto$insbuf.cc:97:execute$46742: 1'0 -> \txk_bump_data [415]
Add chiplet_0_qkv_outproj/$auto$insbuf.cc:97:execute$46743: 1'0 -> \txk_bump_data [416]
Add chiplet_0_qkv_outproj/$auto$insbuf.cc:97:execute$46744: 1'0 -> \txk_bump_data [417]
Add chiplet_0_qkv_outproj/$auto$insbuf.cc:97:execute$46745: 1'0 -> \txk_bump_data [418]
Add chiplet_0_qkv_outproj/$auto$insbuf.cc:97:execute$46746: 1'0 -> \txk_bump_data [419]
Add chiplet_0_qkv_outproj/$auto$insbuf.cc:97:execute$46747: 1'0 -> \txk_bump_data [420]
Add chiplet_0_qkv_outproj/$auto$insbuf.cc:97:execute$46748: 1'0 -> \txk_bump_data [421]
Add chiplet_0_qkv_outproj/$auto$insbuf.cc:97:execute$46749: 1'0 -> \txk_bump_data [422]
Add chiplet_0_qkv_outproj/$auto$insbuf.cc:97:execute$46750: 1'0 -> \txk_bump_data [423]
Add chiplet_0_qkv_outproj/$auto$insbuf.cc:97:execute$46751: 1'0 -> \txk_bump_data [424]
Add chiplet_0_qkv_outproj/$auto$insbuf.cc:97:execute$46752: 1'0 -> \txk_bump_data [425]
Add chiplet_0_qkv_outproj/$auto$insbuf.cc:97:execute$46753: 1'0 -> \txk_bump_data [426]
Add chiplet_0_qkv_outproj/$auto$insbuf.cc:97:execute$46754: 1'0 -> \txk_bump_data [427]
Add chiplet_0_qkv_outproj/$auto$insbuf.cc:97:execute$46755: 1'0 -> \txk_bump_data [428]
Add chiplet_0_qkv_outproj/$auto$insbuf.cc:97:execute$46756: 1'0 -> \txk_bump_data [429]
Add chiplet_0_qkv_outproj/$auto$insbuf.cc:97:execute$46757: 1'0 -> \txk_bump_data [430]
Add chiplet_0_qkv_outproj/$auto$insbuf.cc:97:execute$46758: 1'0 -> \txk_bump_data [431]
Add chiplet_0_qkv_outproj/$auto$insbuf.cc:97:execute$46759: 1'0 -> \txk_bump_data [432]
Add chiplet_0_qkv_outproj/$auto$insbuf.cc:97:execute$46760: 1'0 -> \txk_bump_data [433]
Add chiplet_0_qkv_outproj/$auto$insbuf.cc:97:execute$46761: 1'0 -> \txk_bump_data [434]
Add chiplet_0_qkv_outproj/$auto$insbuf.cc:97:execute$46762: 1'0 -> \txk_bump_data [435]
Add chiplet_0_qkv_outproj/$auto$insbuf.cc:97:execute$46763: 1'0 -> \txk_bump_data [436]
Add chiplet_0_qkv_outproj/$auto$insbuf.cc:97:execute$46764: 1'0 -> \txk_bump_data [437]
Add chiplet_0_qkv_outproj/$auto$insbuf.cc:97:execute$46765: 1'0 -> \txk_bump_data [438]
Add chiplet_0_qkv_outproj/$auto$insbuf.cc:97:execute$46766: 1'0 -> \txk_bump_data [439]
Add chiplet_0_qkv_outproj/$auto$insbuf.cc:97:execute$46767: 1'0 -> \txk_bump_data [440]
Add chiplet_0_qkv_outproj/$auto$insbuf.cc:97:execute$46768: 1'0 -> \txk_bump_data [441]
Add chiplet_0_qkv_outproj/$auto$insbuf.cc:97:execute$46769: 1'0 -> \txk_bump_data [442]
Add chiplet_0_qkv_outproj/$auto$insbuf.cc:97:execute$46770: 1'0 -> \txk_bump_data [443]
Add chiplet_0_qkv_outproj/$auto$insbuf.cc:97:execute$46771: 1'0 -> \txk_bump_data [444]
Add chiplet_0_qkv_outproj/$auto$insbuf.cc:97:execute$46772: 1'0 -> \txk_bump_data [445]
Add chiplet_0_qkv_outproj/$auto$insbuf.cc:97:execute$46773: 1'0 -> \txk_bump_data [446]
Add chiplet_0_qkv_outproj/$auto$insbuf.cc:97:execute$46774: 1'0 -> \txk_bump_data [447]
Add chiplet_0_qkv_outproj/$auto$insbuf.cc:97:execute$46775: 1'0 -> \txk_bump_data [448]
Add chiplet_0_qkv_outproj/$auto$insbuf.cc:97:execute$46776: 1'0 -> \txk_bump_data [449]
Add chiplet_0_qkv_outproj/$auto$insbuf.cc:97:execute$46777: 1'0 -> \txk_bump_data [450]
Add chiplet_0_qkv_outproj/$auto$insbuf.cc:97:execute$46778: 1'0 -> \txk_bump_data [451]
Add chiplet_0_qkv_outproj/$auto$insbuf.cc:97:execute$46779: 1'0 -> \txk_bump_data [452]
Add chiplet_0_qkv_outproj/$auto$insbuf.cc:97:execute$46780: 1'0 -> \txk_bump_data [453]
Add chiplet_0_qkv_outproj/$auto$insbuf.cc:97:execute$46781: 1'0 -> \txk_bump_data [454]
Add chiplet_0_qkv_outproj/$auto$insbuf.cc:97:execute$46782: 1'0 -> \txk_bump_data [455]
Add chiplet_0_qkv_outproj/$auto$insbuf.cc:97:execute$46783: 1'0 -> \txk_bump_data [456]
Add chiplet_0_qkv_outproj/$auto$insbuf.cc:97:execute$46784: 1'0 -> \txk_bump_data [457]
Add chiplet_0_qkv_outproj/$auto$insbuf.cc:97:execute$46785: 1'0 -> \txk_bump_data [458]
Add chiplet_0_qkv_outproj/$auto$insbuf.cc:97:execute$46786: 1'0 -> \txk_bump_data [459]
Add chiplet_0_qkv_outproj/$auto$insbuf.cc:97:execute$46787: 1'0 -> \txk_bump_data [460]
Add chiplet_0_qkv_outproj/$auto$insbuf.cc:97:execute$46788: 1'0 -> \txk_bump_data [461]
Add chiplet_0_qkv_outproj/$auto$insbuf.cc:97:execute$46789: 1'0 -> \txk_bump_data [462]
Add chiplet_0_qkv_outproj/$auto$insbuf.cc:97:execute$46790: 1'0 -> \txk_bump_data [463]
Add chiplet_0_qkv_outproj/$auto$insbuf.cc:97:execute$46791: 1'0 -> \txk_bump_data [464]
Add chiplet_0_qkv_outproj/$auto$insbuf.cc:97:execute$46792: 1'0 -> \txk_bump_data [465]
Add chiplet_0_qkv_outproj/$auto$insbuf.cc:97:execute$46793: 1'0 -> \txk_bump_data [466]
Add chiplet_0_qkv_outproj/$auto$insbuf.cc:97:execute$46794: 1'0 -> \txk_bump_data [467]
Add chiplet_0_qkv_outproj/$auto$insbuf.cc:97:execute$46795: 1'0 -> \txk_bump_data [468]
Add chiplet_0_qkv_outproj/$auto$insbuf.cc:97:execute$46796: 1'0 -> \txk_bump_data [469]
Add chiplet_0_qkv_outproj/$auto$insbuf.cc:97:execute$46797: 1'0 -> \txk_bump_data [470]
Add chiplet_0_qkv_outproj/$auto$insbuf.cc:97:execute$46798: 1'0 -> \txk_bump_data [471]
Add chiplet_0_qkv_outproj/$auto$insbuf.cc:97:execute$46799: 1'0 -> \txk_bump_data [472]
Add chiplet_0_qkv_outproj/$auto$insbuf.cc:97:execute$46800: 1'0 -> \txk_bump_data [473]
Add chiplet_0_qkv_outproj/$auto$insbuf.cc:97:execute$46801: 1'0 -> \txk_bump_data [474]
Add chiplet_0_qkv_outproj/$auto$insbuf.cc:97:execute$46802: 1'0 -> \txk_bump_data [475]
Add chiplet_0_qkv_outproj/$auto$insbuf.cc:97:execute$46803: 1'0 -> \txk_bump_data [476]
Add chiplet_0_qkv_outproj/$auto$insbuf.cc:97:execute$46804: 1'0 -> \txk_bump_data [477]
Add chiplet_0_qkv_outproj/$auto$insbuf.cc:97:execute$46805: 1'0 -> \txk_bump_data [478]
Add chiplet_0_qkv_outproj/$auto$insbuf.cc:97:execute$46806: 1'0 -> \txk_bump_data [479]
Add chiplet_0_qkv_outproj/$auto$insbuf.cc:97:execute$46807: 1'0 -> \txk_bump_data [480]
Add chiplet_0_qkv_outproj/$auto$insbuf.cc:97:execute$46808: 1'0 -> \txk_bump_data [481]
Add chiplet_0_qkv_outproj/$auto$insbuf.cc:97:execute$46809: 1'0 -> \txk_bump_data [482]
Add chiplet_0_qkv_outproj/$auto$insbuf.cc:97:execute$46810: 1'0 -> \txk_bump_data [483]
Add chiplet_0_qkv_outproj/$auto$insbuf.cc:97:execute$46811: 1'0 -> \txk_bump_data [484]
Add chiplet_0_qkv_outproj/$auto$insbuf.cc:97:execute$46812: 1'0 -> \txk_bump_data [485]
Add chiplet_0_qkv_outproj/$auto$insbuf.cc:97:execute$46813: 1'0 -> \txk_bump_data [486]
Add chiplet_0_qkv_outproj/$auto$insbuf.cc:97:execute$46814: 1'0 -> \txk_bump_data [487]
Add chiplet_0_qkv_outproj/$auto$insbuf.cc:97:execute$46815: 1'0 -> \txk_bump_data [488]
Add chiplet_0_qkv_outproj/$auto$insbuf.cc:97:execute$46816: 1'0 -> \txk_bump_data [489]
Add chiplet_0_qkv_outproj/$auto$insbuf.cc:97:execute$46817: 1'0 -> \txk_bump_data [490]
Add chiplet_0_qkv_outproj/$auto$insbuf.cc:97:execute$46818: 1'0 -> \txk_bump_data [491]
Add chiplet_0_qkv_outproj/$auto$insbuf.cc:97:execute$46819: 1'0 -> \txk_bump_data [492]
Add chiplet_0_qkv_outproj/$auto$insbuf.cc:97:execute$46820: 1'0 -> \txk_bump_data [493]
Add chiplet_0_qkv_outproj/$auto$insbuf.cc:97:execute$46821: 1'0 -> \txk_bump_data [494]
Add chiplet_0_qkv_outproj/$auto$insbuf.cc:97:execute$46822: 1'0 -> \txk_bump_data [495]
Add chiplet_0_qkv_outproj/$auto$insbuf.cc:97:execute$46823: 1'0 -> \txk_bump_data [496]
Add chiplet_0_qkv_outproj/$auto$insbuf.cc:97:execute$46824: 1'0 -> \txk_bump_data [497]
Add chiplet_0_qkv_outproj/$auto$insbuf.cc:97:execute$46825: 1'0 -> \txk_bump_data [498]
Add chiplet_0_qkv_outproj/$auto$insbuf.cc:97:execute$46826: 1'0 -> \txk_bump_data [499]
Add chiplet_0_qkv_outproj/$auto$insbuf.cc:97:execute$46827: 1'0 -> \txk_bump_data [500]
Add chiplet_0_qkv_outproj/$auto$insbuf.cc:97:execute$46828: 1'0 -> \txk_bump_data [501]
Add chiplet_0_qkv_outproj/$auto$insbuf.cc:97:execute$46829: 1'0 -> \txk_bump_data [502]
Add chiplet_0_qkv_outproj/$auto$insbuf.cc:97:execute$46830: 1'0 -> \txk_bump_data [503]
Add chiplet_0_qkv_outproj/$auto$insbuf.cc:97:execute$46831: 1'0 -> \txk_bump_data [504]
Add chiplet_0_qkv_outproj/$auto$insbuf.cc:97:execute$46832: 1'0 -> \txk_bump_data [505]
Add chiplet_0_qkv_outproj/$auto$insbuf.cc:97:execute$46833: 1'0 -> \txk_bump_data [506]
Add chiplet_0_qkv_outproj/$auto$insbuf.cc:97:execute$46834: 1'0 -> \txk_bump_data [507]
Add chiplet_0_qkv_outproj/$auto$insbuf.cc:97:execute$46835: 1'0 -> \txk_bump_data [508]
Add chiplet_0_qkv_outproj/$auto$insbuf.cc:97:execute$46836: 1'0 -> \txk_bump_data [509]
Add chiplet_0_qkv_outproj/$auto$insbuf.cc:97:execute$46837: 1'0 -> \txk_bump_data [510]
Add chiplet_0_qkv_outproj/$auto$insbuf.cc:97:execute$46838: 1'0 -> \txk_bump_data [511]
Add chiplet_0_qkv_outproj/$auto$insbuf.cc:97:execute$46839: 1'0 -> \txk_bump_valid
Add chiplet_0_qkv_outproj/$auto$insbuf.cc:97:execute$46840: 1'0 -> \txout_bump_data [0]
Add chiplet_0_qkv_outproj/$auto$insbuf.cc:97:execute$46841: 1'0 -> \txout_bump_data [1]
Add chiplet_0_qkv_outproj/$auto$insbuf.cc:97:execute$46842: 1'0 -> \txout_bump_data [2]
Add chiplet_0_qkv_outproj/$auto$insbuf.cc:97:execute$46843: 1'0 -> \txout_bump_data [3]
Add chiplet_0_qkv_outproj/$auto$insbuf.cc:97:execute$46844: 1'0 -> \txout_bump_data [4]
Add chiplet_0_qkv_outproj/$auto$insbuf.cc:97:execute$46845: 1'0 -> \txout_bump_data [5]
Add chiplet_0_qkv_outproj/$auto$insbuf.cc:97:execute$46846: 1'0 -> \txout_bump_data [6]
Add chiplet_0_qkv_outproj/$auto$insbuf.cc:97:execute$46847: 1'0 -> \txout_bump_data [7]
Add chiplet_0_qkv_outproj/$auto$insbuf.cc:97:execute$46848: 1'0 -> \txout_bump_data [8]
Add chiplet_0_qkv_outproj/$auto$insbuf.cc:97:execute$46849: 1'0 -> \txout_bump_data [9]
Add chiplet_0_qkv_outproj/$auto$insbuf.cc:97:execute$46850: 1'0 -> \txout_bump_data [10]
Add chiplet_0_qkv_outproj/$auto$insbuf.cc:97:execute$46851: 1'0 -> \txout_bump_data [11]
Add chiplet_0_qkv_outproj/$auto$insbuf.cc:97:execute$46852: 1'0 -> \txout_bump_data [12]
Add chiplet_0_qkv_outproj/$auto$insbuf.cc:97:execute$46853: 1'0 -> \txout_bump_data [13]
Add chiplet_0_qkv_outproj/$auto$insbuf.cc:97:execute$46854: 1'0 -> \txout_bump_data [14]
Add chiplet_0_qkv_outproj/$auto$insbuf.cc:97:execute$46855: 1'0 -> \txout_bump_data [15]
Add chiplet_0_qkv_outproj/$auto$insbuf.cc:97:execute$46856: 1'0 -> \txout_bump_data [16]
Add chiplet_0_qkv_outproj/$auto$insbuf.cc:97:execute$46857: 1'0 -> \txout_bump_data [17]
Add chiplet_0_qkv_outproj/$auto$insbuf.cc:97:execute$46858: 1'0 -> \txout_bump_data [18]
Add chiplet_0_qkv_outproj/$auto$insbuf.cc:97:execute$46859: 1'0 -> \txout_bump_data [19]
Add chiplet_0_qkv_outproj/$auto$insbuf.cc:97:execute$46860: 1'0 -> \txout_bump_data [20]
Add chiplet_0_qkv_outproj/$auto$insbuf.cc:97:execute$46861: 1'0 -> \txout_bump_data [21]
Add chiplet_0_qkv_outproj/$auto$insbuf.cc:97:execute$46862: 1'0 -> \txout_bump_data [22]
Add chiplet_0_qkv_outproj/$auto$insbuf.cc:97:execute$46863: 1'0 -> \txout_bump_data [23]
Add chiplet_0_qkv_outproj/$auto$insbuf.cc:97:execute$46864: 1'0 -> \txout_bump_data [24]
Add chiplet_0_qkv_outproj/$auto$insbuf.cc:97:execute$46865: 1'0 -> \txout_bump_data [25]
Add chiplet_0_qkv_outproj/$auto$insbuf.cc:97:execute$46866: 1'0 -> \txout_bump_data [26]
Add chiplet_0_qkv_outproj/$auto$insbuf.cc:97:execute$46867: 1'0 -> \txout_bump_data [27]
Add chiplet_0_qkv_outproj/$auto$insbuf.cc:97:execute$46868: 1'0 -> \txout_bump_data [28]
Add chiplet_0_qkv_outproj/$auto$insbuf.cc:97:execute$46869: 1'0 -> \txout_bump_data [29]
Add chiplet_0_qkv_outproj/$auto$insbuf.cc:97:execute$46870: 1'0 -> \txout_bump_data [30]
Add chiplet_0_qkv_outproj/$auto$insbuf.cc:97:execute$46871: 1'0 -> \txout_bump_data [31]
Add chiplet_0_qkv_outproj/$auto$insbuf.cc:97:execute$46872: 1'0 -> \txout_bump_data [32]
Add chiplet_0_qkv_outproj/$auto$insbuf.cc:97:execute$46873: 1'0 -> \txout_bump_data [33]
Add chiplet_0_qkv_outproj/$auto$insbuf.cc:97:execute$46874: 1'0 -> \txout_bump_data [34]
Add chiplet_0_qkv_outproj/$auto$insbuf.cc:97:execute$46875: 1'0 -> \txout_bump_data [35]
Add chiplet_0_qkv_outproj/$auto$insbuf.cc:97:execute$46876: 1'0 -> \txout_bump_data [36]
Add chiplet_0_qkv_outproj/$auto$insbuf.cc:97:execute$46877: 1'0 -> \txout_bump_data [37]
Add chiplet_0_qkv_outproj/$auto$insbuf.cc:97:execute$46878: 1'0 -> \txout_bump_data [38]
Add chiplet_0_qkv_outproj/$auto$insbuf.cc:97:execute$46879: 1'0 -> \txout_bump_data [39]
Add chiplet_0_qkv_outproj/$auto$insbuf.cc:97:execute$46880: 1'0 -> \txout_bump_data [40]
Add chiplet_0_qkv_outproj/$auto$insbuf.cc:97:execute$46881: 1'0 -> \txout_bump_data [41]
Add chiplet_0_qkv_outproj/$auto$insbuf.cc:97:execute$46882: 1'0 -> \txout_bump_data [42]
Add chiplet_0_qkv_outproj/$auto$insbuf.cc:97:execute$46883: 1'0 -> \txout_bump_data [43]
Add chiplet_0_qkv_outproj/$auto$insbuf.cc:97:execute$46884: 1'0 -> \txout_bump_data [44]
Add chiplet_0_qkv_outproj/$auto$insbuf.cc:97:execute$46885: 1'0 -> \txout_bump_data [45]
Add chiplet_0_qkv_outproj/$auto$insbuf.cc:97:execute$46886: 1'0 -> \txout_bump_data [46]
Add chiplet_0_qkv_outproj/$auto$insbuf.cc:97:execute$46887: 1'0 -> \txout_bump_data [47]
Add chiplet_0_qkv_outproj/$auto$insbuf.cc:97:execute$46888: 1'0 -> \txout_bump_data [48]
Add chiplet_0_qkv_outproj/$auto$insbuf.cc:97:execute$46889: 1'0 -> \txout_bump_data [49]
Add chiplet_0_qkv_outproj/$auto$insbuf.cc:97:execute$46890: 1'0 -> \txout_bump_data [50]
Add chiplet_0_qkv_outproj/$auto$insbuf.cc:97:execute$46891: 1'0 -> \txout_bump_data [51]
Add chiplet_0_qkv_outproj/$auto$insbuf.cc:97:execute$46892: 1'0 -> \txout_bump_data [52]
Add chiplet_0_qkv_outproj/$auto$insbuf.cc:97:execute$46893: 1'0 -> \txout_bump_data [53]
Add chiplet_0_qkv_outproj/$auto$insbuf.cc:97:execute$46894: 1'0 -> \txout_bump_data [54]
Add chiplet_0_qkv_outproj/$auto$insbuf.cc:97:execute$46895: 1'0 -> \txout_bump_data [55]
Add chiplet_0_qkv_outproj/$auto$insbuf.cc:97:execute$46896: 1'0 -> \txout_bump_data [56]
Add chiplet_0_qkv_outproj/$auto$insbuf.cc:97:execute$46897: 1'0 -> \txout_bump_data [57]
Add chiplet_0_qkv_outproj/$auto$insbuf.cc:97:execute$46898: 1'0 -> \txout_bump_data [58]
Add chiplet_0_qkv_outproj/$auto$insbuf.cc:97:execute$46899: 1'0 -> \txout_bump_data [59]
Add chiplet_0_qkv_outproj/$auto$insbuf.cc:97:execute$46900: 1'0 -> \txout_bump_data [60]
Add chiplet_0_qkv_outproj/$auto$insbuf.cc:97:execute$46901: 1'0 -> \txout_bump_data [61]
Add chiplet_0_qkv_outproj/$auto$insbuf.cc:97:execute$46902: 1'0 -> \txout_bump_data [62]
Add chiplet_0_qkv_outproj/$auto$insbuf.cc:97:execute$46903: 1'0 -> \txout_bump_data [63]
Add chiplet_0_qkv_outproj/$auto$insbuf.cc:97:execute$46904: 1'0 -> \txout_bump_data [64]
Add chiplet_0_qkv_outproj/$auto$insbuf.cc:97:execute$46905: 1'0 -> \txout_bump_data [65]
Add chiplet_0_qkv_outproj/$auto$insbuf.cc:97:execute$46906: 1'0 -> \txout_bump_data [66]
Add chiplet_0_qkv_outproj/$auto$insbuf.cc:97:execute$46907: 1'0 -> \txout_bump_data [67]
Add chiplet_0_qkv_outproj/$auto$insbuf.cc:97:execute$46908: 1'0 -> \txout_bump_data [68]
Add chiplet_0_qkv_outproj/$auto$insbuf.cc:97:execute$46909: 1'0 -> \txout_bump_data [69]
Add chiplet_0_qkv_outproj/$auto$insbuf.cc:97:execute$46910: 1'0 -> \txout_bump_data [70]
Add chiplet_0_qkv_outproj/$auto$insbuf.cc:97:execute$46911: 1'0 -> \txout_bump_data [71]
Add chiplet_0_qkv_outproj/$auto$insbuf.cc:97:execute$46912: 1'0 -> \txout_bump_data [72]
Add chiplet_0_qkv_outproj/$auto$insbuf.cc:97:execute$46913: 1'0 -> \txout_bump_data [73]
Add chiplet_0_qkv_outproj/$auto$insbuf.cc:97:execute$46914: 1'0 -> \txout_bump_data [74]
Add chiplet_0_qkv_outproj/$auto$insbuf.cc:97:execute$46915: 1'0 -> \txout_bump_data [75]
Add chiplet_0_qkv_outproj/$auto$insbuf.cc:97:execute$46916: 1'0 -> \txout_bump_data [76]
Add chiplet_0_qkv_outproj/$auto$insbuf.cc:97:execute$46917: 1'0 -> \txout_bump_data [77]
Add chiplet_0_qkv_outproj/$auto$insbuf.cc:97:execute$46918: 1'0 -> \txout_bump_data [78]
Add chiplet_0_qkv_outproj/$auto$insbuf.cc:97:execute$46919: 1'0 -> \txout_bump_data [79]
Add chiplet_0_qkv_outproj/$auto$insbuf.cc:97:execute$46920: 1'0 -> \txout_bump_data [80]
Add chiplet_0_qkv_outproj/$auto$insbuf.cc:97:execute$46921: 1'0 -> \txout_bump_data [81]
Add chiplet_0_qkv_outproj/$auto$insbuf.cc:97:execute$46922: 1'0 -> \txout_bump_data [82]
Add chiplet_0_qkv_outproj/$auto$insbuf.cc:97:execute$46923: 1'0 -> \txout_bump_data [83]
Add chiplet_0_qkv_outproj/$auto$insbuf.cc:97:execute$46924: 1'0 -> \txout_bump_data [84]
Add chiplet_0_qkv_outproj/$auto$insbuf.cc:97:execute$46925: 1'0 -> \txout_bump_data [85]
Add chiplet_0_qkv_outproj/$auto$insbuf.cc:97:execute$46926: 1'0 -> \txout_bump_data [86]
Add chiplet_0_qkv_outproj/$auto$insbuf.cc:97:execute$46927: 1'0 -> \txout_bump_data [87]
Add chiplet_0_qkv_outproj/$auto$insbuf.cc:97:execute$46928: 1'0 -> \txout_bump_data [88]
Add chiplet_0_qkv_outproj/$auto$insbuf.cc:97:execute$46929: 1'0 -> \txout_bump_data [89]
Add chiplet_0_qkv_outproj/$auto$insbuf.cc:97:execute$46930: 1'0 -> \txout_bump_data [90]
Add chiplet_0_qkv_outproj/$auto$insbuf.cc:97:execute$46931: 1'0 -> \txout_bump_data [91]
Add chiplet_0_qkv_outproj/$auto$insbuf.cc:97:execute$46932: 1'0 -> \txout_bump_data [92]
Add chiplet_0_qkv_outproj/$auto$insbuf.cc:97:execute$46933: 1'0 -> \txout_bump_data [93]
Add chiplet_0_qkv_outproj/$auto$insbuf.cc:97:execute$46934: 1'0 -> \txout_bump_data [94]
Add chiplet_0_qkv_outproj/$auto$insbuf.cc:97:execute$46935: 1'0 -> \txout_bump_data [95]
Add chiplet_0_qkv_outproj/$auto$insbuf.cc:97:execute$46936: 1'0 -> \txout_bump_data [96]
Add chiplet_0_qkv_outproj/$auto$insbuf.cc:97:execute$46937: 1'0 -> \txout_bump_data [97]
Add chiplet_0_qkv_outproj/$auto$insbuf.cc:97:execute$46938: 1'0 -> \txout_bump_data [98]
Add chiplet_0_qkv_outproj/$auto$insbuf.cc:97:execute$46939: 1'0 -> \txout_bump_data [99]
Add chiplet_0_qkv_outproj/$auto$insbuf.cc:97:execute$46940: 1'0 -> \txout_bump_data [100]
Add chiplet_0_qkv_outproj/$auto$insbuf.cc:97:execute$46941: 1'0 -> \txout_bump_data [101]
Add chiplet_0_qkv_outproj/$auto$insbuf.cc:97:execute$46942: 1'0 -> \txout_bump_data [102]
Add chiplet_0_qkv_outproj/$auto$insbuf.cc:97:execute$46943: 1'0 -> \txout_bump_data [103]
Add chiplet_0_qkv_outproj/$auto$insbuf.cc:97:execute$46944: 1'0 -> \txout_bump_data [104]
Add chiplet_0_qkv_outproj/$auto$insbuf.cc:97:execute$46945: 1'0 -> \txout_bump_data [105]
Add chiplet_0_qkv_outproj/$auto$insbuf.cc:97:execute$46946: 1'0 -> \txout_bump_data [106]
Add chiplet_0_qkv_outproj/$auto$insbuf.cc:97:execute$46947: 1'0 -> \txout_bump_data [107]
Add chiplet_0_qkv_outproj/$auto$insbuf.cc:97:execute$46948: 1'0 -> \txout_bump_data [108]
Add chiplet_0_qkv_outproj/$auto$insbuf.cc:97:execute$46949: 1'0 -> \txout_bump_data [109]
Add chiplet_0_qkv_outproj/$auto$insbuf.cc:97:execute$46950: 1'0 -> \txout_bump_data [110]
Add chiplet_0_qkv_outproj/$auto$insbuf.cc:97:execute$46951: 1'0 -> \txout_bump_data [111]
Add chiplet_0_qkv_outproj/$auto$insbuf.cc:97:execute$46952: 1'0 -> \txout_bump_data [112]
Add chiplet_0_qkv_outproj/$auto$insbuf.cc:97:execute$46953: 1'0 -> \txout_bump_data [113]
Add chiplet_0_qkv_outproj/$auto$insbuf.cc:97:execute$46954: 1'0 -> \txout_bump_data [114]
Add chiplet_0_qkv_outproj/$auto$insbuf.cc:97:execute$46955: 1'0 -> \txout_bump_data [115]
Add chiplet_0_qkv_outproj/$auto$insbuf.cc:97:execute$46956: 1'0 -> \txout_bump_data [116]
Add chiplet_0_qkv_outproj/$auto$insbuf.cc:97:execute$46957: 1'0 -> \txout_bump_data [117]
Add chiplet_0_qkv_outproj/$auto$insbuf.cc:97:execute$46958: 1'0 -> \txout_bump_data [118]
Add chiplet_0_qkv_outproj/$auto$insbuf.cc:97:execute$46959: 1'0 -> \txout_bump_data [119]
Add chiplet_0_qkv_outproj/$auto$insbuf.cc:97:execute$46960: 1'0 -> \txout_bump_data [120]
Add chiplet_0_qkv_outproj/$auto$insbuf.cc:97:execute$46961: 1'0 -> \txout_bump_data [121]
Add chiplet_0_qkv_outproj/$auto$insbuf.cc:97:execute$46962: 1'0 -> \txout_bump_data [122]
Add chiplet_0_qkv_outproj/$auto$insbuf.cc:97:execute$46963: 1'0 -> \txout_bump_data [123]
Add chiplet_0_qkv_outproj/$auto$insbuf.cc:97:execute$46964: 1'0 -> \txout_bump_data [124]
Add chiplet_0_qkv_outproj/$auto$insbuf.cc:97:execute$46965: 1'0 -> \txout_bump_data [125]
Add chiplet_0_qkv_outproj/$auto$insbuf.cc:97:execute$46966: 1'0 -> \txout_bump_data [126]
Add chiplet_0_qkv_outproj/$auto$insbuf.cc:97:execute$46967: 1'0 -> \txout_bump_data [127]
Add chiplet_0_qkv_outproj/$auto$insbuf.cc:97:execute$46968: 1'0 -> \txout_bump_data [128]
Add chiplet_0_qkv_outproj/$auto$insbuf.cc:97:execute$46969: 1'0 -> \txout_bump_data [129]
Add chiplet_0_qkv_outproj/$auto$insbuf.cc:97:execute$46970: 1'0 -> \txout_bump_data [130]
Add chiplet_0_qkv_outproj/$auto$insbuf.cc:97:execute$46971: 1'0 -> \txout_bump_data [131]
Add chiplet_0_qkv_outproj/$auto$insbuf.cc:97:execute$46972: 1'0 -> \txout_bump_data [132]
Add chiplet_0_qkv_outproj/$auto$insbuf.cc:97:execute$46973: 1'0 -> \txout_bump_data [133]
Add chiplet_0_qkv_outproj/$auto$insbuf.cc:97:execute$46974: 1'0 -> \txout_bump_data [134]
Add chiplet_0_qkv_outproj/$auto$insbuf.cc:97:execute$46975: 1'0 -> \txout_bump_data [135]
Add chiplet_0_qkv_outproj/$auto$insbuf.cc:97:execute$46976: 1'0 -> \txout_bump_data [136]
Add chiplet_0_qkv_outproj/$auto$insbuf.cc:97:execute$46977: 1'0 -> \txout_bump_data [137]
Add chiplet_0_qkv_outproj/$auto$insbuf.cc:97:execute$46978: 1'0 -> \txout_bump_data [138]
Add chiplet_0_qkv_outproj/$auto$insbuf.cc:97:execute$46979: 1'0 -> \txout_bump_data [139]
Add chiplet_0_qkv_outproj/$auto$insbuf.cc:97:execute$46980: 1'0 -> \txout_bump_data [140]
Add chiplet_0_qkv_outproj/$auto$insbuf.cc:97:execute$46981: 1'0 -> \txout_bump_data [141]
Add chiplet_0_qkv_outproj/$auto$insbuf.cc:97:execute$46982: 1'0 -> \txout_bump_data [142]
Add chiplet_0_qkv_outproj/$auto$insbuf.cc:97:execute$46983: 1'0 -> \txout_bump_data [143]
Add chiplet_0_qkv_outproj/$auto$insbuf.cc:97:execute$46984: 1'0 -> \txout_bump_data [144]
Add chiplet_0_qkv_outproj/$auto$insbuf.cc:97:execute$46985: 1'0 -> \txout_bump_data [145]
Add chiplet_0_qkv_outproj/$auto$insbuf.cc:97:execute$46986: 1'0 -> \txout_bump_data [146]
Add chiplet_0_qkv_outproj/$auto$insbuf.cc:97:execute$46987: 1'0 -> \txout_bump_data [147]
Add chiplet_0_qkv_outproj/$auto$insbuf.cc:97:execute$46988: 1'0 -> \txout_bump_data [148]
Add chiplet_0_qkv_outproj/$auto$insbuf.cc:97:execute$46989: 1'0 -> \txout_bump_data [149]
Add chiplet_0_qkv_outproj/$auto$insbuf.cc:97:execute$46990: 1'0 -> \txout_bump_data [150]
Add chiplet_0_qkv_outproj/$auto$insbuf.cc:97:execute$46991: 1'0 -> \txout_bump_data [151]
Add chiplet_0_qkv_outproj/$auto$insbuf.cc:97:execute$46992: 1'0 -> \txout_bump_data [152]
Add chiplet_0_qkv_outproj/$auto$insbuf.cc:97:execute$46993: 1'0 -> \txout_bump_data [153]
Add chiplet_0_qkv_outproj/$auto$insbuf.cc:97:execute$46994: 1'0 -> \txout_bump_data [154]
Add chiplet_0_qkv_outproj/$auto$insbuf.cc:97:execute$46995: 1'0 -> \txout_bump_data [155]
Add chiplet_0_qkv_outproj/$auto$insbuf.cc:97:execute$46996: 1'0 -> \txout_bump_data [156]
Add chiplet_0_qkv_outproj/$auto$insbuf.cc:97:execute$46997: 1'0 -> \txout_bump_data [157]
Add chiplet_0_qkv_outproj/$auto$insbuf.cc:97:execute$46998: 1'0 -> \txout_bump_data [158]
Add chiplet_0_qkv_outproj/$auto$insbuf.cc:97:execute$46999: 1'0 -> \txout_bump_data [159]
Add chiplet_0_qkv_outproj/$auto$insbuf.cc:97:execute$47000: 1'0 -> \txout_bump_data [160]
Add chiplet_0_qkv_outproj/$auto$insbuf.cc:97:execute$47001: 1'0 -> \txout_bump_data [161]
Add chiplet_0_qkv_outproj/$auto$insbuf.cc:97:execute$47002: 1'0 -> \txout_bump_data [162]
Add chiplet_0_qkv_outproj/$auto$insbuf.cc:97:execute$47003: 1'0 -> \txout_bump_data [163]
Add chiplet_0_qkv_outproj/$auto$insbuf.cc:97:execute$47004: 1'0 -> \txout_bump_data [164]
Add chiplet_0_qkv_outproj/$auto$insbuf.cc:97:execute$47005: 1'0 -> \txout_bump_data [165]
Add chiplet_0_qkv_outproj/$auto$insbuf.cc:97:execute$47006: 1'0 -> \txout_bump_data [166]
Add chiplet_0_qkv_outproj/$auto$insbuf.cc:97:execute$47007: 1'0 -> \txout_bump_data [167]
Add chiplet_0_qkv_outproj/$auto$insbuf.cc:97:execute$47008: 1'0 -> \txout_bump_data [168]
Add chiplet_0_qkv_outproj/$auto$insbuf.cc:97:execute$47009: 1'0 -> \txout_bump_data [169]
Add chiplet_0_qkv_outproj/$auto$insbuf.cc:97:execute$47010: 1'0 -> \txout_bump_data [170]
Add chiplet_0_qkv_outproj/$auto$insbuf.cc:97:execute$47011: 1'0 -> \txout_bump_data [171]
Add chiplet_0_qkv_outproj/$auto$insbuf.cc:97:execute$47012: 1'0 -> \txout_bump_data [172]
Add chiplet_0_qkv_outproj/$auto$insbuf.cc:97:execute$47013: 1'0 -> \txout_bump_data [173]
Add chiplet_0_qkv_outproj/$auto$insbuf.cc:97:execute$47014: 1'0 -> \txout_bump_data [174]
Add chiplet_0_qkv_outproj/$auto$insbuf.cc:97:execute$47015: 1'0 -> \txout_bump_data [175]
Add chiplet_0_qkv_outproj/$auto$insbuf.cc:97:execute$47016: 1'0 -> \txout_bump_data [176]
Add chiplet_0_qkv_outproj/$auto$insbuf.cc:97:execute$47017: 1'0 -> \txout_bump_data [177]
Add chiplet_0_qkv_outproj/$auto$insbuf.cc:97:execute$47018: 1'0 -> \txout_bump_data [178]
Add chiplet_0_qkv_outproj/$auto$insbuf.cc:97:execute$47019: 1'0 -> \txout_bump_data [179]
Add chiplet_0_qkv_outproj/$auto$insbuf.cc:97:execute$47020: 1'0 -> \txout_bump_data [180]
Add chiplet_0_qkv_outproj/$auto$insbuf.cc:97:execute$47021: 1'0 -> \txout_bump_data [181]
Add chiplet_0_qkv_outproj/$auto$insbuf.cc:97:execute$47022: 1'0 -> \txout_bump_data [182]
Add chiplet_0_qkv_outproj/$auto$insbuf.cc:97:execute$47023: 1'0 -> \txout_bump_data [183]
Add chiplet_0_qkv_outproj/$auto$insbuf.cc:97:execute$47024: 1'0 -> \txout_bump_data [184]
Add chiplet_0_qkv_outproj/$auto$insbuf.cc:97:execute$47025: 1'0 -> \txout_bump_data [185]
Add chiplet_0_qkv_outproj/$auto$insbuf.cc:97:execute$47026: 1'0 -> \txout_bump_data [186]
Add chiplet_0_qkv_outproj/$auto$insbuf.cc:97:execute$47027: 1'0 -> \txout_bump_data [187]
Add chiplet_0_qkv_outproj/$auto$insbuf.cc:97:execute$47028: 1'0 -> \txout_bump_data [188]
Add chiplet_0_qkv_outproj/$auto$insbuf.cc:97:execute$47029: 1'0 -> \txout_bump_data [189]
Add chiplet_0_qkv_outproj/$auto$insbuf.cc:97:execute$47030: 1'0 -> \txout_bump_data [190]
Add chiplet_0_qkv_outproj/$auto$insbuf.cc:97:execute$47031: 1'0 -> \txout_bump_data [191]
Add chiplet_0_qkv_outproj/$auto$insbuf.cc:97:execute$47032: 1'0 -> \txout_bump_data [192]
Add chiplet_0_qkv_outproj/$auto$insbuf.cc:97:execute$47033: 1'0 -> \txout_bump_data [193]
Add chiplet_0_qkv_outproj/$auto$insbuf.cc:97:execute$47034: 1'0 -> \txout_bump_data [194]
Add chiplet_0_qkv_outproj/$auto$insbuf.cc:97:execute$47035: 1'0 -> \txout_bump_data [195]
Add chiplet_0_qkv_outproj/$auto$insbuf.cc:97:execute$47036: 1'0 -> \txout_bump_data [196]
Add chiplet_0_qkv_outproj/$auto$insbuf.cc:97:execute$47037: 1'0 -> \txout_bump_data [197]
Add chiplet_0_qkv_outproj/$auto$insbuf.cc:97:execute$47038: 1'0 -> \txout_bump_data [198]
Add chiplet_0_qkv_outproj/$auto$insbuf.cc:97:execute$47039: 1'0 -> \txout_bump_data [199]
Add chiplet_0_qkv_outproj/$auto$insbuf.cc:97:execute$47040: 1'0 -> \txout_bump_data [200]
Add chiplet_0_qkv_outproj/$auto$insbuf.cc:97:execute$47041: 1'0 -> \txout_bump_data [201]
Add chiplet_0_qkv_outproj/$auto$insbuf.cc:97:execute$47042: 1'0 -> \txout_bump_data [202]
Add chiplet_0_qkv_outproj/$auto$insbuf.cc:97:execute$47043: 1'0 -> \txout_bump_data [203]
Add chiplet_0_qkv_outproj/$auto$insbuf.cc:97:execute$47044: 1'0 -> \txout_bump_data [204]
Add chiplet_0_qkv_outproj/$auto$insbuf.cc:97:execute$47045: 1'0 -> \txout_bump_data [205]
Add chiplet_0_qkv_outproj/$auto$insbuf.cc:97:execute$47046: 1'0 -> \txout_bump_data [206]
Add chiplet_0_qkv_outproj/$auto$insbuf.cc:97:execute$47047: 1'0 -> \txout_bump_data [207]
Add chiplet_0_qkv_outproj/$auto$insbuf.cc:97:execute$47048: 1'0 -> \txout_bump_data [208]
Add chiplet_0_qkv_outproj/$auto$insbuf.cc:97:execute$47049: 1'0 -> \txout_bump_data [209]
Add chiplet_0_qkv_outproj/$auto$insbuf.cc:97:execute$47050: 1'0 -> \txout_bump_data [210]
Add chiplet_0_qkv_outproj/$auto$insbuf.cc:97:execute$47051: 1'0 -> \txout_bump_data [211]
Add chiplet_0_qkv_outproj/$auto$insbuf.cc:97:execute$47052: 1'0 -> \txout_bump_data [212]
Add chiplet_0_qkv_outproj/$auto$insbuf.cc:97:execute$47053: 1'0 -> \txout_bump_data [213]
Add chiplet_0_qkv_outproj/$auto$insbuf.cc:97:execute$47054: 1'0 -> \txout_bump_data [214]
Add chiplet_0_qkv_outproj/$auto$insbuf.cc:97:execute$47055: 1'0 -> \txout_bump_data [215]
Add chiplet_0_qkv_outproj/$auto$insbuf.cc:97:execute$47056: 1'0 -> \txout_bump_data [216]
Add chiplet_0_qkv_outproj/$auto$insbuf.cc:97:execute$47057: 1'0 -> \txout_bump_data [217]
Add chiplet_0_qkv_outproj/$auto$insbuf.cc:97:execute$47058: 1'0 -> \txout_bump_data [218]
Add chiplet_0_qkv_outproj/$auto$insbuf.cc:97:execute$47059: 1'0 -> \txout_bump_data [219]
Add chiplet_0_qkv_outproj/$auto$insbuf.cc:97:execute$47060: 1'0 -> \txout_bump_data [220]
Add chiplet_0_qkv_outproj/$auto$insbuf.cc:97:execute$47061: 1'0 -> \txout_bump_data [221]
Add chiplet_0_qkv_outproj/$auto$insbuf.cc:97:execute$47062: 1'0 -> \txout_bump_data [222]
Add chiplet_0_qkv_outproj/$auto$insbuf.cc:97:execute$47063: 1'0 -> \txout_bump_data [223]
Add chiplet_0_qkv_outproj/$auto$insbuf.cc:97:execute$47064: 1'0 -> \txout_bump_data [224]
Add chiplet_0_qkv_outproj/$auto$insbuf.cc:97:execute$47065: 1'0 -> \txout_bump_data [225]
Add chiplet_0_qkv_outproj/$auto$insbuf.cc:97:execute$47066: 1'0 -> \txout_bump_data [226]
Add chiplet_0_qkv_outproj/$auto$insbuf.cc:97:execute$47067: 1'0 -> \txout_bump_data [227]
Add chiplet_0_qkv_outproj/$auto$insbuf.cc:97:execute$47068: 1'0 -> \txout_bump_data [228]
Add chiplet_0_qkv_outproj/$auto$insbuf.cc:97:execute$47069: 1'0 -> \txout_bump_data [229]
Add chiplet_0_qkv_outproj/$auto$insbuf.cc:97:execute$47070: 1'0 -> \txout_bump_data [230]
Add chiplet_0_qkv_outproj/$auto$insbuf.cc:97:execute$47071: 1'0 -> \txout_bump_data [231]
Add chiplet_0_qkv_outproj/$auto$insbuf.cc:97:execute$47072: 1'0 -> \txout_bump_data [232]
Add chiplet_0_qkv_outproj/$auto$insbuf.cc:97:execute$47073: 1'0 -> \txout_bump_data [233]
Add chiplet_0_qkv_outproj/$auto$insbuf.cc:97:execute$47074: 1'0 -> \txout_bump_data [234]
Add chiplet_0_qkv_outproj/$auto$insbuf.cc:97:execute$47075: 1'0 -> \txout_bump_data [235]
Add chiplet_0_qkv_outproj/$auto$insbuf.cc:97:execute$47076: 1'0 -> \txout_bump_data [236]
Add chiplet_0_qkv_outproj/$auto$insbuf.cc:97:execute$47077: 1'0 -> \txout_bump_data [237]
Add chiplet_0_qkv_outproj/$auto$insbuf.cc:97:execute$47078: 1'0 -> \txout_bump_data [238]
Add chiplet_0_qkv_outproj/$auto$insbuf.cc:97:execute$47079: 1'0 -> \txout_bump_data [239]
Add chiplet_0_qkv_outproj/$auto$insbuf.cc:97:execute$47080: 1'0 -> \txout_bump_data [240]
Add chiplet_0_qkv_outproj/$auto$insbuf.cc:97:execute$47081: 1'0 -> \txout_bump_data [241]
Add chiplet_0_qkv_outproj/$auto$insbuf.cc:97:execute$47082: 1'0 -> \txout_bump_data [242]
Add chiplet_0_qkv_outproj/$auto$insbuf.cc:97:execute$47083: 1'0 -> \txout_bump_data [243]
Add chiplet_0_qkv_outproj/$auto$insbuf.cc:97:execute$47084: 1'0 -> \txout_bump_data [244]
Add chiplet_0_qkv_outproj/$auto$insbuf.cc:97:execute$47085: 1'0 -> \txout_bump_data [245]
Add chiplet_0_qkv_outproj/$auto$insbuf.cc:97:execute$47086: 1'0 -> \txout_bump_data [246]
Add chiplet_0_qkv_outproj/$auto$insbuf.cc:97:execute$47087: 1'0 -> \txout_bump_data [247]
Add chiplet_0_qkv_outproj/$auto$insbuf.cc:97:execute$47088: 1'0 -> \txout_bump_data [248]
Add chiplet_0_qkv_outproj/$auto$insbuf.cc:97:execute$47089: 1'0 -> \txout_bump_data [249]
Add chiplet_0_qkv_outproj/$auto$insbuf.cc:97:execute$47090: 1'0 -> \txout_bump_data [250]
Add chiplet_0_qkv_outproj/$auto$insbuf.cc:97:execute$47091: 1'0 -> \txout_bump_data [251]
Add chiplet_0_qkv_outproj/$auto$insbuf.cc:97:execute$47092: 1'0 -> \txout_bump_data [252]
Add chiplet_0_qkv_outproj/$auto$insbuf.cc:97:execute$47093: 1'0 -> \txout_bump_data [253]
Add chiplet_0_qkv_outproj/$auto$insbuf.cc:97:execute$47094: 1'0 -> \txout_bump_data [254]
Add chiplet_0_qkv_outproj/$auto$insbuf.cc:97:execute$47095: 1'0 -> \txout_bump_data [255]
Add chiplet_0_qkv_outproj/$auto$insbuf.cc:97:execute$47096: 1'0 -> \txout_bump_data [256]
Add chiplet_0_qkv_outproj/$auto$insbuf.cc:97:execute$47097: 1'0 -> \txout_bump_data [257]
Add chiplet_0_qkv_outproj/$auto$insbuf.cc:97:execute$47098: 1'0 -> \txout_bump_data [258]
Add chiplet_0_qkv_outproj/$auto$insbuf.cc:97:execute$47099: 1'0 -> \txout_bump_data [259]
Add chiplet_0_qkv_outproj/$auto$insbuf.cc:97:execute$47100: 1'0 -> \txout_bump_data [260]
Add chiplet_0_qkv_outproj/$auto$insbuf.cc:97:execute$47101: 1'0 -> \txout_bump_data [261]
Add chiplet_0_qkv_outproj/$auto$insbuf.cc:97:execute$47102: 1'0 -> \txout_bump_data [262]
Add chiplet_0_qkv_outproj/$auto$insbuf.cc:97:execute$47103: 1'0 -> \txout_bump_data [263]
Add chiplet_0_qkv_outproj/$auto$insbuf.cc:97:execute$47104: 1'0 -> \txout_bump_data [264]
Add chiplet_0_qkv_outproj/$auto$insbuf.cc:97:execute$47105: 1'0 -> \txout_bump_data [265]
Add chiplet_0_qkv_outproj/$auto$insbuf.cc:97:execute$47106: 1'0 -> \txout_bump_data [266]
Add chiplet_0_qkv_outproj/$auto$insbuf.cc:97:execute$47107: 1'0 -> \txout_bump_data [267]
Add chiplet_0_qkv_outproj/$auto$insbuf.cc:97:execute$47108: 1'0 -> \txout_bump_data [268]
Add chiplet_0_qkv_outproj/$auto$insbuf.cc:97:execute$47109: 1'0 -> \txout_bump_data [269]
Add chiplet_0_qkv_outproj/$auto$insbuf.cc:97:execute$47110: 1'0 -> \txout_bump_data [270]
Add chiplet_0_qkv_outproj/$auto$insbuf.cc:97:execute$47111: 1'0 -> \txout_bump_data [271]
Add chiplet_0_qkv_outproj/$auto$insbuf.cc:97:execute$47112: 1'0 -> \txout_bump_data [272]
Add chiplet_0_qkv_outproj/$auto$insbuf.cc:97:execute$47113: 1'0 -> \txout_bump_data [273]
Add chiplet_0_qkv_outproj/$auto$insbuf.cc:97:execute$47114: 1'0 -> \txout_bump_data [274]
Add chiplet_0_qkv_outproj/$auto$insbuf.cc:97:execute$47115: 1'0 -> \txout_bump_data [275]
Add chiplet_0_qkv_outproj/$auto$insbuf.cc:97:execute$47116: 1'0 -> \txout_bump_data [276]
Add chiplet_0_qkv_outproj/$auto$insbuf.cc:97:execute$47117: 1'0 -> \txout_bump_data [277]
Add chiplet_0_qkv_outproj/$auto$insbuf.cc:97:execute$47118: 1'0 -> \txout_bump_data [278]
Add chiplet_0_qkv_outproj/$auto$insbuf.cc:97:execute$47119: 1'0 -> \txout_bump_data [279]
Add chiplet_0_qkv_outproj/$auto$insbuf.cc:97:execute$47120: 1'0 -> \txout_bump_data [280]
Add chiplet_0_qkv_outproj/$auto$insbuf.cc:97:execute$47121: 1'0 -> \txout_bump_data [281]
Add chiplet_0_qkv_outproj/$auto$insbuf.cc:97:execute$47122: 1'0 -> \txout_bump_data [282]
Add chiplet_0_qkv_outproj/$auto$insbuf.cc:97:execute$47123: 1'0 -> \txout_bump_data [283]
Add chiplet_0_qkv_outproj/$auto$insbuf.cc:97:execute$47124: 1'0 -> \txout_bump_data [284]
Add chiplet_0_qkv_outproj/$auto$insbuf.cc:97:execute$47125: 1'0 -> \txout_bump_data [285]
Add chiplet_0_qkv_outproj/$auto$insbuf.cc:97:execute$47126: 1'0 -> \txout_bump_data [286]
Add chiplet_0_qkv_outproj/$auto$insbuf.cc:97:execute$47127: 1'0 -> \txout_bump_data [287]
Add chiplet_0_qkv_outproj/$auto$insbuf.cc:97:execute$47128: 1'0 -> \txout_bump_data [288]
Add chiplet_0_qkv_outproj/$auto$insbuf.cc:97:execute$47129: 1'0 -> \txout_bump_data [289]
Add chiplet_0_qkv_outproj/$auto$insbuf.cc:97:execute$47130: 1'0 -> \txout_bump_data [290]
Add chiplet_0_qkv_outproj/$auto$insbuf.cc:97:execute$47131: 1'0 -> \txout_bump_data [291]
Add chiplet_0_qkv_outproj/$auto$insbuf.cc:97:execute$47132: 1'0 -> \txout_bump_data [292]
Add chiplet_0_qkv_outproj/$auto$insbuf.cc:97:execute$47133: 1'0 -> \txout_bump_data [293]
Add chiplet_0_qkv_outproj/$auto$insbuf.cc:97:execute$47134: 1'0 -> \txout_bump_data [294]
Add chiplet_0_qkv_outproj/$auto$insbuf.cc:97:execute$47135: 1'0 -> \txout_bump_data [295]
Add chiplet_0_qkv_outproj/$auto$insbuf.cc:97:execute$47136: 1'0 -> \txout_bump_data [296]
Add chiplet_0_qkv_outproj/$auto$insbuf.cc:97:execute$47137: 1'0 -> \txout_bump_data [297]
Add chiplet_0_qkv_outproj/$auto$insbuf.cc:97:execute$47138: 1'0 -> \txout_bump_data [298]
Add chiplet_0_qkv_outproj/$auto$insbuf.cc:97:execute$47139: 1'0 -> \txout_bump_data [299]
Add chiplet_0_qkv_outproj/$auto$insbuf.cc:97:execute$47140: 1'0 -> \txout_bump_data [300]
Add chiplet_0_qkv_outproj/$auto$insbuf.cc:97:execute$47141: 1'0 -> \txout_bump_data [301]
Add chiplet_0_qkv_outproj/$auto$insbuf.cc:97:execute$47142: 1'0 -> \txout_bump_data [302]
Add chiplet_0_qkv_outproj/$auto$insbuf.cc:97:execute$47143: 1'0 -> \txout_bump_data [303]
Add chiplet_0_qkv_outproj/$auto$insbuf.cc:97:execute$47144: 1'0 -> \txout_bump_data [304]
Add chiplet_0_qkv_outproj/$auto$insbuf.cc:97:execute$47145: 1'0 -> \txout_bump_data [305]
Add chiplet_0_qkv_outproj/$auto$insbuf.cc:97:execute$47146: 1'0 -> \txout_bump_data [306]
Add chiplet_0_qkv_outproj/$auto$insbuf.cc:97:execute$47147: 1'0 -> \txout_bump_data [307]
Add chiplet_0_qkv_outproj/$auto$insbuf.cc:97:execute$47148: 1'0 -> \txout_bump_data [308]
Add chiplet_0_qkv_outproj/$auto$insbuf.cc:97:execute$47149: 1'0 -> \txout_bump_data [309]
Add chiplet_0_qkv_outproj/$auto$insbuf.cc:97:execute$47150: 1'0 -> \txout_bump_data [310]
Add chiplet_0_qkv_outproj/$auto$insbuf.cc:97:execute$47151: 1'0 -> \txout_bump_data [311]
Add chiplet_0_qkv_outproj/$auto$insbuf.cc:97:execute$47152: 1'0 -> \txout_bump_data [312]
Add chiplet_0_qkv_outproj/$auto$insbuf.cc:97:execute$47153: 1'0 -> \txout_bump_data [313]
Add chiplet_0_qkv_outproj/$auto$insbuf.cc:97:execute$47154: 1'0 -> \txout_bump_data [314]
Add chiplet_0_qkv_outproj/$auto$insbuf.cc:97:execute$47155: 1'0 -> \txout_bump_data [315]
Add chiplet_0_qkv_outproj/$auto$insbuf.cc:97:execute$47156: 1'0 -> \txout_bump_data [316]
Add chiplet_0_qkv_outproj/$auto$insbuf.cc:97:execute$47157: 1'0 -> \txout_bump_data [317]
Add chiplet_0_qkv_outproj/$auto$insbuf.cc:97:execute$47158: 1'0 -> \txout_bump_data [318]
Add chiplet_0_qkv_outproj/$auto$insbuf.cc:97:execute$47159: 1'0 -> \txout_bump_data [319]
Add chiplet_0_qkv_outproj/$auto$insbuf.cc:97:execute$47160: 1'0 -> \txout_bump_data [320]
Add chiplet_0_qkv_outproj/$auto$insbuf.cc:97:execute$47161: 1'0 -> \txout_bump_data [321]
Add chiplet_0_qkv_outproj/$auto$insbuf.cc:97:execute$47162: 1'0 -> \txout_bump_data [322]
Add chiplet_0_qkv_outproj/$auto$insbuf.cc:97:execute$47163: 1'0 -> \txout_bump_data [323]
Add chiplet_0_qkv_outproj/$auto$insbuf.cc:97:execute$47164: 1'0 -> \txout_bump_data [324]
Add chiplet_0_qkv_outproj/$auto$insbuf.cc:97:execute$47165: 1'0 -> \txout_bump_data [325]
Add chiplet_0_qkv_outproj/$auto$insbuf.cc:97:execute$47166: 1'0 -> \txout_bump_data [326]
Add chiplet_0_qkv_outproj/$auto$insbuf.cc:97:execute$47167: 1'0 -> \txout_bump_data [327]
Add chiplet_0_qkv_outproj/$auto$insbuf.cc:97:execute$47168: 1'0 -> \txout_bump_data [328]
Add chiplet_0_qkv_outproj/$auto$insbuf.cc:97:execute$47169: 1'0 -> \txout_bump_data [329]
Add chiplet_0_qkv_outproj/$auto$insbuf.cc:97:execute$47170: 1'0 -> \txout_bump_data [330]
Add chiplet_0_qkv_outproj/$auto$insbuf.cc:97:execute$47171: 1'0 -> \txout_bump_data [331]
Add chiplet_0_qkv_outproj/$auto$insbuf.cc:97:execute$47172: 1'0 -> \txout_bump_data [332]
Add chiplet_0_qkv_outproj/$auto$insbuf.cc:97:execute$47173: 1'0 -> \txout_bump_data [333]
Add chiplet_0_qkv_outproj/$auto$insbuf.cc:97:execute$47174: 1'0 -> \txout_bump_data [334]
Add chiplet_0_qkv_outproj/$auto$insbuf.cc:97:execute$47175: 1'0 -> \txout_bump_data [335]
Add chiplet_0_qkv_outproj/$auto$insbuf.cc:97:execute$47176: 1'0 -> \txout_bump_data [336]
Add chiplet_0_qkv_outproj/$auto$insbuf.cc:97:execute$47177: 1'0 -> \txout_bump_data [337]
Add chiplet_0_qkv_outproj/$auto$insbuf.cc:97:execute$47178: 1'0 -> \txout_bump_data [338]
Add chiplet_0_qkv_outproj/$auto$insbuf.cc:97:execute$47179: 1'0 -> \txout_bump_data [339]
Add chiplet_0_qkv_outproj/$auto$insbuf.cc:97:execute$47180: 1'0 -> \txout_bump_data [340]
Add chiplet_0_qkv_outproj/$auto$insbuf.cc:97:execute$47181: 1'0 -> \txout_bump_data [341]
Add chiplet_0_qkv_outproj/$auto$insbuf.cc:97:execute$47182: 1'0 -> \txout_bump_data [342]
Add chiplet_0_qkv_outproj/$auto$insbuf.cc:97:execute$47183: 1'0 -> \txout_bump_data [343]
Add chiplet_0_qkv_outproj/$auto$insbuf.cc:97:execute$47184: 1'0 -> \txout_bump_data [344]
Add chiplet_0_qkv_outproj/$auto$insbuf.cc:97:execute$47185: 1'0 -> \txout_bump_data [345]
Add chiplet_0_qkv_outproj/$auto$insbuf.cc:97:execute$47186: 1'0 -> \txout_bump_data [346]
Add chiplet_0_qkv_outproj/$auto$insbuf.cc:97:execute$47187: 1'0 -> \txout_bump_data [347]
Add chiplet_0_qkv_outproj/$auto$insbuf.cc:97:execute$47188: 1'0 -> \txout_bump_data [348]
Add chiplet_0_qkv_outproj/$auto$insbuf.cc:97:execute$47189: 1'0 -> \txout_bump_data [349]
Add chiplet_0_qkv_outproj/$auto$insbuf.cc:97:execute$47190: 1'0 -> \txout_bump_data [350]
Add chiplet_0_qkv_outproj/$auto$insbuf.cc:97:execute$47191: 1'0 -> \txout_bump_data [351]
Add chiplet_0_qkv_outproj/$auto$insbuf.cc:97:execute$47192: 1'0 -> \txout_bump_data [352]
Add chiplet_0_qkv_outproj/$auto$insbuf.cc:97:execute$47193: 1'0 -> \txout_bump_data [353]
Add chiplet_0_qkv_outproj/$auto$insbuf.cc:97:execute$47194: 1'0 -> \txout_bump_data [354]
Add chiplet_0_qkv_outproj/$auto$insbuf.cc:97:execute$47195: 1'0 -> \txout_bump_data [355]
Add chiplet_0_qkv_outproj/$auto$insbuf.cc:97:execute$47196: 1'0 -> \txout_bump_data [356]
Add chiplet_0_qkv_outproj/$auto$insbuf.cc:97:execute$47197: 1'0 -> \txout_bump_data [357]
Add chiplet_0_qkv_outproj/$auto$insbuf.cc:97:execute$47198: 1'0 -> \txout_bump_data [358]
Add chiplet_0_qkv_outproj/$auto$insbuf.cc:97:execute$47199: 1'0 -> \txout_bump_data [359]
Add chiplet_0_qkv_outproj/$auto$insbuf.cc:97:execute$47200: 1'0 -> \txout_bump_data [360]
Add chiplet_0_qkv_outproj/$auto$insbuf.cc:97:execute$47201: 1'0 -> \txout_bump_data [361]
Add chiplet_0_qkv_outproj/$auto$insbuf.cc:97:execute$47202: 1'0 -> \txout_bump_data [362]
Add chiplet_0_qkv_outproj/$auto$insbuf.cc:97:execute$47203: 1'0 -> \txout_bump_data [363]
Add chiplet_0_qkv_outproj/$auto$insbuf.cc:97:execute$47204: 1'0 -> \txout_bump_data [364]
Add chiplet_0_qkv_outproj/$auto$insbuf.cc:97:execute$47205: 1'0 -> \txout_bump_data [365]
Add chiplet_0_qkv_outproj/$auto$insbuf.cc:97:execute$47206: 1'0 -> \txout_bump_data [366]
Add chiplet_0_qkv_outproj/$auto$insbuf.cc:97:execute$47207: 1'0 -> \txout_bump_data [367]
Add chiplet_0_qkv_outproj/$auto$insbuf.cc:97:execute$47208: 1'0 -> \txout_bump_data [368]
Add chiplet_0_qkv_outproj/$auto$insbuf.cc:97:execute$47209: 1'0 -> \txout_bump_data [369]
Add chiplet_0_qkv_outproj/$auto$insbuf.cc:97:execute$47210: 1'0 -> \txout_bump_data [370]
Add chiplet_0_qkv_outproj/$auto$insbuf.cc:97:execute$47211: 1'0 -> \txout_bump_data [371]
Add chiplet_0_qkv_outproj/$auto$insbuf.cc:97:execute$47212: 1'0 -> \txout_bump_data [372]
Add chiplet_0_qkv_outproj/$auto$insbuf.cc:97:execute$47213: 1'0 -> \txout_bump_data [373]
Add chiplet_0_qkv_outproj/$auto$insbuf.cc:97:execute$47214: 1'0 -> \txout_bump_data [374]
Add chiplet_0_qkv_outproj/$auto$insbuf.cc:97:execute$47215: 1'0 -> \txout_bump_data [375]
Add chiplet_0_qkv_outproj/$auto$insbuf.cc:97:execute$47216: 1'0 -> \txout_bump_data [376]
Add chiplet_0_qkv_outproj/$auto$insbuf.cc:97:execute$47217: 1'0 -> \txout_bump_data [377]
Add chiplet_0_qkv_outproj/$auto$insbuf.cc:97:execute$47218: 1'0 -> \txout_bump_data [378]
Add chiplet_0_qkv_outproj/$auto$insbuf.cc:97:execute$47219: 1'0 -> \txout_bump_data [379]
Add chiplet_0_qkv_outproj/$auto$insbuf.cc:97:execute$47220: 1'0 -> \txout_bump_data [380]
Add chiplet_0_qkv_outproj/$auto$insbuf.cc:97:execute$47221: 1'0 -> \txout_bump_data [381]
Add chiplet_0_qkv_outproj/$auto$insbuf.cc:97:execute$47222: 1'0 -> \txout_bump_data [382]
Add chiplet_0_qkv_outproj/$auto$insbuf.cc:97:execute$47223: 1'0 -> \txout_bump_data [383]
Add chiplet_0_qkv_outproj/$auto$insbuf.cc:97:execute$47224: 1'0 -> \txout_bump_data [384]
Add chiplet_0_qkv_outproj/$auto$insbuf.cc:97:execute$47225: 1'0 -> \txout_bump_data [385]
Add chiplet_0_qkv_outproj/$auto$insbuf.cc:97:execute$47226: 1'0 -> \txout_bump_data [386]
Add chiplet_0_qkv_outproj/$auto$insbuf.cc:97:execute$47227: 1'0 -> \txout_bump_data [387]
Add chiplet_0_qkv_outproj/$auto$insbuf.cc:97:execute$47228: 1'0 -> \txout_bump_data [388]
Add chiplet_0_qkv_outproj/$auto$insbuf.cc:97:execute$47229: 1'0 -> \txout_bump_data [389]
Add chiplet_0_qkv_outproj/$auto$insbuf.cc:97:execute$47230: 1'0 -> \txout_bump_data [390]
Add chiplet_0_qkv_outproj/$auto$insbuf.cc:97:execute$47231: 1'0 -> \txout_bump_data [391]
Add chiplet_0_qkv_outproj/$auto$insbuf.cc:97:execute$47232: 1'0 -> \txout_bump_data [392]
Add chiplet_0_qkv_outproj/$auto$insbuf.cc:97:execute$47233: 1'0 -> \txout_bump_data [393]
Add chiplet_0_qkv_outproj/$auto$insbuf.cc:97:execute$47234: 1'0 -> \txout_bump_data [394]
Add chiplet_0_qkv_outproj/$auto$insbuf.cc:97:execute$47235: 1'0 -> \txout_bump_data [395]
Add chiplet_0_qkv_outproj/$auto$insbuf.cc:97:execute$47236: 1'0 -> \txout_bump_data [396]
Add chiplet_0_qkv_outproj/$auto$insbuf.cc:97:execute$47237: 1'0 -> \txout_bump_data [397]
Add chiplet_0_qkv_outproj/$auto$insbuf.cc:97:execute$47238: 1'0 -> \txout_bump_data [398]
Add chiplet_0_qkv_outproj/$auto$insbuf.cc:97:execute$47239: 1'0 -> \txout_bump_data [399]
Add chiplet_0_qkv_outproj/$auto$insbuf.cc:97:execute$47240: 1'0 -> \txout_bump_data [400]
Add chiplet_0_qkv_outproj/$auto$insbuf.cc:97:execute$47241: 1'0 -> \txout_bump_data [401]
Add chiplet_0_qkv_outproj/$auto$insbuf.cc:97:execute$47242: 1'0 -> \txout_bump_data [402]
Add chiplet_0_qkv_outproj/$auto$insbuf.cc:97:execute$47243: 1'0 -> \txout_bump_data [403]
Add chiplet_0_qkv_outproj/$auto$insbuf.cc:97:execute$47244: 1'0 -> \txout_bump_data [404]
Add chiplet_0_qkv_outproj/$auto$insbuf.cc:97:execute$47245: 1'0 -> \txout_bump_data [405]
Add chiplet_0_qkv_outproj/$auto$insbuf.cc:97:execute$47246: 1'0 -> \txout_bump_data [406]
Add chiplet_0_qkv_outproj/$auto$insbuf.cc:97:execute$47247: 1'0 -> \txout_bump_data [407]
Add chiplet_0_qkv_outproj/$auto$insbuf.cc:97:execute$47248: 1'0 -> \txout_bump_data [408]
Add chiplet_0_qkv_outproj/$auto$insbuf.cc:97:execute$47249: 1'0 -> \txout_bump_data [409]
Add chiplet_0_qkv_outproj/$auto$insbuf.cc:97:execute$47250: 1'0 -> \txout_bump_data [410]
Add chiplet_0_qkv_outproj/$auto$insbuf.cc:97:execute$47251: 1'0 -> \txout_bump_data [411]
Add chiplet_0_qkv_outproj/$auto$insbuf.cc:97:execute$47252: 1'0 -> \txout_bump_data [412]
Add chiplet_0_qkv_outproj/$auto$insbuf.cc:97:execute$47253: 1'0 -> \txout_bump_data [413]
Add chiplet_0_qkv_outproj/$auto$insbuf.cc:97:execute$47254: 1'0 -> \txout_bump_data [414]
Add chiplet_0_qkv_outproj/$auto$insbuf.cc:97:execute$47255: 1'0 -> \txout_bump_data [415]
Add chiplet_0_qkv_outproj/$auto$insbuf.cc:97:execute$47256: 1'0 -> \txout_bump_data [416]
Add chiplet_0_qkv_outproj/$auto$insbuf.cc:97:execute$47257: 1'0 -> \txout_bump_data [417]
Add chiplet_0_qkv_outproj/$auto$insbuf.cc:97:execute$47258: 1'0 -> \txout_bump_data [418]
Add chiplet_0_qkv_outproj/$auto$insbuf.cc:97:execute$47259: 1'0 -> \txout_bump_data [419]
Add chiplet_0_qkv_outproj/$auto$insbuf.cc:97:execute$47260: 1'0 -> \txout_bump_data [420]
Add chiplet_0_qkv_outproj/$auto$insbuf.cc:97:execute$47261: 1'0 -> \txout_bump_data [421]
Add chiplet_0_qkv_outproj/$auto$insbuf.cc:97:execute$47262: 1'0 -> \txout_bump_data [422]
Add chiplet_0_qkv_outproj/$auto$insbuf.cc:97:execute$47263: 1'0 -> \txout_bump_data [423]
Add chiplet_0_qkv_outproj/$auto$insbuf.cc:97:execute$47264: 1'0 -> \txout_bump_data [424]
Add chiplet_0_qkv_outproj/$auto$insbuf.cc:97:execute$47265: 1'0 -> \txout_bump_data [425]
Add chiplet_0_qkv_outproj/$auto$insbuf.cc:97:execute$47266: 1'0 -> \txout_bump_data [426]
Add chiplet_0_qkv_outproj/$auto$insbuf.cc:97:execute$47267: 1'0 -> \txout_bump_data [427]
Add chiplet_0_qkv_outproj/$auto$insbuf.cc:97:execute$47268: 1'0 -> \txout_bump_data [428]
Add chiplet_0_qkv_outproj/$auto$insbuf.cc:97:execute$47269: 1'0 -> \txout_bump_data [429]
Add chiplet_0_qkv_outproj/$auto$insbuf.cc:97:execute$47270: 1'0 -> \txout_bump_data [430]
Add chiplet_0_qkv_outproj/$auto$insbuf.cc:97:execute$47271: 1'0 -> \txout_bump_data [431]
Add chiplet_0_qkv_outproj/$auto$insbuf.cc:97:execute$47272: 1'0 -> \txout_bump_data [432]
Add chiplet_0_qkv_outproj/$auto$insbuf.cc:97:execute$47273: 1'0 -> \txout_bump_data [433]
Add chiplet_0_qkv_outproj/$auto$insbuf.cc:97:execute$47274: 1'0 -> \txout_bump_data [434]
Add chiplet_0_qkv_outproj/$auto$insbuf.cc:97:execute$47275: 1'0 -> \txout_bump_data [435]
Add chiplet_0_qkv_outproj/$auto$insbuf.cc:97:execute$47276: 1'0 -> \txout_bump_data [436]
Add chiplet_0_qkv_outproj/$auto$insbuf.cc:97:execute$47277: 1'0 -> \txout_bump_data [437]
Add chiplet_0_qkv_outproj/$auto$insbuf.cc:97:execute$47278: 1'0 -> \txout_bump_data [438]
Add chiplet_0_qkv_outproj/$auto$insbuf.cc:97:execute$47279: 1'0 -> \txout_bump_data [439]
Add chiplet_0_qkv_outproj/$auto$insbuf.cc:97:execute$47280: 1'0 -> \txout_bump_data [440]
Add chiplet_0_qkv_outproj/$auto$insbuf.cc:97:execute$47281: 1'0 -> \txout_bump_data [441]
Add chiplet_0_qkv_outproj/$auto$insbuf.cc:97:execute$47282: 1'0 -> \txout_bump_data [442]
Add chiplet_0_qkv_outproj/$auto$insbuf.cc:97:execute$47283: 1'0 -> \txout_bump_data [443]
Add chiplet_0_qkv_outproj/$auto$insbuf.cc:97:execute$47284: 1'0 -> \txout_bump_data [444]
Add chiplet_0_qkv_outproj/$auto$insbuf.cc:97:execute$47285: 1'0 -> \txout_bump_data [445]
Add chiplet_0_qkv_outproj/$auto$insbuf.cc:97:execute$47286: 1'0 -> \txout_bump_data [446]
Add chiplet_0_qkv_outproj/$auto$insbuf.cc:97:execute$47287: 1'0 -> \txout_bump_data [447]
Add chiplet_0_qkv_outproj/$auto$insbuf.cc:97:execute$47288: 1'0 -> \txout_bump_data [448]
Add chiplet_0_qkv_outproj/$auto$insbuf.cc:97:execute$47289: 1'0 -> \txout_bump_data [449]
Add chiplet_0_qkv_outproj/$auto$insbuf.cc:97:execute$47290: 1'0 -> \txout_bump_data [450]
Add chiplet_0_qkv_outproj/$auto$insbuf.cc:97:execute$47291: 1'0 -> \txout_bump_data [451]
Add chiplet_0_qkv_outproj/$auto$insbuf.cc:97:execute$47292: 1'0 -> \txout_bump_data [452]
Add chiplet_0_qkv_outproj/$auto$insbuf.cc:97:execute$47293: 1'0 -> \txout_bump_data [453]
Add chiplet_0_qkv_outproj/$auto$insbuf.cc:97:execute$47294: 1'0 -> \txout_bump_data [454]
Add chiplet_0_qkv_outproj/$auto$insbuf.cc:97:execute$47295: 1'0 -> \txout_bump_data [455]
Add chiplet_0_qkv_outproj/$auto$insbuf.cc:97:execute$47296: 1'0 -> \txout_bump_data [456]
Add chiplet_0_qkv_outproj/$auto$insbuf.cc:97:execute$47297: 1'0 -> \txout_bump_data [457]
Add chiplet_0_qkv_outproj/$auto$insbuf.cc:97:execute$47298: 1'0 -> \txout_bump_data [458]
Add chiplet_0_qkv_outproj/$auto$insbuf.cc:97:execute$47299: 1'0 -> \txout_bump_data [459]
Add chiplet_0_qkv_outproj/$auto$insbuf.cc:97:execute$47300: 1'0 -> \txout_bump_data [460]
Add chiplet_0_qkv_outproj/$auto$insbuf.cc:97:execute$47301: 1'0 -> \txout_bump_data [461]
Add chiplet_0_qkv_outproj/$auto$insbuf.cc:97:execute$47302: 1'0 -> \txout_bump_data [462]
Add chiplet_0_qkv_outproj/$auto$insbuf.cc:97:execute$47303: 1'0 -> \txout_bump_data [463]
Add chiplet_0_qkv_outproj/$auto$insbuf.cc:97:execute$47304: 1'0 -> \txout_bump_data [464]
Add chiplet_0_qkv_outproj/$auto$insbuf.cc:97:execute$47305: 1'0 -> \txout_bump_data [465]
Add chiplet_0_qkv_outproj/$auto$insbuf.cc:97:execute$47306: 1'0 -> \txout_bump_data [466]
Add chiplet_0_qkv_outproj/$auto$insbuf.cc:97:execute$47307: 1'0 -> \txout_bump_data [467]
Add chiplet_0_qkv_outproj/$auto$insbuf.cc:97:execute$47308: 1'0 -> \txout_bump_data [468]
Add chiplet_0_qkv_outproj/$auto$insbuf.cc:97:execute$47309: 1'0 -> \txout_bump_data [469]
Add chiplet_0_qkv_outproj/$auto$insbuf.cc:97:execute$47310: 1'0 -> \txout_bump_data [470]
Add chiplet_0_qkv_outproj/$auto$insbuf.cc:97:execute$47311: 1'0 -> \txout_bump_data [471]
Add chiplet_0_qkv_outproj/$auto$insbuf.cc:97:execute$47312: 1'0 -> \txout_bump_data [472]
Add chiplet_0_qkv_outproj/$auto$insbuf.cc:97:execute$47313: 1'0 -> \txout_bump_data [473]
Add chiplet_0_qkv_outproj/$auto$insbuf.cc:97:execute$47314: 1'0 -> \txout_bump_data [474]
Add chiplet_0_qkv_outproj/$auto$insbuf.cc:97:execute$47315: 1'0 -> \txout_bump_data [475]
Add chiplet_0_qkv_outproj/$auto$insbuf.cc:97:execute$47316: 1'0 -> \txout_bump_data [476]
Add chiplet_0_qkv_outproj/$auto$insbuf.cc:97:execute$47317: 1'0 -> \txout_bump_data [477]
Add chiplet_0_qkv_outproj/$auto$insbuf.cc:97:execute$47318: 1'0 -> \txout_bump_data [478]
Add chiplet_0_qkv_outproj/$auto$insbuf.cc:97:execute$47319: 1'0 -> \txout_bump_data [479]
Add chiplet_0_qkv_outproj/$auto$insbuf.cc:97:execute$47320: 1'0 -> \txout_bump_data [480]
Add chiplet_0_qkv_outproj/$auto$insbuf.cc:97:execute$47321: 1'0 -> \txout_bump_data [481]
Add chiplet_0_qkv_outproj/$auto$insbuf.cc:97:execute$47322: 1'0 -> \txout_bump_data [482]
Add chiplet_0_qkv_outproj/$auto$insbuf.cc:97:execute$47323: 1'0 -> \txout_bump_data [483]
Add chiplet_0_qkv_outproj/$auto$insbuf.cc:97:execute$47324: 1'0 -> \txout_bump_data [484]
Add chiplet_0_qkv_outproj/$auto$insbuf.cc:97:execute$47325: 1'0 -> \txout_bump_data [485]
Add chiplet_0_qkv_outproj/$auto$insbuf.cc:97:execute$47326: 1'0 -> \txout_bump_data [486]
Add chiplet_0_qkv_outproj/$auto$insbuf.cc:97:execute$47327: 1'0 -> \txout_bump_data [487]
Add chiplet_0_qkv_outproj/$auto$insbuf.cc:97:execute$47328: 1'0 -> \txout_bump_data [488]
Add chiplet_0_qkv_outproj/$auto$insbuf.cc:97:execute$47329: 1'0 -> \txout_bump_data [489]
Add chiplet_0_qkv_outproj/$auto$insbuf.cc:97:execute$47330: 1'0 -> \txout_bump_data [490]
Add chiplet_0_qkv_outproj/$auto$insbuf.cc:97:execute$47331: 1'0 -> \txout_bump_data [491]
Add chiplet_0_qkv_outproj/$auto$insbuf.cc:97:execute$47332: 1'0 -> \txout_bump_data [492]
Add chiplet_0_qkv_outproj/$auto$insbuf.cc:97:execute$47333: 1'0 -> \txout_bump_data [493]
Add chiplet_0_qkv_outproj/$auto$insbuf.cc:97:execute$47334: 1'0 -> \txout_bump_data [494]
Add chiplet_0_qkv_outproj/$auto$insbuf.cc:97:execute$47335: 1'0 -> \txout_bump_data [495]
Add chiplet_0_qkv_outproj/$auto$insbuf.cc:97:execute$47336: 1'0 -> \txout_bump_data [496]
Add chiplet_0_qkv_outproj/$auto$insbuf.cc:97:execute$47337: 1'0 -> \txout_bump_data [497]
Add chiplet_0_qkv_outproj/$auto$insbuf.cc:97:execute$47338: 1'0 -> \txout_bump_data [498]
Add chiplet_0_qkv_outproj/$auto$insbuf.cc:97:execute$47339: 1'0 -> \txout_bump_data [499]
Add chiplet_0_qkv_outproj/$auto$insbuf.cc:97:execute$47340: 1'0 -> \txout_bump_data [500]
Add chiplet_0_qkv_outproj/$auto$insbuf.cc:97:execute$47341: 1'0 -> \txout_bump_data [501]
Add chiplet_0_qkv_outproj/$auto$insbuf.cc:97:execute$47342: 1'0 -> \txout_bump_data [502]
Add chiplet_0_qkv_outproj/$auto$insbuf.cc:97:execute$47343: 1'0 -> \txout_bump_data [503]
Add chiplet_0_qkv_outproj/$auto$insbuf.cc:97:execute$47344: 1'0 -> \txout_bump_data [504]
Add chiplet_0_qkv_outproj/$auto$insbuf.cc:97:execute$47345: 1'0 -> \txout_bump_data [505]
Add chiplet_0_qkv_outproj/$auto$insbuf.cc:97:execute$47346: 1'0 -> \txout_bump_data [506]
Add chiplet_0_qkv_outproj/$auto$insbuf.cc:97:execute$47347: 1'0 -> \txout_bump_data [507]
Add chiplet_0_qkv_outproj/$auto$insbuf.cc:97:execute$47348: 1'0 -> \txout_bump_data [508]
Add chiplet_0_qkv_outproj/$auto$insbuf.cc:97:execute$47349: 1'0 -> \txout_bump_data [509]
Add chiplet_0_qkv_outproj/$auto$insbuf.cc:97:execute$47350: 1'0 -> \txout_bump_data [510]
Add chiplet_0_qkv_outproj/$auto$insbuf.cc:97:execute$47351: 1'0 -> \txout_bump_data [511]
Add chiplet_0_qkv_outproj/$auto$insbuf.cc:97:execute$47352: 1'0 -> \txout_bump_valid
Add chiplet_0_qkv_outproj/$auto$insbuf.cc:97:execute$47353: 1'0 -> \txq_bump_data [0]
Add chiplet_0_qkv_outproj/$auto$insbuf.cc:97:execute$47354: 1'0 -> \txq_bump_data [1]
Add chiplet_0_qkv_outproj/$auto$insbuf.cc:97:execute$47355: 1'0 -> \txq_bump_data [2]
Add chiplet_0_qkv_outproj/$auto$insbuf.cc:97:execute$47356: 1'0 -> \txq_bump_data [3]
Add chiplet_0_qkv_outproj/$auto$insbuf.cc:97:execute$47357: 1'0 -> \txq_bump_data [4]
Add chiplet_0_qkv_outproj/$auto$insbuf.cc:97:execute$47358: 1'0 -> \txq_bump_data [5]
Add chiplet_0_qkv_outproj/$auto$insbuf.cc:97:execute$47359: 1'0 -> \txq_bump_data [6]
Add chiplet_0_qkv_outproj/$auto$insbuf.cc:97:execute$47360: 1'0 -> \txq_bump_data [7]
Add chiplet_0_qkv_outproj/$auto$insbuf.cc:97:execute$47361: 1'0 -> \txq_bump_data [8]
Add chiplet_0_qkv_outproj/$auto$insbuf.cc:97:execute$47362: 1'0 -> \txq_bump_data [9]
Add chiplet_0_qkv_outproj/$auto$insbuf.cc:97:execute$47363: 1'0 -> \txq_bump_data [10]
Add chiplet_0_qkv_outproj/$auto$insbuf.cc:97:execute$47364: 1'0 -> \txq_bump_data [11]
Add chiplet_0_qkv_outproj/$auto$insbuf.cc:97:execute$47365: 1'0 -> \txq_bump_data [12]
Add chiplet_0_qkv_outproj/$auto$insbuf.cc:97:execute$47366: 1'0 -> \txq_bump_data [13]
Add chiplet_0_qkv_outproj/$auto$insbuf.cc:97:execute$47367: 1'0 -> \txq_bump_data [14]
Add chiplet_0_qkv_outproj/$auto$insbuf.cc:97:execute$47368: 1'0 -> \txq_bump_data [15]
Add chiplet_0_qkv_outproj/$auto$insbuf.cc:97:execute$47369: 1'0 -> \txq_bump_data [16]
Add chiplet_0_qkv_outproj/$auto$insbuf.cc:97:execute$47370: 1'0 -> \txq_bump_data [17]
Add chiplet_0_qkv_outproj/$auto$insbuf.cc:97:execute$47371: 1'0 -> \txq_bump_data [18]
Add chiplet_0_qkv_outproj/$auto$insbuf.cc:97:execute$47372: 1'0 -> \txq_bump_data [19]
Add chiplet_0_qkv_outproj/$auto$insbuf.cc:97:execute$47373: 1'0 -> \txq_bump_data [20]
Add chiplet_0_qkv_outproj/$auto$insbuf.cc:97:execute$47374: 1'0 -> \txq_bump_data [21]
Add chiplet_0_qkv_outproj/$auto$insbuf.cc:97:execute$47375: 1'0 -> \txq_bump_data [22]
Add chiplet_0_qkv_outproj/$auto$insbuf.cc:97:execute$47376: 1'0 -> \txq_bump_data [23]
Add chiplet_0_qkv_outproj/$auto$insbuf.cc:97:execute$47377: 1'0 -> \txq_bump_data [24]
Add chiplet_0_qkv_outproj/$auto$insbuf.cc:97:execute$47378: 1'0 -> \txq_bump_data [25]
Add chiplet_0_qkv_outproj/$auto$insbuf.cc:97:execute$47379: 1'0 -> \txq_bump_data [26]
Add chiplet_0_qkv_outproj/$auto$insbuf.cc:97:execute$47380: 1'0 -> \txq_bump_data [27]
Add chiplet_0_qkv_outproj/$auto$insbuf.cc:97:execute$47381: 1'0 -> \txq_bump_data [28]
Add chiplet_0_qkv_outproj/$auto$insbuf.cc:97:execute$47382: 1'0 -> \txq_bump_data [29]
Add chiplet_0_qkv_outproj/$auto$insbuf.cc:97:execute$47383: 1'0 -> \txq_bump_data [30]
Add chiplet_0_qkv_outproj/$auto$insbuf.cc:97:execute$47384: 1'0 -> \txq_bump_data [31]
Add chiplet_0_qkv_outproj/$auto$insbuf.cc:97:execute$47385: 1'0 -> \txq_bump_data [32]
Add chiplet_0_qkv_outproj/$auto$insbuf.cc:97:execute$47386: 1'0 -> \txq_bump_data [33]
Add chiplet_0_qkv_outproj/$auto$insbuf.cc:97:execute$47387: 1'0 -> \txq_bump_data [34]
Add chiplet_0_qkv_outproj/$auto$insbuf.cc:97:execute$47388: 1'0 -> \txq_bump_data [35]
Add chiplet_0_qkv_outproj/$auto$insbuf.cc:97:execute$47389: 1'0 -> \txq_bump_data [36]
Add chiplet_0_qkv_outproj/$auto$insbuf.cc:97:execute$47390: 1'0 -> \txq_bump_data [37]
Add chiplet_0_qkv_outproj/$auto$insbuf.cc:97:execute$47391: 1'0 -> \txq_bump_data [38]
Add chiplet_0_qkv_outproj/$auto$insbuf.cc:97:execute$47392: 1'0 -> \txq_bump_data [39]
Add chiplet_0_qkv_outproj/$auto$insbuf.cc:97:execute$47393: 1'0 -> \txq_bump_data [40]
Add chiplet_0_qkv_outproj/$auto$insbuf.cc:97:execute$47394: 1'0 -> \txq_bump_data [41]
Add chiplet_0_qkv_outproj/$auto$insbuf.cc:97:execute$47395: 1'0 -> \txq_bump_data [42]
Add chiplet_0_qkv_outproj/$auto$insbuf.cc:97:execute$47396: 1'0 -> \txq_bump_data [43]
Add chiplet_0_qkv_outproj/$auto$insbuf.cc:97:execute$47397: 1'0 -> \txq_bump_data [44]
Add chiplet_0_qkv_outproj/$auto$insbuf.cc:97:execute$47398: 1'0 -> \txq_bump_data [45]
Add chiplet_0_qkv_outproj/$auto$insbuf.cc:97:execute$47399: 1'0 -> \txq_bump_data [46]
Add chiplet_0_qkv_outproj/$auto$insbuf.cc:97:execute$47400: 1'0 -> \txq_bump_data [47]
Add chiplet_0_qkv_outproj/$auto$insbuf.cc:97:execute$47401: 1'0 -> \txq_bump_data [48]
Add chiplet_0_qkv_outproj/$auto$insbuf.cc:97:execute$47402: 1'0 -> \txq_bump_data [49]
Add chiplet_0_qkv_outproj/$auto$insbuf.cc:97:execute$47403: 1'0 -> \txq_bump_data [50]
Add chiplet_0_qkv_outproj/$auto$insbuf.cc:97:execute$47404: 1'0 -> \txq_bump_data [51]
Add chiplet_0_qkv_outproj/$auto$insbuf.cc:97:execute$47405: 1'0 -> \txq_bump_data [52]
Add chiplet_0_qkv_outproj/$auto$insbuf.cc:97:execute$47406: 1'0 -> \txq_bump_data [53]
Add chiplet_0_qkv_outproj/$auto$insbuf.cc:97:execute$47407: 1'0 -> \txq_bump_data [54]
Add chiplet_0_qkv_outproj/$auto$insbuf.cc:97:execute$47408: 1'0 -> \txq_bump_data [55]
Add chiplet_0_qkv_outproj/$auto$insbuf.cc:97:execute$47409: 1'0 -> \txq_bump_data [56]
Add chiplet_0_qkv_outproj/$auto$insbuf.cc:97:execute$47410: 1'0 -> \txq_bump_data [57]
Add chiplet_0_qkv_outproj/$auto$insbuf.cc:97:execute$47411: 1'0 -> \txq_bump_data [58]
Add chiplet_0_qkv_outproj/$auto$insbuf.cc:97:execute$47412: 1'0 -> \txq_bump_data [59]
Add chiplet_0_qkv_outproj/$auto$insbuf.cc:97:execute$47413: 1'0 -> \txq_bump_data [60]
Add chiplet_0_qkv_outproj/$auto$insbuf.cc:97:execute$47414: 1'0 -> \txq_bump_data [61]
Add chiplet_0_qkv_outproj/$auto$insbuf.cc:97:execute$47415: 1'0 -> \txq_bump_data [62]
Add chiplet_0_qkv_outproj/$auto$insbuf.cc:97:execute$47416: 1'0 -> \txq_bump_data [63]
Add chiplet_0_qkv_outproj/$auto$insbuf.cc:97:execute$47417: 1'0 -> \txq_bump_data [64]
Add chiplet_0_qkv_outproj/$auto$insbuf.cc:97:execute$47418: 1'0 -> \txq_bump_data [65]
Add chiplet_0_qkv_outproj/$auto$insbuf.cc:97:execute$47419: 1'0 -> \txq_bump_data [66]
Add chiplet_0_qkv_outproj/$auto$insbuf.cc:97:execute$47420: 1'0 -> \txq_bump_data [67]
Add chiplet_0_qkv_outproj/$auto$insbuf.cc:97:execute$47421: 1'0 -> \txq_bump_data [68]
Add chiplet_0_qkv_outproj/$auto$insbuf.cc:97:execute$47422: 1'0 -> \txq_bump_data [69]
Add chiplet_0_qkv_outproj/$auto$insbuf.cc:97:execute$47423: 1'0 -> \txq_bump_data [70]
Add chiplet_0_qkv_outproj/$auto$insbuf.cc:97:execute$47424: 1'0 -> \txq_bump_data [71]
Add chiplet_0_qkv_outproj/$auto$insbuf.cc:97:execute$47425: 1'0 -> \txq_bump_data [72]
Add chiplet_0_qkv_outproj/$auto$insbuf.cc:97:execute$47426: 1'0 -> \txq_bump_data [73]
Add chiplet_0_qkv_outproj/$auto$insbuf.cc:97:execute$47427: 1'0 -> \txq_bump_data [74]
Add chiplet_0_qkv_outproj/$auto$insbuf.cc:97:execute$47428: 1'0 -> \txq_bump_data [75]
Add chiplet_0_qkv_outproj/$auto$insbuf.cc:97:execute$47429: 1'0 -> \txq_bump_data [76]
Add chiplet_0_qkv_outproj/$auto$insbuf.cc:97:execute$47430: 1'0 -> \txq_bump_data [77]
Add chiplet_0_qkv_outproj/$auto$insbuf.cc:97:execute$47431: 1'0 -> \txq_bump_data [78]
Add chiplet_0_qkv_outproj/$auto$insbuf.cc:97:execute$47432: 1'0 -> \txq_bump_data [79]
Add chiplet_0_qkv_outproj/$auto$insbuf.cc:97:execute$47433: 1'0 -> \txq_bump_data [80]
Add chiplet_0_qkv_outproj/$auto$insbuf.cc:97:execute$47434: 1'0 -> \txq_bump_data [81]
Add chiplet_0_qkv_outproj/$auto$insbuf.cc:97:execute$47435: 1'0 -> \txq_bump_data [82]
Add chiplet_0_qkv_outproj/$auto$insbuf.cc:97:execute$47436: 1'0 -> \txq_bump_data [83]
Add chiplet_0_qkv_outproj/$auto$insbuf.cc:97:execute$47437: 1'0 -> \txq_bump_data [84]
Add chiplet_0_qkv_outproj/$auto$insbuf.cc:97:execute$47438: 1'0 -> \txq_bump_data [85]
Add chiplet_0_qkv_outproj/$auto$insbuf.cc:97:execute$47439: 1'0 -> \txq_bump_data [86]
Add chiplet_0_qkv_outproj/$auto$insbuf.cc:97:execute$47440: 1'0 -> \txq_bump_data [87]
Add chiplet_0_qkv_outproj/$auto$insbuf.cc:97:execute$47441: 1'0 -> \txq_bump_data [88]
Add chiplet_0_qkv_outproj/$auto$insbuf.cc:97:execute$47442: 1'0 -> \txq_bump_data [89]
Add chiplet_0_qkv_outproj/$auto$insbuf.cc:97:execute$47443: 1'0 -> \txq_bump_data [90]
Add chiplet_0_qkv_outproj/$auto$insbuf.cc:97:execute$47444: 1'0 -> \txq_bump_data [91]
Add chiplet_0_qkv_outproj/$auto$insbuf.cc:97:execute$47445: 1'0 -> \txq_bump_data [92]
Add chiplet_0_qkv_outproj/$auto$insbuf.cc:97:execute$47446: 1'0 -> \txq_bump_data [93]
Add chiplet_0_qkv_outproj/$auto$insbuf.cc:97:execute$47447: 1'0 -> \txq_bump_data [94]
Add chiplet_0_qkv_outproj/$auto$insbuf.cc:97:execute$47448: 1'0 -> \txq_bump_data [95]
Add chiplet_0_qkv_outproj/$auto$insbuf.cc:97:execute$47449: 1'0 -> \txq_bump_data [96]
Add chiplet_0_qkv_outproj/$auto$insbuf.cc:97:execute$47450: 1'0 -> \txq_bump_data [97]
Add chiplet_0_qkv_outproj/$auto$insbuf.cc:97:execute$47451: 1'0 -> \txq_bump_data [98]
Add chiplet_0_qkv_outproj/$auto$insbuf.cc:97:execute$47452: 1'0 -> \txq_bump_data [99]
Add chiplet_0_qkv_outproj/$auto$insbuf.cc:97:execute$47453: 1'0 -> \txq_bump_data [100]
Add chiplet_0_qkv_outproj/$auto$insbuf.cc:97:execute$47454: 1'0 -> \txq_bump_data [101]
Add chiplet_0_qkv_outproj/$auto$insbuf.cc:97:execute$47455: 1'0 -> \txq_bump_data [102]
Add chiplet_0_qkv_outproj/$auto$insbuf.cc:97:execute$47456: 1'0 -> \txq_bump_data [103]
Add chiplet_0_qkv_outproj/$auto$insbuf.cc:97:execute$47457: 1'0 -> \txq_bump_data [104]
Add chiplet_0_qkv_outproj/$auto$insbuf.cc:97:execute$47458: 1'0 -> \txq_bump_data [105]
Add chiplet_0_qkv_outproj/$auto$insbuf.cc:97:execute$47459: 1'0 -> \txq_bump_data [106]
Add chiplet_0_qkv_outproj/$auto$insbuf.cc:97:execute$47460: 1'0 -> \txq_bump_data [107]
Add chiplet_0_qkv_outproj/$auto$insbuf.cc:97:execute$47461: 1'0 -> \txq_bump_data [108]
Add chiplet_0_qkv_outproj/$auto$insbuf.cc:97:execute$47462: 1'0 -> \txq_bump_data [109]
Add chiplet_0_qkv_outproj/$auto$insbuf.cc:97:execute$47463: 1'0 -> \txq_bump_data [110]
Add chiplet_0_qkv_outproj/$auto$insbuf.cc:97:execute$47464: 1'0 -> \txq_bump_data [111]
Add chiplet_0_qkv_outproj/$auto$insbuf.cc:97:execute$47465: 1'0 -> \txq_bump_data [112]
Add chiplet_0_qkv_outproj/$auto$insbuf.cc:97:execute$47466: 1'0 -> \txq_bump_data [113]
Add chiplet_0_qkv_outproj/$auto$insbuf.cc:97:execute$47467: 1'0 -> \txq_bump_data [114]
Add chiplet_0_qkv_outproj/$auto$insbuf.cc:97:execute$47468: 1'0 -> \txq_bump_data [115]
Add chiplet_0_qkv_outproj/$auto$insbuf.cc:97:execute$47469: 1'0 -> \txq_bump_data [116]
Add chiplet_0_qkv_outproj/$auto$insbuf.cc:97:execute$47470: 1'0 -> \txq_bump_data [117]
Add chiplet_0_qkv_outproj/$auto$insbuf.cc:97:execute$47471: 1'0 -> \txq_bump_data [118]
Add chiplet_0_qkv_outproj/$auto$insbuf.cc:97:execute$47472: 1'0 -> \txq_bump_data [119]
Add chiplet_0_qkv_outproj/$auto$insbuf.cc:97:execute$47473: 1'0 -> \txq_bump_data [120]
Add chiplet_0_qkv_outproj/$auto$insbuf.cc:97:execute$47474: 1'0 -> \txq_bump_data [121]
Add chiplet_0_qkv_outproj/$auto$insbuf.cc:97:execute$47475: 1'0 -> \txq_bump_data [122]
Add chiplet_0_qkv_outproj/$auto$insbuf.cc:97:execute$47476: 1'0 -> \txq_bump_data [123]
Add chiplet_0_qkv_outproj/$auto$insbuf.cc:97:execute$47477: 1'0 -> \txq_bump_data [124]
Add chiplet_0_qkv_outproj/$auto$insbuf.cc:97:execute$47478: 1'0 -> \txq_bump_data [125]
Add chiplet_0_qkv_outproj/$auto$insbuf.cc:97:execute$47479: 1'0 -> \txq_bump_data [126]
Add chiplet_0_qkv_outproj/$auto$insbuf.cc:97:execute$47480: 1'0 -> \txq_bump_data [127]
Add chiplet_0_qkv_outproj/$auto$insbuf.cc:97:execute$47481: 1'0 -> \txq_bump_data [128]
Add chiplet_0_qkv_outproj/$auto$insbuf.cc:97:execute$47482: 1'0 -> \txq_bump_data [129]
Add chiplet_0_qkv_outproj/$auto$insbuf.cc:97:execute$47483: 1'0 -> \txq_bump_data [130]
Add chiplet_0_qkv_outproj/$auto$insbuf.cc:97:execute$47484: 1'0 -> \txq_bump_data [131]
Add chiplet_0_qkv_outproj/$auto$insbuf.cc:97:execute$47485: 1'0 -> \txq_bump_data [132]
Add chiplet_0_qkv_outproj/$auto$insbuf.cc:97:execute$47486: 1'0 -> \txq_bump_data [133]
Add chiplet_0_qkv_outproj/$auto$insbuf.cc:97:execute$47487: 1'0 -> \txq_bump_data [134]
Add chiplet_0_qkv_outproj/$auto$insbuf.cc:97:execute$47488: 1'0 -> \txq_bump_data [135]
Add chiplet_0_qkv_outproj/$auto$insbuf.cc:97:execute$47489: 1'0 -> \txq_bump_data [136]
Add chiplet_0_qkv_outproj/$auto$insbuf.cc:97:execute$47490: 1'0 -> \txq_bump_data [137]
Add chiplet_0_qkv_outproj/$auto$insbuf.cc:97:execute$47491: 1'0 -> \txq_bump_data [138]
Add chiplet_0_qkv_outproj/$auto$insbuf.cc:97:execute$47492: 1'0 -> \txq_bump_data [139]
Add chiplet_0_qkv_outproj/$auto$insbuf.cc:97:execute$47493: 1'0 -> \txq_bump_data [140]
Add chiplet_0_qkv_outproj/$auto$insbuf.cc:97:execute$47494: 1'0 -> \txq_bump_data [141]
Add chiplet_0_qkv_outproj/$auto$insbuf.cc:97:execute$47495: 1'0 -> \txq_bump_data [142]
Add chiplet_0_qkv_outproj/$auto$insbuf.cc:97:execute$47496: 1'0 -> \txq_bump_data [143]
Add chiplet_0_qkv_outproj/$auto$insbuf.cc:97:execute$47497: 1'0 -> \txq_bump_data [144]
Add chiplet_0_qkv_outproj/$auto$insbuf.cc:97:execute$47498: 1'0 -> \txq_bump_data [145]
Add chiplet_0_qkv_outproj/$auto$insbuf.cc:97:execute$47499: 1'0 -> \txq_bump_data [146]
Add chiplet_0_qkv_outproj/$auto$insbuf.cc:97:execute$47500: 1'0 -> \txq_bump_data [147]
Add chiplet_0_qkv_outproj/$auto$insbuf.cc:97:execute$47501: 1'0 -> \txq_bump_data [148]
Add chiplet_0_qkv_outproj/$auto$insbuf.cc:97:execute$47502: 1'0 -> \txq_bump_data [149]
Add chiplet_0_qkv_outproj/$auto$insbuf.cc:97:execute$47503: 1'0 -> \txq_bump_data [150]
Add chiplet_0_qkv_outproj/$auto$insbuf.cc:97:execute$47504: 1'0 -> \txq_bump_data [151]
Add chiplet_0_qkv_outproj/$auto$insbuf.cc:97:execute$47505: 1'0 -> \txq_bump_data [152]
Add chiplet_0_qkv_outproj/$auto$insbuf.cc:97:execute$47506: 1'0 -> \txq_bump_data [153]
Add chiplet_0_qkv_outproj/$auto$insbuf.cc:97:execute$47507: 1'0 -> \txq_bump_data [154]
Add chiplet_0_qkv_outproj/$auto$insbuf.cc:97:execute$47508: 1'0 -> \txq_bump_data [155]
Add chiplet_0_qkv_outproj/$auto$insbuf.cc:97:execute$47509: 1'0 -> \txq_bump_data [156]
Add chiplet_0_qkv_outproj/$auto$insbuf.cc:97:execute$47510: 1'0 -> \txq_bump_data [157]
Add chiplet_0_qkv_outproj/$auto$insbuf.cc:97:execute$47511: 1'0 -> \txq_bump_data [158]
Add chiplet_0_qkv_outproj/$auto$insbuf.cc:97:execute$47512: 1'0 -> \txq_bump_data [159]
Add chiplet_0_qkv_outproj/$auto$insbuf.cc:97:execute$47513: 1'0 -> \txq_bump_data [160]
Add chiplet_0_qkv_outproj/$auto$insbuf.cc:97:execute$47514: 1'0 -> \txq_bump_data [161]
Add chiplet_0_qkv_outproj/$auto$insbuf.cc:97:execute$47515: 1'0 -> \txq_bump_data [162]
Add chiplet_0_qkv_outproj/$auto$insbuf.cc:97:execute$47516: 1'0 -> \txq_bump_data [163]
Add chiplet_0_qkv_outproj/$auto$insbuf.cc:97:execute$47517: 1'0 -> \txq_bump_data [164]
Add chiplet_0_qkv_outproj/$auto$insbuf.cc:97:execute$47518: 1'0 -> \txq_bump_data [165]
Add chiplet_0_qkv_outproj/$auto$insbuf.cc:97:execute$47519: 1'0 -> \txq_bump_data [166]
Add chiplet_0_qkv_outproj/$auto$insbuf.cc:97:execute$47520: 1'0 -> \txq_bump_data [167]
Add chiplet_0_qkv_outproj/$auto$insbuf.cc:97:execute$47521: 1'0 -> \txq_bump_data [168]
Add chiplet_0_qkv_outproj/$auto$insbuf.cc:97:execute$47522: 1'0 -> \txq_bump_data [169]
Add chiplet_0_qkv_outproj/$auto$insbuf.cc:97:execute$47523: 1'0 -> \txq_bump_data [170]
Add chiplet_0_qkv_outproj/$auto$insbuf.cc:97:execute$47524: 1'0 -> \txq_bump_data [171]
Add chiplet_0_qkv_outproj/$auto$insbuf.cc:97:execute$47525: 1'0 -> \txq_bump_data [172]
Add chiplet_0_qkv_outproj/$auto$insbuf.cc:97:execute$47526: 1'0 -> \txq_bump_data [173]
Add chiplet_0_qkv_outproj/$auto$insbuf.cc:97:execute$47527: 1'0 -> \txq_bump_data [174]
Add chiplet_0_qkv_outproj/$auto$insbuf.cc:97:execute$47528: 1'0 -> \txq_bump_data [175]
Add chiplet_0_qkv_outproj/$auto$insbuf.cc:97:execute$47529: 1'0 -> \txq_bump_data [176]
Add chiplet_0_qkv_outproj/$auto$insbuf.cc:97:execute$47530: 1'0 -> \txq_bump_data [177]
Add chiplet_0_qkv_outproj/$auto$insbuf.cc:97:execute$47531: 1'0 -> \txq_bump_data [178]
Add chiplet_0_qkv_outproj/$auto$insbuf.cc:97:execute$47532: 1'0 -> \txq_bump_data [179]
Add chiplet_0_qkv_outproj/$auto$insbuf.cc:97:execute$47533: 1'0 -> \txq_bump_data [180]
Add chiplet_0_qkv_outproj/$auto$insbuf.cc:97:execute$47534: 1'0 -> \txq_bump_data [181]
Add chiplet_0_qkv_outproj/$auto$insbuf.cc:97:execute$47535: 1'0 -> \txq_bump_data [182]
Add chiplet_0_qkv_outproj/$auto$insbuf.cc:97:execute$47536: 1'0 -> \txq_bump_data [183]
Add chiplet_0_qkv_outproj/$auto$insbuf.cc:97:execute$47537: 1'0 -> \txq_bump_data [184]
Add chiplet_0_qkv_outproj/$auto$insbuf.cc:97:execute$47538: 1'0 -> \txq_bump_data [185]
Add chiplet_0_qkv_outproj/$auto$insbuf.cc:97:execute$47539: 1'0 -> \txq_bump_data [186]
Add chiplet_0_qkv_outproj/$auto$insbuf.cc:97:execute$47540: 1'0 -> \txq_bump_data [187]
Add chiplet_0_qkv_outproj/$auto$insbuf.cc:97:execute$47541: 1'0 -> \txq_bump_data [188]
Add chiplet_0_qkv_outproj/$auto$insbuf.cc:97:execute$47542: 1'0 -> \txq_bump_data [189]
Add chiplet_0_qkv_outproj/$auto$insbuf.cc:97:execute$47543: 1'0 -> \txq_bump_data [190]
Add chiplet_0_qkv_outproj/$auto$insbuf.cc:97:execute$47544: 1'0 -> \txq_bump_data [191]
Add chiplet_0_qkv_outproj/$auto$insbuf.cc:97:execute$47545: 1'0 -> \txq_bump_data [192]
Add chiplet_0_qkv_outproj/$auto$insbuf.cc:97:execute$47546: 1'0 -> \txq_bump_data [193]
Add chiplet_0_qkv_outproj/$auto$insbuf.cc:97:execute$47547: 1'0 -> \txq_bump_data [194]
Add chiplet_0_qkv_outproj/$auto$insbuf.cc:97:execute$47548: 1'0 -> \txq_bump_data [195]
Add chiplet_0_qkv_outproj/$auto$insbuf.cc:97:execute$47549: 1'0 -> \txq_bump_data [196]
Add chiplet_0_qkv_outproj/$auto$insbuf.cc:97:execute$47550: 1'0 -> \txq_bump_data [197]
Add chiplet_0_qkv_outproj/$auto$insbuf.cc:97:execute$47551: 1'0 -> \txq_bump_data [198]
Add chiplet_0_qkv_outproj/$auto$insbuf.cc:97:execute$47552: 1'0 -> \txq_bump_data [199]
Add chiplet_0_qkv_outproj/$auto$insbuf.cc:97:execute$47553: 1'0 -> \txq_bump_data [200]
Add chiplet_0_qkv_outproj/$auto$insbuf.cc:97:execute$47554: 1'0 -> \txq_bump_data [201]
Add chiplet_0_qkv_outproj/$auto$insbuf.cc:97:execute$47555: 1'0 -> \txq_bump_data [202]
Add chiplet_0_qkv_outproj/$auto$insbuf.cc:97:execute$47556: 1'0 -> \txq_bump_data [203]
Add chiplet_0_qkv_outproj/$auto$insbuf.cc:97:execute$47557: 1'0 -> \txq_bump_data [204]
Add chiplet_0_qkv_outproj/$auto$insbuf.cc:97:execute$47558: 1'0 -> \txq_bump_data [205]
Add chiplet_0_qkv_outproj/$auto$insbuf.cc:97:execute$47559: 1'0 -> \txq_bump_data [206]
Add chiplet_0_qkv_outproj/$auto$insbuf.cc:97:execute$47560: 1'0 -> \txq_bump_data [207]
Add chiplet_0_qkv_outproj/$auto$insbuf.cc:97:execute$47561: 1'0 -> \txq_bump_data [208]
Add chiplet_0_qkv_outproj/$auto$insbuf.cc:97:execute$47562: 1'0 -> \txq_bump_data [209]
Add chiplet_0_qkv_outproj/$auto$insbuf.cc:97:execute$47563: 1'0 -> \txq_bump_data [210]
Add chiplet_0_qkv_outproj/$auto$insbuf.cc:97:execute$47564: 1'0 -> \txq_bump_data [211]
Add chiplet_0_qkv_outproj/$auto$insbuf.cc:97:execute$47565: 1'0 -> \txq_bump_data [212]
Add chiplet_0_qkv_outproj/$auto$insbuf.cc:97:execute$47566: 1'0 -> \txq_bump_data [213]
Add chiplet_0_qkv_outproj/$auto$insbuf.cc:97:execute$47567: 1'0 -> \txq_bump_data [214]
Add chiplet_0_qkv_outproj/$auto$insbuf.cc:97:execute$47568: 1'0 -> \txq_bump_data [215]
Add chiplet_0_qkv_outproj/$auto$insbuf.cc:97:execute$47569: 1'0 -> \txq_bump_data [216]
Add chiplet_0_qkv_outproj/$auto$insbuf.cc:97:execute$47570: 1'0 -> \txq_bump_data [217]
Add chiplet_0_qkv_outproj/$auto$insbuf.cc:97:execute$47571: 1'0 -> \txq_bump_data [218]
Add chiplet_0_qkv_outproj/$auto$insbuf.cc:97:execute$47572: 1'0 -> \txq_bump_data [219]
Add chiplet_0_qkv_outproj/$auto$insbuf.cc:97:execute$47573: 1'0 -> \txq_bump_data [220]
Add chiplet_0_qkv_outproj/$auto$insbuf.cc:97:execute$47574: 1'0 -> \txq_bump_data [221]
Add chiplet_0_qkv_outproj/$auto$insbuf.cc:97:execute$47575: 1'0 -> \txq_bump_data [222]
Add chiplet_0_qkv_outproj/$auto$insbuf.cc:97:execute$47576: 1'0 -> \txq_bump_data [223]
Add chiplet_0_qkv_outproj/$auto$insbuf.cc:97:execute$47577: 1'0 -> \txq_bump_data [224]
Add chiplet_0_qkv_outproj/$auto$insbuf.cc:97:execute$47578: 1'0 -> \txq_bump_data [225]
Add chiplet_0_qkv_outproj/$auto$insbuf.cc:97:execute$47579: 1'0 -> \txq_bump_data [226]
Add chiplet_0_qkv_outproj/$auto$insbuf.cc:97:execute$47580: 1'0 -> \txq_bump_data [227]
Add chiplet_0_qkv_outproj/$auto$insbuf.cc:97:execute$47581: 1'0 -> \txq_bump_data [228]
Add chiplet_0_qkv_outproj/$auto$insbuf.cc:97:execute$47582: 1'0 -> \txq_bump_data [229]
Add chiplet_0_qkv_outproj/$auto$insbuf.cc:97:execute$47583: 1'0 -> \txq_bump_data [230]
Add chiplet_0_qkv_outproj/$auto$insbuf.cc:97:execute$47584: 1'0 -> \txq_bump_data [231]
Add chiplet_0_qkv_outproj/$auto$insbuf.cc:97:execute$47585: 1'0 -> \txq_bump_data [232]
Add chiplet_0_qkv_outproj/$auto$insbuf.cc:97:execute$47586: 1'0 -> \txq_bump_data [233]
Add chiplet_0_qkv_outproj/$auto$insbuf.cc:97:execute$47587: 1'0 -> \txq_bump_data [234]
Add chiplet_0_qkv_outproj/$auto$insbuf.cc:97:execute$47588: 1'0 -> \txq_bump_data [235]
Add chiplet_0_qkv_outproj/$auto$insbuf.cc:97:execute$47589: 1'0 -> \txq_bump_data [236]
Add chiplet_0_qkv_outproj/$auto$insbuf.cc:97:execute$47590: 1'0 -> \txq_bump_data [237]
Add chiplet_0_qkv_outproj/$auto$insbuf.cc:97:execute$47591: 1'0 -> \txq_bump_data [238]
Add chiplet_0_qkv_outproj/$auto$insbuf.cc:97:execute$47592: 1'0 -> \txq_bump_data [239]
Add chiplet_0_qkv_outproj/$auto$insbuf.cc:97:execute$47593: 1'0 -> \txq_bump_data [240]
Add chiplet_0_qkv_outproj/$auto$insbuf.cc:97:execute$47594: 1'0 -> \txq_bump_data [241]
Add chiplet_0_qkv_outproj/$auto$insbuf.cc:97:execute$47595: 1'0 -> \txq_bump_data [242]
Add chiplet_0_qkv_outproj/$auto$insbuf.cc:97:execute$47596: 1'0 -> \txq_bump_data [243]
Add chiplet_0_qkv_outproj/$auto$insbuf.cc:97:execute$47597: 1'0 -> \txq_bump_data [244]
Add chiplet_0_qkv_outproj/$auto$insbuf.cc:97:execute$47598: 1'0 -> \txq_bump_data [245]
Add chiplet_0_qkv_outproj/$auto$insbuf.cc:97:execute$47599: 1'0 -> \txq_bump_data [246]
Add chiplet_0_qkv_outproj/$auto$insbuf.cc:97:execute$47600: 1'0 -> \txq_bump_data [247]
Add chiplet_0_qkv_outproj/$auto$insbuf.cc:97:execute$47601: 1'0 -> \txq_bump_data [248]
Add chiplet_0_qkv_outproj/$auto$insbuf.cc:97:execute$47602: 1'0 -> \txq_bump_data [249]
Add chiplet_0_qkv_outproj/$auto$insbuf.cc:97:execute$47603: 1'0 -> \txq_bump_data [250]
Add chiplet_0_qkv_outproj/$auto$insbuf.cc:97:execute$47604: 1'0 -> \txq_bump_data [251]
Add chiplet_0_qkv_outproj/$auto$insbuf.cc:97:execute$47605: 1'0 -> \txq_bump_data [252]
Add chiplet_0_qkv_outproj/$auto$insbuf.cc:97:execute$47606: 1'0 -> \txq_bump_data [253]
Add chiplet_0_qkv_outproj/$auto$insbuf.cc:97:execute$47607: 1'0 -> \txq_bump_data [254]
Add chiplet_0_qkv_outproj/$auto$insbuf.cc:97:execute$47608: 1'0 -> \txq_bump_data [255]
Add chiplet_0_qkv_outproj/$auto$insbuf.cc:97:execute$47609: 1'0 -> \txq_bump_data [256]
Add chiplet_0_qkv_outproj/$auto$insbuf.cc:97:execute$47610: 1'0 -> \txq_bump_data [257]
Add chiplet_0_qkv_outproj/$auto$insbuf.cc:97:execute$47611: 1'0 -> \txq_bump_data [258]
Add chiplet_0_qkv_outproj/$auto$insbuf.cc:97:execute$47612: 1'0 -> \txq_bump_data [259]
Add chiplet_0_qkv_outproj/$auto$insbuf.cc:97:execute$47613: 1'0 -> \txq_bump_data [260]
Add chiplet_0_qkv_outproj/$auto$insbuf.cc:97:execute$47614: 1'0 -> \txq_bump_data [261]
Add chiplet_0_qkv_outproj/$auto$insbuf.cc:97:execute$47615: 1'0 -> \txq_bump_data [262]
Add chiplet_0_qkv_outproj/$auto$insbuf.cc:97:execute$47616: 1'0 -> \txq_bump_data [263]
Add chiplet_0_qkv_outproj/$auto$insbuf.cc:97:execute$47617: 1'0 -> \txq_bump_data [264]
Add chiplet_0_qkv_outproj/$auto$insbuf.cc:97:execute$47618: 1'0 -> \txq_bump_data [265]
Add chiplet_0_qkv_outproj/$auto$insbuf.cc:97:execute$47619: 1'0 -> \txq_bump_data [266]
Add chiplet_0_qkv_outproj/$auto$insbuf.cc:97:execute$47620: 1'0 -> \txq_bump_data [267]
Add chiplet_0_qkv_outproj/$auto$insbuf.cc:97:execute$47621: 1'0 -> \txq_bump_data [268]
Add chiplet_0_qkv_outproj/$auto$insbuf.cc:97:execute$47622: 1'0 -> \txq_bump_data [269]
Add chiplet_0_qkv_outproj/$auto$insbuf.cc:97:execute$47623: 1'0 -> \txq_bump_data [270]
Add chiplet_0_qkv_outproj/$auto$insbuf.cc:97:execute$47624: 1'0 -> \txq_bump_data [271]
Add chiplet_0_qkv_outproj/$auto$insbuf.cc:97:execute$47625: 1'0 -> \txq_bump_data [272]
Add chiplet_0_qkv_outproj/$auto$insbuf.cc:97:execute$47626: 1'0 -> \txq_bump_data [273]
Add chiplet_0_qkv_outproj/$auto$insbuf.cc:97:execute$47627: 1'0 -> \txq_bump_data [274]
Add chiplet_0_qkv_outproj/$auto$insbuf.cc:97:execute$47628: 1'0 -> \txq_bump_data [275]
Add chiplet_0_qkv_outproj/$auto$insbuf.cc:97:execute$47629: 1'0 -> \txq_bump_data [276]
Add chiplet_0_qkv_outproj/$auto$insbuf.cc:97:execute$47630: 1'0 -> \txq_bump_data [277]
Add chiplet_0_qkv_outproj/$auto$insbuf.cc:97:execute$47631: 1'0 -> \txq_bump_data [278]
Add chiplet_0_qkv_outproj/$auto$insbuf.cc:97:execute$47632: 1'0 -> \txq_bump_data [279]
Add chiplet_0_qkv_outproj/$auto$insbuf.cc:97:execute$47633: 1'0 -> \txq_bump_data [280]
Add chiplet_0_qkv_outproj/$auto$insbuf.cc:97:execute$47634: 1'0 -> \txq_bump_data [281]
Add chiplet_0_qkv_outproj/$auto$insbuf.cc:97:execute$47635: 1'0 -> \txq_bump_data [282]
Add chiplet_0_qkv_outproj/$auto$insbuf.cc:97:execute$47636: 1'0 -> \txq_bump_data [283]
Add chiplet_0_qkv_outproj/$auto$insbuf.cc:97:execute$47637: 1'0 -> \txq_bump_data [284]
Add chiplet_0_qkv_outproj/$auto$insbuf.cc:97:execute$47638: 1'0 -> \txq_bump_data [285]
Add chiplet_0_qkv_outproj/$auto$insbuf.cc:97:execute$47639: 1'0 -> \txq_bump_data [286]
Add chiplet_0_qkv_outproj/$auto$insbuf.cc:97:execute$47640: 1'0 -> \txq_bump_data [287]
Add chiplet_0_qkv_outproj/$auto$insbuf.cc:97:execute$47641: 1'0 -> \txq_bump_data [288]
Add chiplet_0_qkv_outproj/$auto$insbuf.cc:97:execute$47642: 1'0 -> \txq_bump_data [289]
Add chiplet_0_qkv_outproj/$auto$insbuf.cc:97:execute$47643: 1'0 -> \txq_bump_data [290]
Add chiplet_0_qkv_outproj/$auto$insbuf.cc:97:execute$47644: 1'0 -> \txq_bump_data [291]
Add chiplet_0_qkv_outproj/$auto$insbuf.cc:97:execute$47645: 1'0 -> \txq_bump_data [292]
Add chiplet_0_qkv_outproj/$auto$insbuf.cc:97:execute$47646: 1'0 -> \txq_bump_data [293]
Add chiplet_0_qkv_outproj/$auto$insbuf.cc:97:execute$47647: 1'0 -> \txq_bump_data [294]
Add chiplet_0_qkv_outproj/$auto$insbuf.cc:97:execute$47648: 1'0 -> \txq_bump_data [295]
Add chiplet_0_qkv_outproj/$auto$insbuf.cc:97:execute$47649: 1'0 -> \txq_bump_data [296]
Add chiplet_0_qkv_outproj/$auto$insbuf.cc:97:execute$47650: 1'0 -> \txq_bump_data [297]
Add chiplet_0_qkv_outproj/$auto$insbuf.cc:97:execute$47651: 1'0 -> \txq_bump_data [298]
Add chiplet_0_qkv_outproj/$auto$insbuf.cc:97:execute$47652: 1'0 -> \txq_bump_data [299]
Add chiplet_0_qkv_outproj/$auto$insbuf.cc:97:execute$47653: 1'0 -> \txq_bump_data [300]
Add chiplet_0_qkv_outproj/$auto$insbuf.cc:97:execute$47654: 1'0 -> \txq_bump_data [301]
Add chiplet_0_qkv_outproj/$auto$insbuf.cc:97:execute$47655: 1'0 -> \txq_bump_data [302]
Add chiplet_0_qkv_outproj/$auto$insbuf.cc:97:execute$47656: 1'0 -> \txq_bump_data [303]
Add chiplet_0_qkv_outproj/$auto$insbuf.cc:97:execute$47657: 1'0 -> \txq_bump_data [304]
Add chiplet_0_qkv_outproj/$auto$insbuf.cc:97:execute$47658: 1'0 -> \txq_bump_data [305]
Add chiplet_0_qkv_outproj/$auto$insbuf.cc:97:execute$47659: 1'0 -> \txq_bump_data [306]
Add chiplet_0_qkv_outproj/$auto$insbuf.cc:97:execute$47660: 1'0 -> \txq_bump_data [307]
Add chiplet_0_qkv_outproj/$auto$insbuf.cc:97:execute$47661: 1'0 -> \txq_bump_data [308]
Add chiplet_0_qkv_outproj/$auto$insbuf.cc:97:execute$47662: 1'0 -> \txq_bump_data [309]
Add chiplet_0_qkv_outproj/$auto$insbuf.cc:97:execute$47663: 1'0 -> \txq_bump_data [310]
Add chiplet_0_qkv_outproj/$auto$insbuf.cc:97:execute$47664: 1'0 -> \txq_bump_data [311]
Add chiplet_0_qkv_outproj/$auto$insbuf.cc:97:execute$47665: 1'0 -> \txq_bump_data [312]
Add chiplet_0_qkv_outproj/$auto$insbuf.cc:97:execute$47666: 1'0 -> \txq_bump_data [313]
Add chiplet_0_qkv_outproj/$auto$insbuf.cc:97:execute$47667: 1'0 -> \txq_bump_data [314]
Add chiplet_0_qkv_outproj/$auto$insbuf.cc:97:execute$47668: 1'0 -> \txq_bump_data [315]
Add chiplet_0_qkv_outproj/$auto$insbuf.cc:97:execute$47669: 1'0 -> \txq_bump_data [316]
Add chiplet_0_qkv_outproj/$auto$insbuf.cc:97:execute$47670: 1'0 -> \txq_bump_data [317]
Add chiplet_0_qkv_outproj/$auto$insbuf.cc:97:execute$47671: 1'0 -> \txq_bump_data [318]
Add chiplet_0_qkv_outproj/$auto$insbuf.cc:97:execute$47672: 1'0 -> \txq_bump_data [319]
Add chiplet_0_qkv_outproj/$auto$insbuf.cc:97:execute$47673: 1'0 -> \txq_bump_data [320]
Add chiplet_0_qkv_outproj/$auto$insbuf.cc:97:execute$47674: 1'0 -> \txq_bump_data [321]
Add chiplet_0_qkv_outproj/$auto$insbuf.cc:97:execute$47675: 1'0 -> \txq_bump_data [322]
Add chiplet_0_qkv_outproj/$auto$insbuf.cc:97:execute$47676: 1'0 -> \txq_bump_data [323]
Add chiplet_0_qkv_outproj/$auto$insbuf.cc:97:execute$47677: 1'0 -> \txq_bump_data [324]
Add chiplet_0_qkv_outproj/$auto$insbuf.cc:97:execute$47678: 1'0 -> \txq_bump_data [325]
Add chiplet_0_qkv_outproj/$auto$insbuf.cc:97:execute$47679: 1'0 -> \txq_bump_data [326]
Add chiplet_0_qkv_outproj/$auto$insbuf.cc:97:execute$47680: 1'0 -> \txq_bump_data [327]
Add chiplet_0_qkv_outproj/$auto$insbuf.cc:97:execute$47681: 1'0 -> \txq_bump_data [328]
Add chiplet_0_qkv_outproj/$auto$insbuf.cc:97:execute$47682: 1'0 -> \txq_bump_data [329]
Add chiplet_0_qkv_outproj/$auto$insbuf.cc:97:execute$47683: 1'0 -> \txq_bump_data [330]
Add chiplet_0_qkv_outproj/$auto$insbuf.cc:97:execute$47684: 1'0 -> \txq_bump_data [331]
Add chiplet_0_qkv_outproj/$auto$insbuf.cc:97:execute$47685: 1'0 -> \txq_bump_data [332]
Add chiplet_0_qkv_outproj/$auto$insbuf.cc:97:execute$47686: 1'0 -> \txq_bump_data [333]
Add chiplet_0_qkv_outproj/$auto$insbuf.cc:97:execute$47687: 1'0 -> \txq_bump_data [334]
Add chiplet_0_qkv_outproj/$auto$insbuf.cc:97:execute$47688: 1'0 -> \txq_bump_data [335]
Add chiplet_0_qkv_outproj/$auto$insbuf.cc:97:execute$47689: 1'0 -> \txq_bump_data [336]
Add chiplet_0_qkv_outproj/$auto$insbuf.cc:97:execute$47690: 1'0 -> \txq_bump_data [337]
Add chiplet_0_qkv_outproj/$auto$insbuf.cc:97:execute$47691: 1'0 -> \txq_bump_data [338]
Add chiplet_0_qkv_outproj/$auto$insbuf.cc:97:execute$47692: 1'0 -> \txq_bump_data [339]
Add chiplet_0_qkv_outproj/$auto$insbuf.cc:97:execute$47693: 1'0 -> \txq_bump_data [340]
Add chiplet_0_qkv_outproj/$auto$insbuf.cc:97:execute$47694: 1'0 -> \txq_bump_data [341]
Add chiplet_0_qkv_outproj/$auto$insbuf.cc:97:execute$47695: 1'0 -> \txq_bump_data [342]
Add chiplet_0_qkv_outproj/$auto$insbuf.cc:97:execute$47696: 1'0 -> \txq_bump_data [343]
Add chiplet_0_qkv_outproj/$auto$insbuf.cc:97:execute$47697: 1'0 -> \txq_bump_data [344]
Add chiplet_0_qkv_outproj/$auto$insbuf.cc:97:execute$47698: 1'0 -> \txq_bump_data [345]
Add chiplet_0_qkv_outproj/$auto$insbuf.cc:97:execute$47699: 1'0 -> \txq_bump_data [346]
Add chiplet_0_qkv_outproj/$auto$insbuf.cc:97:execute$47700: 1'0 -> \txq_bump_data [347]
Add chiplet_0_qkv_outproj/$auto$insbuf.cc:97:execute$47701: 1'0 -> \txq_bump_data [348]
Add chiplet_0_qkv_outproj/$auto$insbuf.cc:97:execute$47702: 1'0 -> \txq_bump_data [349]
Add chiplet_0_qkv_outproj/$auto$insbuf.cc:97:execute$47703: 1'0 -> \txq_bump_data [350]
Add chiplet_0_qkv_outproj/$auto$insbuf.cc:97:execute$47704: 1'0 -> \txq_bump_data [351]
Add chiplet_0_qkv_outproj/$auto$insbuf.cc:97:execute$47705: 1'0 -> \txq_bump_data [352]
Add chiplet_0_qkv_outproj/$auto$insbuf.cc:97:execute$47706: 1'0 -> \txq_bump_data [353]
Add chiplet_0_qkv_outproj/$auto$insbuf.cc:97:execute$47707: 1'0 -> \txq_bump_data [354]
Add chiplet_0_qkv_outproj/$auto$insbuf.cc:97:execute$47708: 1'0 -> \txq_bump_data [355]
Add chiplet_0_qkv_outproj/$auto$insbuf.cc:97:execute$47709: 1'0 -> \txq_bump_data [356]
Add chiplet_0_qkv_outproj/$auto$insbuf.cc:97:execute$47710: 1'0 -> \txq_bump_data [357]
Add chiplet_0_qkv_outproj/$auto$insbuf.cc:97:execute$47711: 1'0 -> \txq_bump_data [358]
Add chiplet_0_qkv_outproj/$auto$insbuf.cc:97:execute$47712: 1'0 -> \txq_bump_data [359]
Add chiplet_0_qkv_outproj/$auto$insbuf.cc:97:execute$47713: 1'0 -> \txq_bump_data [360]
Add chiplet_0_qkv_outproj/$auto$insbuf.cc:97:execute$47714: 1'0 -> \txq_bump_data [361]
Add chiplet_0_qkv_outproj/$auto$insbuf.cc:97:execute$47715: 1'0 -> \txq_bump_data [362]
Add chiplet_0_qkv_outproj/$auto$insbuf.cc:97:execute$47716: 1'0 -> \txq_bump_data [363]
Add chiplet_0_qkv_outproj/$auto$insbuf.cc:97:execute$47717: 1'0 -> \txq_bump_data [364]
Add chiplet_0_qkv_outproj/$auto$insbuf.cc:97:execute$47718: 1'0 -> \txq_bump_data [365]
Add chiplet_0_qkv_outproj/$auto$insbuf.cc:97:execute$47719: 1'0 -> \txq_bump_data [366]
Add chiplet_0_qkv_outproj/$auto$insbuf.cc:97:execute$47720: 1'0 -> \txq_bump_data [367]
Add chiplet_0_qkv_outproj/$auto$insbuf.cc:97:execute$47721: 1'0 -> \txq_bump_data [368]
Add chiplet_0_qkv_outproj/$auto$insbuf.cc:97:execute$47722: 1'0 -> \txq_bump_data [369]
Add chiplet_0_qkv_outproj/$auto$insbuf.cc:97:execute$47723: 1'0 -> \txq_bump_data [370]
Add chiplet_0_qkv_outproj/$auto$insbuf.cc:97:execute$47724: 1'0 -> \txq_bump_data [371]
Add chiplet_0_qkv_outproj/$auto$insbuf.cc:97:execute$47725: 1'0 -> \txq_bump_data [372]
Add chiplet_0_qkv_outproj/$auto$insbuf.cc:97:execute$47726: 1'0 -> \txq_bump_data [373]
Add chiplet_0_qkv_outproj/$auto$insbuf.cc:97:execute$47727: 1'0 -> \txq_bump_data [374]
Add chiplet_0_qkv_outproj/$auto$insbuf.cc:97:execute$47728: 1'0 -> \txq_bump_data [375]
Add chiplet_0_qkv_outproj/$auto$insbuf.cc:97:execute$47729: 1'0 -> \txq_bump_data [376]
Add chiplet_0_qkv_outproj/$auto$insbuf.cc:97:execute$47730: 1'0 -> \txq_bump_data [377]
Add chiplet_0_qkv_outproj/$auto$insbuf.cc:97:execute$47731: 1'0 -> \txq_bump_data [378]
Add chiplet_0_qkv_outproj/$auto$insbuf.cc:97:execute$47732: 1'0 -> \txq_bump_data [379]
Add chiplet_0_qkv_outproj/$auto$insbuf.cc:97:execute$47733: 1'0 -> \txq_bump_data [380]
Add chiplet_0_qkv_outproj/$auto$insbuf.cc:97:execute$47734: 1'0 -> \txq_bump_data [381]
Add chiplet_0_qkv_outproj/$auto$insbuf.cc:97:execute$47735: 1'0 -> \txq_bump_data [382]
Add chiplet_0_qkv_outproj/$auto$insbuf.cc:97:execute$47736: 1'0 -> \txq_bump_data [383]
Add chiplet_0_qkv_outproj/$auto$insbuf.cc:97:execute$47737: 1'0 -> \txq_bump_data [384]
Add chiplet_0_qkv_outproj/$auto$insbuf.cc:97:execute$47738: 1'0 -> \txq_bump_data [385]
Add chiplet_0_qkv_outproj/$auto$insbuf.cc:97:execute$47739: 1'0 -> \txq_bump_data [386]
Add chiplet_0_qkv_outproj/$auto$insbuf.cc:97:execute$47740: 1'0 -> \txq_bump_data [387]
Add chiplet_0_qkv_outproj/$auto$insbuf.cc:97:execute$47741: 1'0 -> \txq_bump_data [388]
Add chiplet_0_qkv_outproj/$auto$insbuf.cc:97:execute$47742: 1'0 -> \txq_bump_data [389]
Add chiplet_0_qkv_outproj/$auto$insbuf.cc:97:execute$47743: 1'0 -> \txq_bump_data [390]
Add chiplet_0_qkv_outproj/$auto$insbuf.cc:97:execute$47744: 1'0 -> \txq_bump_data [391]
Add chiplet_0_qkv_outproj/$auto$insbuf.cc:97:execute$47745: 1'0 -> \txq_bump_data [392]
Add chiplet_0_qkv_outproj/$auto$insbuf.cc:97:execute$47746: 1'0 -> \txq_bump_data [393]
Add chiplet_0_qkv_outproj/$auto$insbuf.cc:97:execute$47747: 1'0 -> \txq_bump_data [394]
Add chiplet_0_qkv_outproj/$auto$insbuf.cc:97:execute$47748: 1'0 -> \txq_bump_data [395]
Add chiplet_0_qkv_outproj/$auto$insbuf.cc:97:execute$47749: 1'0 -> \txq_bump_data [396]
Add chiplet_0_qkv_outproj/$auto$insbuf.cc:97:execute$47750: 1'0 -> \txq_bump_data [397]
Add chiplet_0_qkv_outproj/$auto$insbuf.cc:97:execute$47751: 1'0 -> \txq_bump_data [398]
Add chiplet_0_qkv_outproj/$auto$insbuf.cc:97:execute$47752: 1'0 -> \txq_bump_data [399]
Add chiplet_0_qkv_outproj/$auto$insbuf.cc:97:execute$47753: 1'0 -> \txq_bump_data [400]
Add chiplet_0_qkv_outproj/$auto$insbuf.cc:97:execute$47754: 1'0 -> \txq_bump_data [401]
Add chiplet_0_qkv_outproj/$auto$insbuf.cc:97:execute$47755: 1'0 -> \txq_bump_data [402]
Add chiplet_0_qkv_outproj/$auto$insbuf.cc:97:execute$47756: 1'0 -> \txq_bump_data [403]
Add chiplet_0_qkv_outproj/$auto$insbuf.cc:97:execute$47757: 1'0 -> \txq_bump_data [404]
Add chiplet_0_qkv_outproj/$auto$insbuf.cc:97:execute$47758: 1'0 -> \txq_bump_data [405]
Add chiplet_0_qkv_outproj/$auto$insbuf.cc:97:execute$47759: 1'0 -> \txq_bump_data [406]
Add chiplet_0_qkv_outproj/$auto$insbuf.cc:97:execute$47760: 1'0 -> \txq_bump_data [407]
Add chiplet_0_qkv_outproj/$auto$insbuf.cc:97:execute$47761: 1'0 -> \txq_bump_data [408]
Add chiplet_0_qkv_outproj/$auto$insbuf.cc:97:execute$47762: 1'0 -> \txq_bump_data [409]
Add chiplet_0_qkv_outproj/$auto$insbuf.cc:97:execute$47763: 1'0 -> \txq_bump_data [410]
Add chiplet_0_qkv_outproj/$auto$insbuf.cc:97:execute$47764: 1'0 -> \txq_bump_data [411]
Add chiplet_0_qkv_outproj/$auto$insbuf.cc:97:execute$47765: 1'0 -> \txq_bump_data [412]
Add chiplet_0_qkv_outproj/$auto$insbuf.cc:97:execute$47766: 1'0 -> \txq_bump_data [413]
Add chiplet_0_qkv_outproj/$auto$insbuf.cc:97:execute$47767: 1'0 -> \txq_bump_data [414]
Add chiplet_0_qkv_outproj/$auto$insbuf.cc:97:execute$47768: 1'0 -> \txq_bump_data [415]
Add chiplet_0_qkv_outproj/$auto$insbuf.cc:97:execute$47769: 1'0 -> \txq_bump_data [416]
Add chiplet_0_qkv_outproj/$auto$insbuf.cc:97:execute$47770: 1'0 -> \txq_bump_data [417]
Add chiplet_0_qkv_outproj/$auto$insbuf.cc:97:execute$47771: 1'0 -> \txq_bump_data [418]
Add chiplet_0_qkv_outproj/$auto$insbuf.cc:97:execute$47772: 1'0 -> \txq_bump_data [419]
Add chiplet_0_qkv_outproj/$auto$insbuf.cc:97:execute$47773: 1'0 -> \txq_bump_data [420]
Add chiplet_0_qkv_outproj/$auto$insbuf.cc:97:execute$47774: 1'0 -> \txq_bump_data [421]
Add chiplet_0_qkv_outproj/$auto$insbuf.cc:97:execute$47775: 1'0 -> \txq_bump_data [422]
Add chiplet_0_qkv_outproj/$auto$insbuf.cc:97:execute$47776: 1'0 -> \txq_bump_data [423]
Add chiplet_0_qkv_outproj/$auto$insbuf.cc:97:execute$47777: 1'0 -> \txq_bump_data [424]
Add chiplet_0_qkv_outproj/$auto$insbuf.cc:97:execute$47778: 1'0 -> \txq_bump_data [425]
Add chiplet_0_qkv_outproj/$auto$insbuf.cc:97:execute$47779: 1'0 -> \txq_bump_data [426]
Add chiplet_0_qkv_outproj/$auto$insbuf.cc:97:execute$47780: 1'0 -> \txq_bump_data [427]
Add chiplet_0_qkv_outproj/$auto$insbuf.cc:97:execute$47781: 1'0 -> \txq_bump_data [428]
Add chiplet_0_qkv_outproj/$auto$insbuf.cc:97:execute$47782: 1'0 -> \txq_bump_data [429]
Add chiplet_0_qkv_outproj/$auto$insbuf.cc:97:execute$47783: 1'0 -> \txq_bump_data [430]
Add chiplet_0_qkv_outproj/$auto$insbuf.cc:97:execute$47784: 1'0 -> \txq_bump_data [431]
Add chiplet_0_qkv_outproj/$auto$insbuf.cc:97:execute$47785: 1'0 -> \txq_bump_data [432]
Add chiplet_0_qkv_outproj/$auto$insbuf.cc:97:execute$47786: 1'0 -> \txq_bump_data [433]
Add chiplet_0_qkv_outproj/$auto$insbuf.cc:97:execute$47787: 1'0 -> \txq_bump_data [434]
Add chiplet_0_qkv_outproj/$auto$insbuf.cc:97:execute$47788: 1'0 -> \txq_bump_data [435]
Add chiplet_0_qkv_outproj/$auto$insbuf.cc:97:execute$47789: 1'0 -> \txq_bump_data [436]
Add chiplet_0_qkv_outproj/$auto$insbuf.cc:97:execute$47790: 1'0 -> \txq_bump_data [437]
Add chiplet_0_qkv_outproj/$auto$insbuf.cc:97:execute$47791: 1'0 -> \txq_bump_data [438]
Add chiplet_0_qkv_outproj/$auto$insbuf.cc:97:execute$47792: 1'0 -> \txq_bump_data [439]
Add chiplet_0_qkv_outproj/$auto$insbuf.cc:97:execute$47793: 1'0 -> \txq_bump_data [440]
Add chiplet_0_qkv_outproj/$auto$insbuf.cc:97:execute$47794: 1'0 -> \txq_bump_data [441]
Add chiplet_0_qkv_outproj/$auto$insbuf.cc:97:execute$47795: 1'0 -> \txq_bump_data [442]
Add chiplet_0_qkv_outproj/$auto$insbuf.cc:97:execute$47796: 1'0 -> \txq_bump_data [443]
Add chiplet_0_qkv_outproj/$auto$insbuf.cc:97:execute$47797: 1'0 -> \txq_bump_data [444]
Add chiplet_0_qkv_outproj/$auto$insbuf.cc:97:execute$47798: 1'0 -> \txq_bump_data [445]
Add chiplet_0_qkv_outproj/$auto$insbuf.cc:97:execute$47799: 1'0 -> \txq_bump_data [446]
Add chiplet_0_qkv_outproj/$auto$insbuf.cc:97:execute$47800: 1'0 -> \txq_bump_data [447]
Add chiplet_0_qkv_outproj/$auto$insbuf.cc:97:execute$47801: 1'0 -> \txq_bump_data [448]
Add chiplet_0_qkv_outproj/$auto$insbuf.cc:97:execute$47802: 1'0 -> \txq_bump_data [449]
Add chiplet_0_qkv_outproj/$auto$insbuf.cc:97:execute$47803: 1'0 -> \txq_bump_data [450]
Add chiplet_0_qkv_outproj/$auto$insbuf.cc:97:execute$47804: 1'0 -> \txq_bump_data [451]
Add chiplet_0_qkv_outproj/$auto$insbuf.cc:97:execute$47805: 1'0 -> \txq_bump_data [452]
Add chiplet_0_qkv_outproj/$auto$insbuf.cc:97:execute$47806: 1'0 -> \txq_bump_data [453]
Add chiplet_0_qkv_outproj/$auto$insbuf.cc:97:execute$47807: 1'0 -> \txq_bump_data [454]
Add chiplet_0_qkv_outproj/$auto$insbuf.cc:97:execute$47808: 1'0 -> \txq_bump_data [455]
Add chiplet_0_qkv_outproj/$auto$insbuf.cc:97:execute$47809: 1'0 -> \txq_bump_data [456]
Add chiplet_0_qkv_outproj/$auto$insbuf.cc:97:execute$47810: 1'0 -> \txq_bump_data [457]
Add chiplet_0_qkv_outproj/$auto$insbuf.cc:97:execute$47811: 1'0 -> \txq_bump_data [458]
Add chiplet_0_qkv_outproj/$auto$insbuf.cc:97:execute$47812: 1'0 -> \txq_bump_data [459]
Add chiplet_0_qkv_outproj/$auto$insbuf.cc:97:execute$47813: 1'0 -> \txq_bump_data [460]
Add chiplet_0_qkv_outproj/$auto$insbuf.cc:97:execute$47814: 1'0 -> \txq_bump_data [461]
Add chiplet_0_qkv_outproj/$auto$insbuf.cc:97:execute$47815: 1'0 -> \txq_bump_data [462]
Add chiplet_0_qkv_outproj/$auto$insbuf.cc:97:execute$47816: 1'0 -> \txq_bump_data [463]
Add chiplet_0_qkv_outproj/$auto$insbuf.cc:97:execute$47817: 1'0 -> \txq_bump_data [464]
Add chiplet_0_qkv_outproj/$auto$insbuf.cc:97:execute$47818: 1'0 -> \txq_bump_data [465]
Add chiplet_0_qkv_outproj/$auto$insbuf.cc:97:execute$47819: 1'0 -> \txq_bump_data [466]
Add chiplet_0_qkv_outproj/$auto$insbuf.cc:97:execute$47820: 1'0 -> \txq_bump_data [467]
Add chiplet_0_qkv_outproj/$auto$insbuf.cc:97:execute$47821: 1'0 -> \txq_bump_data [468]
Add chiplet_0_qkv_outproj/$auto$insbuf.cc:97:execute$47822: 1'0 -> \txq_bump_data [469]
Add chiplet_0_qkv_outproj/$auto$insbuf.cc:97:execute$47823: 1'0 -> \txq_bump_data [470]
Add chiplet_0_qkv_outproj/$auto$insbuf.cc:97:execute$47824: 1'0 -> \txq_bump_data [471]
Add chiplet_0_qkv_outproj/$auto$insbuf.cc:97:execute$47825: 1'0 -> \txq_bump_data [472]
Add chiplet_0_qkv_outproj/$auto$insbuf.cc:97:execute$47826: 1'0 -> \txq_bump_data [473]
Add chiplet_0_qkv_outproj/$auto$insbuf.cc:97:execute$47827: 1'0 -> \txq_bump_data [474]
Add chiplet_0_qkv_outproj/$auto$insbuf.cc:97:execute$47828: 1'0 -> \txq_bump_data [475]
Add chiplet_0_qkv_outproj/$auto$insbuf.cc:97:execute$47829: 1'0 -> \txq_bump_data [476]
Add chiplet_0_qkv_outproj/$auto$insbuf.cc:97:execute$47830: 1'0 -> \txq_bump_data [477]
Add chiplet_0_qkv_outproj/$auto$insbuf.cc:97:execute$47831: 1'0 -> \txq_bump_data [478]
Add chiplet_0_qkv_outproj/$auto$insbuf.cc:97:execute$47832: 1'0 -> \txq_bump_data [479]
Add chiplet_0_qkv_outproj/$auto$insbuf.cc:97:execute$47833: 1'0 -> \txq_bump_data [480]
Add chiplet_0_qkv_outproj/$auto$insbuf.cc:97:execute$47834: 1'0 -> \txq_bump_data [481]
Add chiplet_0_qkv_outproj/$auto$insbuf.cc:97:execute$47835: 1'0 -> \txq_bump_data [482]
Add chiplet_0_qkv_outproj/$auto$insbuf.cc:97:execute$47836: 1'0 -> \txq_bump_data [483]
Add chiplet_0_qkv_outproj/$auto$insbuf.cc:97:execute$47837: 1'0 -> \txq_bump_data [484]
Add chiplet_0_qkv_outproj/$auto$insbuf.cc:97:execute$47838: 1'0 -> \txq_bump_data [485]
Add chiplet_0_qkv_outproj/$auto$insbuf.cc:97:execute$47839: 1'0 -> \txq_bump_data [486]
Add chiplet_0_qkv_outproj/$auto$insbuf.cc:97:execute$47840: 1'0 -> \txq_bump_data [487]
Add chiplet_0_qkv_outproj/$auto$insbuf.cc:97:execute$47841: 1'0 -> \txq_bump_data [488]
Add chiplet_0_qkv_outproj/$auto$insbuf.cc:97:execute$47842: 1'0 -> \txq_bump_data [489]
Add chiplet_0_qkv_outproj/$auto$insbuf.cc:97:execute$47843: 1'0 -> \txq_bump_data [490]
Add chiplet_0_qkv_outproj/$auto$insbuf.cc:97:execute$47844: 1'0 -> \txq_bump_data [491]
Add chiplet_0_qkv_outproj/$auto$insbuf.cc:97:execute$47845: 1'0 -> \txq_bump_data [492]
Add chiplet_0_qkv_outproj/$auto$insbuf.cc:97:execute$47846: 1'0 -> \txq_bump_data [493]
Add chiplet_0_qkv_outproj/$auto$insbuf.cc:97:execute$47847: 1'0 -> \txq_bump_data [494]
Add chiplet_0_qkv_outproj/$auto$insbuf.cc:97:execute$47848: 1'0 -> \txq_bump_data [495]
Add chiplet_0_qkv_outproj/$auto$insbuf.cc:97:execute$47849: 1'0 -> \txq_bump_data [496]
Add chiplet_0_qkv_outproj/$auto$insbuf.cc:97:execute$47850: 1'0 -> \txq_bump_data [497]
Add chiplet_0_qkv_outproj/$auto$insbuf.cc:97:execute$47851: 1'0 -> \txq_bump_data [498]
Add chiplet_0_qkv_outproj/$auto$insbuf.cc:97:execute$47852: 1'0 -> \txq_bump_data [499]
Add chiplet_0_qkv_outproj/$auto$insbuf.cc:97:execute$47853: 1'0 -> \txq_bump_data [500]
Add chiplet_0_qkv_outproj/$auto$insbuf.cc:97:execute$47854: 1'0 -> \txq_bump_data [501]
Add chiplet_0_qkv_outproj/$auto$insbuf.cc:97:execute$47855: 1'0 -> \txq_bump_data [502]
Add chiplet_0_qkv_outproj/$auto$insbuf.cc:97:execute$47856: 1'0 -> \txq_bump_data [503]
Add chiplet_0_qkv_outproj/$auto$insbuf.cc:97:execute$47857: 1'0 -> \txq_bump_data [504]
Add chiplet_0_qkv_outproj/$auto$insbuf.cc:97:execute$47858: 1'0 -> \txq_bump_data [505]
Add chiplet_0_qkv_outproj/$auto$insbuf.cc:97:execute$47859: 1'0 -> \txq_bump_data [506]
Add chiplet_0_qkv_outproj/$auto$insbuf.cc:97:execute$47860: 1'0 -> \txq_bump_data [507]
Add chiplet_0_qkv_outproj/$auto$insbuf.cc:97:execute$47861: 1'0 -> \txq_bump_data [508]
Add chiplet_0_qkv_outproj/$auto$insbuf.cc:97:execute$47862: 1'0 -> \txq_bump_data [509]
Add chiplet_0_qkv_outproj/$auto$insbuf.cc:97:execute$47863: 1'0 -> \txq_bump_data [510]
Add chiplet_0_qkv_outproj/$auto$insbuf.cc:97:execute$47864: 1'0 -> \txq_bump_data [511]
Add chiplet_0_qkv_outproj/$auto$insbuf.cc:97:execute$47865: 1'0 -> \txq_bump_valid
Add chiplet_0_qkv_outproj/$auto$insbuf.cc:97:execute$47866: 1'0 -> \txv_bump_data [0]
Add chiplet_0_qkv_outproj/$auto$insbuf.cc:97:execute$47867: 1'0 -> \txv_bump_data [1]
Add chiplet_0_qkv_outproj/$auto$insbuf.cc:97:execute$47868: 1'0 -> \txv_bump_data [2]
Add chiplet_0_qkv_outproj/$auto$insbuf.cc:97:execute$47869: 1'0 -> \txv_bump_data [3]
Add chiplet_0_qkv_outproj/$auto$insbuf.cc:97:execute$47870: 1'0 -> \txv_bump_data [4]
Add chiplet_0_qkv_outproj/$auto$insbuf.cc:97:execute$47871: 1'0 -> \txv_bump_data [5]
Add chiplet_0_qkv_outproj/$auto$insbuf.cc:97:execute$47872: 1'0 -> \txv_bump_data [6]
Add chiplet_0_qkv_outproj/$auto$insbuf.cc:97:execute$47873: 1'0 -> \txv_bump_data [7]
Add chiplet_0_qkv_outproj/$auto$insbuf.cc:97:execute$47874: 1'0 -> \txv_bump_data [8]
Add chiplet_0_qkv_outproj/$auto$insbuf.cc:97:execute$47875: 1'0 -> \txv_bump_data [9]
Add chiplet_0_qkv_outproj/$auto$insbuf.cc:97:execute$47876: 1'0 -> \txv_bump_data [10]
Add chiplet_0_qkv_outproj/$auto$insbuf.cc:97:execute$47877: 1'0 -> \txv_bump_data [11]
Add chiplet_0_qkv_outproj/$auto$insbuf.cc:97:execute$47878: 1'0 -> \txv_bump_data [12]
Add chiplet_0_qkv_outproj/$auto$insbuf.cc:97:execute$47879: 1'0 -> \txv_bump_data [13]
Add chiplet_0_qkv_outproj/$auto$insbuf.cc:97:execute$47880: 1'0 -> \txv_bump_data [14]
Add chiplet_0_qkv_outproj/$auto$insbuf.cc:97:execute$47881: 1'0 -> \txv_bump_data [15]
Add chiplet_0_qkv_outproj/$auto$insbuf.cc:97:execute$47882: 1'0 -> \txv_bump_data [16]
Add chiplet_0_qkv_outproj/$auto$insbuf.cc:97:execute$47883: 1'0 -> \txv_bump_data [17]
Add chiplet_0_qkv_outproj/$auto$insbuf.cc:97:execute$47884: 1'0 -> \txv_bump_data [18]
Add chiplet_0_qkv_outproj/$auto$insbuf.cc:97:execute$47885: 1'0 -> \txv_bump_data [19]
Add chiplet_0_qkv_outproj/$auto$insbuf.cc:97:execute$47886: 1'0 -> \txv_bump_data [20]
Add chiplet_0_qkv_outproj/$auto$insbuf.cc:97:execute$47887: 1'0 -> \txv_bump_data [21]
Add chiplet_0_qkv_outproj/$auto$insbuf.cc:97:execute$47888: 1'0 -> \txv_bump_data [22]
Add chiplet_0_qkv_outproj/$auto$insbuf.cc:97:execute$47889: 1'0 -> \txv_bump_data [23]
Add chiplet_0_qkv_outproj/$auto$insbuf.cc:97:execute$47890: 1'0 -> \txv_bump_data [24]
Add chiplet_0_qkv_outproj/$auto$insbuf.cc:97:execute$47891: 1'0 -> \txv_bump_data [25]
Add chiplet_0_qkv_outproj/$auto$insbuf.cc:97:execute$47892: 1'0 -> \txv_bump_data [26]
Add chiplet_0_qkv_outproj/$auto$insbuf.cc:97:execute$47893: 1'0 -> \txv_bump_data [27]
Add chiplet_0_qkv_outproj/$auto$insbuf.cc:97:execute$47894: 1'0 -> \txv_bump_data [28]
Add chiplet_0_qkv_outproj/$auto$insbuf.cc:97:execute$47895: 1'0 -> \txv_bump_data [29]
Add chiplet_0_qkv_outproj/$auto$insbuf.cc:97:execute$47896: 1'0 -> \txv_bump_data [30]
Add chiplet_0_qkv_outproj/$auto$insbuf.cc:97:execute$47897: 1'0 -> \txv_bump_data [31]
Add chiplet_0_qkv_outproj/$auto$insbuf.cc:97:execute$47898: 1'0 -> \txv_bump_data [32]
Add chiplet_0_qkv_outproj/$auto$insbuf.cc:97:execute$47899: 1'0 -> \txv_bump_data [33]
Add chiplet_0_qkv_outproj/$auto$insbuf.cc:97:execute$47900: 1'0 -> \txv_bump_data [34]
Add chiplet_0_qkv_outproj/$auto$insbuf.cc:97:execute$47901: 1'0 -> \txv_bump_data [35]
Add chiplet_0_qkv_outproj/$auto$insbuf.cc:97:execute$47902: 1'0 -> \txv_bump_data [36]
Add chiplet_0_qkv_outproj/$auto$insbuf.cc:97:execute$47903: 1'0 -> \txv_bump_data [37]
Add chiplet_0_qkv_outproj/$auto$insbuf.cc:97:execute$47904: 1'0 -> \txv_bump_data [38]
Add chiplet_0_qkv_outproj/$auto$insbuf.cc:97:execute$47905: 1'0 -> \txv_bump_data [39]
Add chiplet_0_qkv_outproj/$auto$insbuf.cc:97:execute$47906: 1'0 -> \txv_bump_data [40]
Add chiplet_0_qkv_outproj/$auto$insbuf.cc:97:execute$47907: 1'0 -> \txv_bump_data [41]
Add chiplet_0_qkv_outproj/$auto$insbuf.cc:97:execute$47908: 1'0 -> \txv_bump_data [42]
Add chiplet_0_qkv_outproj/$auto$insbuf.cc:97:execute$47909: 1'0 -> \txv_bump_data [43]
Add chiplet_0_qkv_outproj/$auto$insbuf.cc:97:execute$47910: 1'0 -> \txv_bump_data [44]
Add chiplet_0_qkv_outproj/$auto$insbuf.cc:97:execute$47911: 1'0 -> \txv_bump_data [45]
Add chiplet_0_qkv_outproj/$auto$insbuf.cc:97:execute$47912: 1'0 -> \txv_bump_data [46]
Add chiplet_0_qkv_outproj/$auto$insbuf.cc:97:execute$47913: 1'0 -> \txv_bump_data [47]
Add chiplet_0_qkv_outproj/$auto$insbuf.cc:97:execute$47914: 1'0 -> \txv_bump_data [48]
Add chiplet_0_qkv_outproj/$auto$insbuf.cc:97:execute$47915: 1'0 -> \txv_bump_data [49]
Add chiplet_0_qkv_outproj/$auto$insbuf.cc:97:execute$47916: 1'0 -> \txv_bump_data [50]
Add chiplet_0_qkv_outproj/$auto$insbuf.cc:97:execute$47917: 1'0 -> \txv_bump_data [51]
Add chiplet_0_qkv_outproj/$auto$insbuf.cc:97:execute$47918: 1'0 -> \txv_bump_data [52]
Add chiplet_0_qkv_outproj/$auto$insbuf.cc:97:execute$47919: 1'0 -> \txv_bump_data [53]
Add chiplet_0_qkv_outproj/$auto$insbuf.cc:97:execute$47920: 1'0 -> \txv_bump_data [54]
Add chiplet_0_qkv_outproj/$auto$insbuf.cc:97:execute$47921: 1'0 -> \txv_bump_data [55]
Add chiplet_0_qkv_outproj/$auto$insbuf.cc:97:execute$47922: 1'0 -> \txv_bump_data [56]
Add chiplet_0_qkv_outproj/$auto$insbuf.cc:97:execute$47923: 1'0 -> \txv_bump_data [57]
Add chiplet_0_qkv_outproj/$auto$insbuf.cc:97:execute$47924: 1'0 -> \txv_bump_data [58]
Add chiplet_0_qkv_outproj/$auto$insbuf.cc:97:execute$47925: 1'0 -> \txv_bump_data [59]
Add chiplet_0_qkv_outproj/$auto$insbuf.cc:97:execute$47926: 1'0 -> \txv_bump_data [60]
Add chiplet_0_qkv_outproj/$auto$insbuf.cc:97:execute$47927: 1'0 -> \txv_bump_data [61]
Add chiplet_0_qkv_outproj/$auto$insbuf.cc:97:execute$47928: 1'0 -> \txv_bump_data [62]
Add chiplet_0_qkv_outproj/$auto$insbuf.cc:97:execute$47929: 1'0 -> \txv_bump_data [63]
Add chiplet_0_qkv_outproj/$auto$insbuf.cc:97:execute$47930: 1'0 -> \txv_bump_data [64]
Add chiplet_0_qkv_outproj/$auto$insbuf.cc:97:execute$47931: 1'0 -> \txv_bump_data [65]
Add chiplet_0_qkv_outproj/$auto$insbuf.cc:97:execute$47932: 1'0 -> \txv_bump_data [66]
Add chiplet_0_qkv_outproj/$auto$insbuf.cc:97:execute$47933: 1'0 -> \txv_bump_data [67]
Add chiplet_0_qkv_outproj/$auto$insbuf.cc:97:execute$47934: 1'0 -> \txv_bump_data [68]
Add chiplet_0_qkv_outproj/$auto$insbuf.cc:97:execute$47935: 1'0 -> \txv_bump_data [69]
Add chiplet_0_qkv_outproj/$auto$insbuf.cc:97:execute$47936: 1'0 -> \txv_bump_data [70]
Add chiplet_0_qkv_outproj/$auto$insbuf.cc:97:execute$47937: 1'0 -> \txv_bump_data [71]
Add chiplet_0_qkv_outproj/$auto$insbuf.cc:97:execute$47938: 1'0 -> \txv_bump_data [72]
Add chiplet_0_qkv_outproj/$auto$insbuf.cc:97:execute$47939: 1'0 -> \txv_bump_data [73]
Add chiplet_0_qkv_outproj/$auto$insbuf.cc:97:execute$47940: 1'0 -> \txv_bump_data [74]
Add chiplet_0_qkv_outproj/$auto$insbuf.cc:97:execute$47941: 1'0 -> \txv_bump_data [75]
Add chiplet_0_qkv_outproj/$auto$insbuf.cc:97:execute$47942: 1'0 -> \txv_bump_data [76]
Add chiplet_0_qkv_outproj/$auto$insbuf.cc:97:execute$47943: 1'0 -> \txv_bump_data [77]
Add chiplet_0_qkv_outproj/$auto$insbuf.cc:97:execute$47944: 1'0 -> \txv_bump_data [78]
Add chiplet_0_qkv_outproj/$auto$insbuf.cc:97:execute$47945: 1'0 -> \txv_bump_data [79]
Add chiplet_0_qkv_outproj/$auto$insbuf.cc:97:execute$47946: 1'0 -> \txv_bump_data [80]
Add chiplet_0_qkv_outproj/$auto$insbuf.cc:97:execute$47947: 1'0 -> \txv_bump_data [81]
Add chiplet_0_qkv_outproj/$auto$insbuf.cc:97:execute$47948: 1'0 -> \txv_bump_data [82]
Add chiplet_0_qkv_outproj/$auto$insbuf.cc:97:execute$47949: 1'0 -> \txv_bump_data [83]
Add chiplet_0_qkv_outproj/$auto$insbuf.cc:97:execute$47950: 1'0 -> \txv_bump_data [84]
Add chiplet_0_qkv_outproj/$auto$insbuf.cc:97:execute$47951: 1'0 -> \txv_bump_data [85]
Add chiplet_0_qkv_outproj/$auto$insbuf.cc:97:execute$47952: 1'0 -> \txv_bump_data [86]
Add chiplet_0_qkv_outproj/$auto$insbuf.cc:97:execute$47953: 1'0 -> \txv_bump_data [87]
Add chiplet_0_qkv_outproj/$auto$insbuf.cc:97:execute$47954: 1'0 -> \txv_bump_data [88]
Add chiplet_0_qkv_outproj/$auto$insbuf.cc:97:execute$47955: 1'0 -> \txv_bump_data [89]
Add chiplet_0_qkv_outproj/$auto$insbuf.cc:97:execute$47956: 1'0 -> \txv_bump_data [90]
Add chiplet_0_qkv_outproj/$auto$insbuf.cc:97:execute$47957: 1'0 -> \txv_bump_data [91]
Add chiplet_0_qkv_outproj/$auto$insbuf.cc:97:execute$47958: 1'0 -> \txv_bump_data [92]
Add chiplet_0_qkv_outproj/$auto$insbuf.cc:97:execute$47959: 1'0 -> \txv_bump_data [93]
Add chiplet_0_qkv_outproj/$auto$insbuf.cc:97:execute$47960: 1'0 -> \txv_bump_data [94]
Add chiplet_0_qkv_outproj/$auto$insbuf.cc:97:execute$47961: 1'0 -> \txv_bump_data [95]
Add chiplet_0_qkv_outproj/$auto$insbuf.cc:97:execute$47962: 1'0 -> \txv_bump_data [96]
Add chiplet_0_qkv_outproj/$auto$insbuf.cc:97:execute$47963: 1'0 -> \txv_bump_data [97]
Add chiplet_0_qkv_outproj/$auto$insbuf.cc:97:execute$47964: 1'0 -> \txv_bump_data [98]
Add chiplet_0_qkv_outproj/$auto$insbuf.cc:97:execute$47965: 1'0 -> \txv_bump_data [99]
Add chiplet_0_qkv_outproj/$auto$insbuf.cc:97:execute$47966: 1'0 -> \txv_bump_data [100]
Add chiplet_0_qkv_outproj/$auto$insbuf.cc:97:execute$47967: 1'0 -> \txv_bump_data [101]
Add chiplet_0_qkv_outproj/$auto$insbuf.cc:97:execute$47968: 1'0 -> \txv_bump_data [102]
Add chiplet_0_qkv_outproj/$auto$insbuf.cc:97:execute$47969: 1'0 -> \txv_bump_data [103]
Add chiplet_0_qkv_outproj/$auto$insbuf.cc:97:execute$47970: 1'0 -> \txv_bump_data [104]
Add chiplet_0_qkv_outproj/$auto$insbuf.cc:97:execute$47971: 1'0 -> \txv_bump_data [105]
Add chiplet_0_qkv_outproj/$auto$insbuf.cc:97:execute$47972: 1'0 -> \txv_bump_data [106]
Add chiplet_0_qkv_outproj/$auto$insbuf.cc:97:execute$47973: 1'0 -> \txv_bump_data [107]
Add chiplet_0_qkv_outproj/$auto$insbuf.cc:97:execute$47974: 1'0 -> \txv_bump_data [108]
Add chiplet_0_qkv_outproj/$auto$insbuf.cc:97:execute$47975: 1'0 -> \txv_bump_data [109]
Add chiplet_0_qkv_outproj/$auto$insbuf.cc:97:execute$47976: 1'0 -> \txv_bump_data [110]
Add chiplet_0_qkv_outproj/$auto$insbuf.cc:97:execute$47977: 1'0 -> \txv_bump_data [111]
Add chiplet_0_qkv_outproj/$auto$insbuf.cc:97:execute$47978: 1'0 -> \txv_bump_data [112]
Add chiplet_0_qkv_outproj/$auto$insbuf.cc:97:execute$47979: 1'0 -> \txv_bump_data [113]
Add chiplet_0_qkv_outproj/$auto$insbuf.cc:97:execute$47980: 1'0 -> \txv_bump_data [114]
Add chiplet_0_qkv_outproj/$auto$insbuf.cc:97:execute$47981: 1'0 -> \txv_bump_data [115]
Add chiplet_0_qkv_outproj/$auto$insbuf.cc:97:execute$47982: 1'0 -> \txv_bump_data [116]
Add chiplet_0_qkv_outproj/$auto$insbuf.cc:97:execute$47983: 1'0 -> \txv_bump_data [117]
Add chiplet_0_qkv_outproj/$auto$insbuf.cc:97:execute$47984: 1'0 -> \txv_bump_data [118]
Add chiplet_0_qkv_outproj/$auto$insbuf.cc:97:execute$47985: 1'0 -> \txv_bump_data [119]
Add chiplet_0_qkv_outproj/$auto$insbuf.cc:97:execute$47986: 1'0 -> \txv_bump_data [120]
Add chiplet_0_qkv_outproj/$auto$insbuf.cc:97:execute$47987: 1'0 -> \txv_bump_data [121]
Add chiplet_0_qkv_outproj/$auto$insbuf.cc:97:execute$47988: 1'0 -> \txv_bump_data [122]
Add chiplet_0_qkv_outproj/$auto$insbuf.cc:97:execute$47989: 1'0 -> \txv_bump_data [123]
Add chiplet_0_qkv_outproj/$auto$insbuf.cc:97:execute$47990: 1'0 -> \txv_bump_data [124]
Add chiplet_0_qkv_outproj/$auto$insbuf.cc:97:execute$47991: 1'0 -> \txv_bump_data [125]
Add chiplet_0_qkv_outproj/$auto$insbuf.cc:97:execute$47992: 1'0 -> \txv_bump_data [126]
Add chiplet_0_qkv_outproj/$auto$insbuf.cc:97:execute$47993: 1'0 -> \txv_bump_data [127]
Add chiplet_0_qkv_outproj/$auto$insbuf.cc:97:execute$47994: 1'0 -> \txv_bump_data [128]
Add chiplet_0_qkv_outproj/$auto$insbuf.cc:97:execute$47995: 1'0 -> \txv_bump_data [129]
Add chiplet_0_qkv_outproj/$auto$insbuf.cc:97:execute$47996: 1'0 -> \txv_bump_data [130]
Add chiplet_0_qkv_outproj/$auto$insbuf.cc:97:execute$47997: 1'0 -> \txv_bump_data [131]
Add chiplet_0_qkv_outproj/$auto$insbuf.cc:97:execute$47998: 1'0 -> \txv_bump_data [132]
Add chiplet_0_qkv_outproj/$auto$insbuf.cc:97:execute$47999: 1'0 -> \txv_bump_data [133]
Add chiplet_0_qkv_outproj/$auto$insbuf.cc:97:execute$48000: 1'0 -> \txv_bump_data [134]
Add chiplet_0_qkv_outproj/$auto$insbuf.cc:97:execute$48001: 1'0 -> \txv_bump_data [135]
Add chiplet_0_qkv_outproj/$auto$insbuf.cc:97:execute$48002: 1'0 -> \txv_bump_data [136]
Add chiplet_0_qkv_outproj/$auto$insbuf.cc:97:execute$48003: 1'0 -> \txv_bump_data [137]
Add chiplet_0_qkv_outproj/$auto$insbuf.cc:97:execute$48004: 1'0 -> \txv_bump_data [138]
Add chiplet_0_qkv_outproj/$auto$insbuf.cc:97:execute$48005: 1'0 -> \txv_bump_data [139]
Add chiplet_0_qkv_outproj/$auto$insbuf.cc:97:execute$48006: 1'0 -> \txv_bump_data [140]
Add chiplet_0_qkv_outproj/$auto$insbuf.cc:97:execute$48007: 1'0 -> \txv_bump_data [141]
Add chiplet_0_qkv_outproj/$auto$insbuf.cc:97:execute$48008: 1'0 -> \txv_bump_data [142]
Add chiplet_0_qkv_outproj/$auto$insbuf.cc:97:execute$48009: 1'0 -> \txv_bump_data [143]
Add chiplet_0_qkv_outproj/$auto$insbuf.cc:97:execute$48010: 1'0 -> \txv_bump_data [144]
Add chiplet_0_qkv_outproj/$auto$insbuf.cc:97:execute$48011: 1'0 -> \txv_bump_data [145]
Add chiplet_0_qkv_outproj/$auto$insbuf.cc:97:execute$48012: 1'0 -> \txv_bump_data [146]
Add chiplet_0_qkv_outproj/$auto$insbuf.cc:97:execute$48013: 1'0 -> \txv_bump_data [147]
Add chiplet_0_qkv_outproj/$auto$insbuf.cc:97:execute$48014: 1'0 -> \txv_bump_data [148]
Add chiplet_0_qkv_outproj/$auto$insbuf.cc:97:execute$48015: 1'0 -> \txv_bump_data [149]
Add chiplet_0_qkv_outproj/$auto$insbuf.cc:97:execute$48016: 1'0 -> \txv_bump_data [150]
Add chiplet_0_qkv_outproj/$auto$insbuf.cc:97:execute$48017: 1'0 -> \txv_bump_data [151]
Add chiplet_0_qkv_outproj/$auto$insbuf.cc:97:execute$48018: 1'0 -> \txv_bump_data [152]
Add chiplet_0_qkv_outproj/$auto$insbuf.cc:97:execute$48019: 1'0 -> \txv_bump_data [153]
Add chiplet_0_qkv_outproj/$auto$insbuf.cc:97:execute$48020: 1'0 -> \txv_bump_data [154]
Add chiplet_0_qkv_outproj/$auto$insbuf.cc:97:execute$48021: 1'0 -> \txv_bump_data [155]
Add chiplet_0_qkv_outproj/$auto$insbuf.cc:97:execute$48022: 1'0 -> \txv_bump_data [156]
Add chiplet_0_qkv_outproj/$auto$insbuf.cc:97:execute$48023: 1'0 -> \txv_bump_data [157]
Add chiplet_0_qkv_outproj/$auto$insbuf.cc:97:execute$48024: 1'0 -> \txv_bump_data [158]
Add chiplet_0_qkv_outproj/$auto$insbuf.cc:97:execute$48025: 1'0 -> \txv_bump_data [159]
Add chiplet_0_qkv_outproj/$auto$insbuf.cc:97:execute$48026: 1'0 -> \txv_bump_data [160]
Add chiplet_0_qkv_outproj/$auto$insbuf.cc:97:execute$48027: 1'0 -> \txv_bump_data [161]
Add chiplet_0_qkv_outproj/$auto$insbuf.cc:97:execute$48028: 1'0 -> \txv_bump_data [162]
Add chiplet_0_qkv_outproj/$auto$insbuf.cc:97:execute$48029: 1'0 -> \txv_bump_data [163]
Add chiplet_0_qkv_outproj/$auto$insbuf.cc:97:execute$48030: 1'0 -> \txv_bump_data [164]
Add chiplet_0_qkv_outproj/$auto$insbuf.cc:97:execute$48031: 1'0 -> \txv_bump_data [165]
Add chiplet_0_qkv_outproj/$auto$insbuf.cc:97:execute$48032: 1'0 -> \txv_bump_data [166]
Add chiplet_0_qkv_outproj/$auto$insbuf.cc:97:execute$48033: 1'0 -> \txv_bump_data [167]
Add chiplet_0_qkv_outproj/$auto$insbuf.cc:97:execute$48034: 1'0 -> \txv_bump_data [168]
Add chiplet_0_qkv_outproj/$auto$insbuf.cc:97:execute$48035: 1'0 -> \txv_bump_data [169]
Add chiplet_0_qkv_outproj/$auto$insbuf.cc:97:execute$48036: 1'0 -> \txv_bump_data [170]
Add chiplet_0_qkv_outproj/$auto$insbuf.cc:97:execute$48037: 1'0 -> \txv_bump_data [171]
Add chiplet_0_qkv_outproj/$auto$insbuf.cc:97:execute$48038: 1'0 -> \txv_bump_data [172]
Add chiplet_0_qkv_outproj/$auto$insbuf.cc:97:execute$48039: 1'0 -> \txv_bump_data [173]
Add chiplet_0_qkv_outproj/$auto$insbuf.cc:97:execute$48040: 1'0 -> \txv_bump_data [174]
Add chiplet_0_qkv_outproj/$auto$insbuf.cc:97:execute$48041: 1'0 -> \txv_bump_data [175]
Add chiplet_0_qkv_outproj/$auto$insbuf.cc:97:execute$48042: 1'0 -> \txv_bump_data [176]
Add chiplet_0_qkv_outproj/$auto$insbuf.cc:97:execute$48043: 1'0 -> \txv_bump_data [177]
Add chiplet_0_qkv_outproj/$auto$insbuf.cc:97:execute$48044: 1'0 -> \txv_bump_data [178]
Add chiplet_0_qkv_outproj/$auto$insbuf.cc:97:execute$48045: 1'0 -> \txv_bump_data [179]
Add chiplet_0_qkv_outproj/$auto$insbuf.cc:97:execute$48046: 1'0 -> \txv_bump_data [180]
Add chiplet_0_qkv_outproj/$auto$insbuf.cc:97:execute$48047: 1'0 -> \txv_bump_data [181]
Add chiplet_0_qkv_outproj/$auto$insbuf.cc:97:execute$48048: 1'0 -> \txv_bump_data [182]
Add chiplet_0_qkv_outproj/$auto$insbuf.cc:97:execute$48049: 1'0 -> \txv_bump_data [183]
Add chiplet_0_qkv_outproj/$auto$insbuf.cc:97:execute$48050: 1'0 -> \txv_bump_data [184]
Add chiplet_0_qkv_outproj/$auto$insbuf.cc:97:execute$48051: 1'0 -> \txv_bump_data [185]
Add chiplet_0_qkv_outproj/$auto$insbuf.cc:97:execute$48052: 1'0 -> \txv_bump_data [186]
Add chiplet_0_qkv_outproj/$auto$insbuf.cc:97:execute$48053: 1'0 -> \txv_bump_data [187]
Add chiplet_0_qkv_outproj/$auto$insbuf.cc:97:execute$48054: 1'0 -> \txv_bump_data [188]
Add chiplet_0_qkv_outproj/$auto$insbuf.cc:97:execute$48055: 1'0 -> \txv_bump_data [189]
Add chiplet_0_qkv_outproj/$auto$insbuf.cc:97:execute$48056: 1'0 -> \txv_bump_data [190]
Add chiplet_0_qkv_outproj/$auto$insbuf.cc:97:execute$48057: 1'0 -> \txv_bump_data [191]
Add chiplet_0_qkv_outproj/$auto$insbuf.cc:97:execute$48058: 1'0 -> \txv_bump_data [192]
Add chiplet_0_qkv_outproj/$auto$insbuf.cc:97:execute$48059: 1'0 -> \txv_bump_data [193]
Add chiplet_0_qkv_outproj/$auto$insbuf.cc:97:execute$48060: 1'0 -> \txv_bump_data [194]
Add chiplet_0_qkv_outproj/$auto$insbuf.cc:97:execute$48061: 1'0 -> \txv_bump_data [195]
Add chiplet_0_qkv_outproj/$auto$insbuf.cc:97:execute$48062: 1'0 -> \txv_bump_data [196]
Add chiplet_0_qkv_outproj/$auto$insbuf.cc:97:execute$48063: 1'0 -> \txv_bump_data [197]
Add chiplet_0_qkv_outproj/$auto$insbuf.cc:97:execute$48064: 1'0 -> \txv_bump_data [198]
Add chiplet_0_qkv_outproj/$auto$insbuf.cc:97:execute$48065: 1'0 -> \txv_bump_data [199]
Add chiplet_0_qkv_outproj/$auto$insbuf.cc:97:execute$48066: 1'0 -> \txv_bump_data [200]
Add chiplet_0_qkv_outproj/$auto$insbuf.cc:97:execute$48067: 1'0 -> \txv_bump_data [201]
Add chiplet_0_qkv_outproj/$auto$insbuf.cc:97:execute$48068: 1'0 -> \txv_bump_data [202]
Add chiplet_0_qkv_outproj/$auto$insbuf.cc:97:execute$48069: 1'0 -> \txv_bump_data [203]
Add chiplet_0_qkv_outproj/$auto$insbuf.cc:97:execute$48070: 1'0 -> \txv_bump_data [204]
Add chiplet_0_qkv_outproj/$auto$insbuf.cc:97:execute$48071: 1'0 -> \txv_bump_data [205]
Add chiplet_0_qkv_outproj/$auto$insbuf.cc:97:execute$48072: 1'0 -> \txv_bump_data [206]
Add chiplet_0_qkv_outproj/$auto$insbuf.cc:97:execute$48073: 1'0 -> \txv_bump_data [207]
Add chiplet_0_qkv_outproj/$auto$insbuf.cc:97:execute$48074: 1'0 -> \txv_bump_data [208]
Add chiplet_0_qkv_outproj/$auto$insbuf.cc:97:execute$48075: 1'0 -> \txv_bump_data [209]
Add chiplet_0_qkv_outproj/$auto$insbuf.cc:97:execute$48076: 1'0 -> \txv_bump_data [210]
Add chiplet_0_qkv_outproj/$auto$insbuf.cc:97:execute$48077: 1'0 -> \txv_bump_data [211]
Add chiplet_0_qkv_outproj/$auto$insbuf.cc:97:execute$48078: 1'0 -> \txv_bump_data [212]
Add chiplet_0_qkv_outproj/$auto$insbuf.cc:97:execute$48079: 1'0 -> \txv_bump_data [213]
Add chiplet_0_qkv_outproj/$auto$insbuf.cc:97:execute$48080: 1'0 -> \txv_bump_data [214]
Add chiplet_0_qkv_outproj/$auto$insbuf.cc:97:execute$48081: 1'0 -> \txv_bump_data [215]
Add chiplet_0_qkv_outproj/$auto$insbuf.cc:97:execute$48082: 1'0 -> \txv_bump_data [216]
Add chiplet_0_qkv_outproj/$auto$insbuf.cc:97:execute$48083: 1'0 -> \txv_bump_data [217]
Add chiplet_0_qkv_outproj/$auto$insbuf.cc:97:execute$48084: 1'0 -> \txv_bump_data [218]
Add chiplet_0_qkv_outproj/$auto$insbuf.cc:97:execute$48085: 1'0 -> \txv_bump_data [219]
Add chiplet_0_qkv_outproj/$auto$insbuf.cc:97:execute$48086: 1'0 -> \txv_bump_data [220]
Add chiplet_0_qkv_outproj/$auto$insbuf.cc:97:execute$48087: 1'0 -> \txv_bump_data [221]
Add chiplet_0_qkv_outproj/$auto$insbuf.cc:97:execute$48088: 1'0 -> \txv_bump_data [222]
Add chiplet_0_qkv_outproj/$auto$insbuf.cc:97:execute$48089: 1'0 -> \txv_bump_data [223]
Add chiplet_0_qkv_outproj/$auto$insbuf.cc:97:execute$48090: 1'0 -> \txv_bump_data [224]
Add chiplet_0_qkv_outproj/$auto$insbuf.cc:97:execute$48091: 1'0 -> \txv_bump_data [225]
Add chiplet_0_qkv_outproj/$auto$insbuf.cc:97:execute$48092: 1'0 -> \txv_bump_data [226]
Add chiplet_0_qkv_outproj/$auto$insbuf.cc:97:execute$48093: 1'0 -> \txv_bump_data [227]
Add chiplet_0_qkv_outproj/$auto$insbuf.cc:97:execute$48094: 1'0 -> \txv_bump_data [228]
Add chiplet_0_qkv_outproj/$auto$insbuf.cc:97:execute$48095: 1'0 -> \txv_bump_data [229]
Add chiplet_0_qkv_outproj/$auto$insbuf.cc:97:execute$48096: 1'0 -> \txv_bump_data [230]
Add chiplet_0_qkv_outproj/$auto$insbuf.cc:97:execute$48097: 1'0 -> \txv_bump_data [231]
Add chiplet_0_qkv_outproj/$auto$insbuf.cc:97:execute$48098: 1'0 -> \txv_bump_data [232]
Add chiplet_0_qkv_outproj/$auto$insbuf.cc:97:execute$48099: 1'0 -> \txv_bump_data [233]
Add chiplet_0_qkv_outproj/$auto$insbuf.cc:97:execute$48100: 1'0 -> \txv_bump_data [234]
Add chiplet_0_qkv_outproj/$auto$insbuf.cc:97:execute$48101: 1'0 -> \txv_bump_data [235]
Add chiplet_0_qkv_outproj/$auto$insbuf.cc:97:execute$48102: 1'0 -> \txv_bump_data [236]
Add chiplet_0_qkv_outproj/$auto$insbuf.cc:97:execute$48103: 1'0 -> \txv_bump_data [237]
Add chiplet_0_qkv_outproj/$auto$insbuf.cc:97:execute$48104: 1'0 -> \txv_bump_data [238]
Add chiplet_0_qkv_outproj/$auto$insbuf.cc:97:execute$48105: 1'0 -> \txv_bump_data [239]
Add chiplet_0_qkv_outproj/$auto$insbuf.cc:97:execute$48106: 1'0 -> \txv_bump_data [240]
Add chiplet_0_qkv_outproj/$auto$insbuf.cc:97:execute$48107: 1'0 -> \txv_bump_data [241]
Add chiplet_0_qkv_outproj/$auto$insbuf.cc:97:execute$48108: 1'0 -> \txv_bump_data [242]
Add chiplet_0_qkv_outproj/$auto$insbuf.cc:97:execute$48109: 1'0 -> \txv_bump_data [243]
Add chiplet_0_qkv_outproj/$auto$insbuf.cc:97:execute$48110: 1'0 -> \txv_bump_data [244]
Add chiplet_0_qkv_outproj/$auto$insbuf.cc:97:execute$48111: 1'0 -> \txv_bump_data [245]
Add chiplet_0_qkv_outproj/$auto$insbuf.cc:97:execute$48112: 1'0 -> \txv_bump_data [246]
Add chiplet_0_qkv_outproj/$auto$insbuf.cc:97:execute$48113: 1'0 -> \txv_bump_data [247]
Add chiplet_0_qkv_outproj/$auto$insbuf.cc:97:execute$48114: 1'0 -> \txv_bump_data [248]
Add chiplet_0_qkv_outproj/$auto$insbuf.cc:97:execute$48115: 1'0 -> \txv_bump_data [249]
Add chiplet_0_qkv_outproj/$auto$insbuf.cc:97:execute$48116: 1'0 -> \txv_bump_data [250]
Add chiplet_0_qkv_outproj/$auto$insbuf.cc:97:execute$48117: 1'0 -> \txv_bump_data [251]
Add chiplet_0_qkv_outproj/$auto$insbuf.cc:97:execute$48118: 1'0 -> \txv_bump_data [252]
Add chiplet_0_qkv_outproj/$auto$insbuf.cc:97:execute$48119: 1'0 -> \txv_bump_data [253]
Add chiplet_0_qkv_outproj/$auto$insbuf.cc:97:execute$48120: 1'0 -> \txv_bump_data [254]
Add chiplet_0_qkv_outproj/$auto$insbuf.cc:97:execute$48121: 1'0 -> \txv_bump_data [255]
Add chiplet_0_qkv_outproj/$auto$insbuf.cc:97:execute$48122: 1'0 -> \txv_bump_data [256]
Add chiplet_0_qkv_outproj/$auto$insbuf.cc:97:execute$48123: 1'0 -> \txv_bump_data [257]
Add chiplet_0_qkv_outproj/$auto$insbuf.cc:97:execute$48124: 1'0 -> \txv_bump_data [258]
Add chiplet_0_qkv_outproj/$auto$insbuf.cc:97:execute$48125: 1'0 -> \txv_bump_data [259]
Add chiplet_0_qkv_outproj/$auto$insbuf.cc:97:execute$48126: 1'0 -> \txv_bump_data [260]
Add chiplet_0_qkv_outproj/$auto$insbuf.cc:97:execute$48127: 1'0 -> \txv_bump_data [261]
Add chiplet_0_qkv_outproj/$auto$insbuf.cc:97:execute$48128: 1'0 -> \txv_bump_data [262]
Add chiplet_0_qkv_outproj/$auto$insbuf.cc:97:execute$48129: 1'0 -> \txv_bump_data [263]
Add chiplet_0_qkv_outproj/$auto$insbuf.cc:97:execute$48130: 1'0 -> \txv_bump_data [264]
Add chiplet_0_qkv_outproj/$auto$insbuf.cc:97:execute$48131: 1'0 -> \txv_bump_data [265]
Add chiplet_0_qkv_outproj/$auto$insbuf.cc:97:execute$48132: 1'0 -> \txv_bump_data [266]
Add chiplet_0_qkv_outproj/$auto$insbuf.cc:97:execute$48133: 1'0 -> \txv_bump_data [267]
Add chiplet_0_qkv_outproj/$auto$insbuf.cc:97:execute$48134: 1'0 -> \txv_bump_data [268]
Add chiplet_0_qkv_outproj/$auto$insbuf.cc:97:execute$48135: 1'0 -> \txv_bump_data [269]
Add chiplet_0_qkv_outproj/$auto$insbuf.cc:97:execute$48136: 1'0 -> \txv_bump_data [270]
Add chiplet_0_qkv_outproj/$auto$insbuf.cc:97:execute$48137: 1'0 -> \txv_bump_data [271]
Add chiplet_0_qkv_outproj/$auto$insbuf.cc:97:execute$48138: 1'0 -> \txv_bump_data [272]
Add chiplet_0_qkv_outproj/$auto$insbuf.cc:97:execute$48139: 1'0 -> \txv_bump_data [273]
Add chiplet_0_qkv_outproj/$auto$insbuf.cc:97:execute$48140: 1'0 -> \txv_bump_data [274]
Add chiplet_0_qkv_outproj/$auto$insbuf.cc:97:execute$48141: 1'0 -> \txv_bump_data [275]
Add chiplet_0_qkv_outproj/$auto$insbuf.cc:97:execute$48142: 1'0 -> \txv_bump_data [276]
Add chiplet_0_qkv_outproj/$auto$insbuf.cc:97:execute$48143: 1'0 -> \txv_bump_data [277]
Add chiplet_0_qkv_outproj/$auto$insbuf.cc:97:execute$48144: 1'0 -> \txv_bump_data [278]
Add chiplet_0_qkv_outproj/$auto$insbuf.cc:97:execute$48145: 1'0 -> \txv_bump_data [279]
Add chiplet_0_qkv_outproj/$auto$insbuf.cc:97:execute$48146: 1'0 -> \txv_bump_data [280]
Add chiplet_0_qkv_outproj/$auto$insbuf.cc:97:execute$48147: 1'0 -> \txv_bump_data [281]
Add chiplet_0_qkv_outproj/$auto$insbuf.cc:97:execute$48148: 1'0 -> \txv_bump_data [282]
Add chiplet_0_qkv_outproj/$auto$insbuf.cc:97:execute$48149: 1'0 -> \txv_bump_data [283]
Add chiplet_0_qkv_outproj/$auto$insbuf.cc:97:execute$48150: 1'0 -> \txv_bump_data [284]
Add chiplet_0_qkv_outproj/$auto$insbuf.cc:97:execute$48151: 1'0 -> \txv_bump_data [285]
Add chiplet_0_qkv_outproj/$auto$insbuf.cc:97:execute$48152: 1'0 -> \txv_bump_data [286]
Add chiplet_0_qkv_outproj/$auto$insbuf.cc:97:execute$48153: 1'0 -> \txv_bump_data [287]
Add chiplet_0_qkv_outproj/$auto$insbuf.cc:97:execute$48154: 1'0 -> \txv_bump_data [288]
Add chiplet_0_qkv_outproj/$auto$insbuf.cc:97:execute$48155: 1'0 -> \txv_bump_data [289]
Add chiplet_0_qkv_outproj/$auto$insbuf.cc:97:execute$48156: 1'0 -> \txv_bump_data [290]
Add chiplet_0_qkv_outproj/$auto$insbuf.cc:97:execute$48157: 1'0 -> \txv_bump_data [291]
Add chiplet_0_qkv_outproj/$auto$insbuf.cc:97:execute$48158: 1'0 -> \txv_bump_data [292]
Add chiplet_0_qkv_outproj/$auto$insbuf.cc:97:execute$48159: 1'0 -> \txv_bump_data [293]
Add chiplet_0_qkv_outproj/$auto$insbuf.cc:97:execute$48160: 1'0 -> \txv_bump_data [294]
Add chiplet_0_qkv_outproj/$auto$insbuf.cc:97:execute$48161: 1'0 -> \txv_bump_data [295]
Add chiplet_0_qkv_outproj/$auto$insbuf.cc:97:execute$48162: 1'0 -> \txv_bump_data [296]
Add chiplet_0_qkv_outproj/$auto$insbuf.cc:97:execute$48163: 1'0 -> \txv_bump_data [297]
Add chiplet_0_qkv_outproj/$auto$insbuf.cc:97:execute$48164: 1'0 -> \txv_bump_data [298]
Add chiplet_0_qkv_outproj/$auto$insbuf.cc:97:execute$48165: 1'0 -> \txv_bump_data [299]
Add chiplet_0_qkv_outproj/$auto$insbuf.cc:97:execute$48166: 1'0 -> \txv_bump_data [300]
Add chiplet_0_qkv_outproj/$auto$insbuf.cc:97:execute$48167: 1'0 -> \txv_bump_data [301]
Add chiplet_0_qkv_outproj/$auto$insbuf.cc:97:execute$48168: 1'0 -> \txv_bump_data [302]
Add chiplet_0_qkv_outproj/$auto$insbuf.cc:97:execute$48169: 1'0 -> \txv_bump_data [303]
Add chiplet_0_qkv_outproj/$auto$insbuf.cc:97:execute$48170: 1'0 -> \txv_bump_data [304]
Add chiplet_0_qkv_outproj/$auto$insbuf.cc:97:execute$48171: 1'0 -> \txv_bump_data [305]
Add chiplet_0_qkv_outproj/$auto$insbuf.cc:97:execute$48172: 1'0 -> \txv_bump_data [306]
Add chiplet_0_qkv_outproj/$auto$insbuf.cc:97:execute$48173: 1'0 -> \txv_bump_data [307]
Add chiplet_0_qkv_outproj/$auto$insbuf.cc:97:execute$48174: 1'0 -> \txv_bump_data [308]
Add chiplet_0_qkv_outproj/$auto$insbuf.cc:97:execute$48175: 1'0 -> \txv_bump_data [309]
Add chiplet_0_qkv_outproj/$auto$insbuf.cc:97:execute$48176: 1'0 -> \txv_bump_data [310]
Add chiplet_0_qkv_outproj/$auto$insbuf.cc:97:execute$48177: 1'0 -> \txv_bump_data [311]
Add chiplet_0_qkv_outproj/$auto$insbuf.cc:97:execute$48178: 1'0 -> \txv_bump_data [312]
Add chiplet_0_qkv_outproj/$auto$insbuf.cc:97:execute$48179: 1'0 -> \txv_bump_data [313]
Add chiplet_0_qkv_outproj/$auto$insbuf.cc:97:execute$48180: 1'0 -> \txv_bump_data [314]
Add chiplet_0_qkv_outproj/$auto$insbuf.cc:97:execute$48181: 1'0 -> \txv_bump_data [315]
Add chiplet_0_qkv_outproj/$auto$insbuf.cc:97:execute$48182: 1'0 -> \txv_bump_data [316]
Add chiplet_0_qkv_outproj/$auto$insbuf.cc:97:execute$48183: 1'0 -> \txv_bump_data [317]
Add chiplet_0_qkv_outproj/$auto$insbuf.cc:97:execute$48184: 1'0 -> \txv_bump_data [318]
Add chiplet_0_qkv_outproj/$auto$insbuf.cc:97:execute$48185: 1'0 -> \txv_bump_data [319]
Add chiplet_0_qkv_outproj/$auto$insbuf.cc:97:execute$48186: 1'0 -> \txv_bump_data [320]
Add chiplet_0_qkv_outproj/$auto$insbuf.cc:97:execute$48187: 1'0 -> \txv_bump_data [321]
Add chiplet_0_qkv_outproj/$auto$insbuf.cc:97:execute$48188: 1'0 -> \txv_bump_data [322]
Add chiplet_0_qkv_outproj/$auto$insbuf.cc:97:execute$48189: 1'0 -> \txv_bump_data [323]
Add chiplet_0_qkv_outproj/$auto$insbuf.cc:97:execute$48190: 1'0 -> \txv_bump_data [324]
Add chiplet_0_qkv_outproj/$auto$insbuf.cc:97:execute$48191: 1'0 -> \txv_bump_data [325]
Add chiplet_0_qkv_outproj/$auto$insbuf.cc:97:execute$48192: 1'0 -> \txv_bump_data [326]
Add chiplet_0_qkv_outproj/$auto$insbuf.cc:97:execute$48193: 1'0 -> \txv_bump_data [327]
Add chiplet_0_qkv_outproj/$auto$insbuf.cc:97:execute$48194: 1'0 -> \txv_bump_data [328]
Add chiplet_0_qkv_outproj/$auto$insbuf.cc:97:execute$48195: 1'0 -> \txv_bump_data [329]
Add chiplet_0_qkv_outproj/$auto$insbuf.cc:97:execute$48196: 1'0 -> \txv_bump_data [330]
Add chiplet_0_qkv_outproj/$auto$insbuf.cc:97:execute$48197: 1'0 -> \txv_bump_data [331]
Add chiplet_0_qkv_outproj/$auto$insbuf.cc:97:execute$48198: 1'0 -> \txv_bump_data [332]
Add chiplet_0_qkv_outproj/$auto$insbuf.cc:97:execute$48199: 1'0 -> \txv_bump_data [333]
Add chiplet_0_qkv_outproj/$auto$insbuf.cc:97:execute$48200: 1'0 -> \txv_bump_data [334]
Add chiplet_0_qkv_outproj/$auto$insbuf.cc:97:execute$48201: 1'0 -> \txv_bump_data [335]
Add chiplet_0_qkv_outproj/$auto$insbuf.cc:97:execute$48202: 1'0 -> \txv_bump_data [336]
Add chiplet_0_qkv_outproj/$auto$insbuf.cc:97:execute$48203: 1'0 -> \txv_bump_data [337]
Add chiplet_0_qkv_outproj/$auto$insbuf.cc:97:execute$48204: 1'0 -> \txv_bump_data [338]
Add chiplet_0_qkv_outproj/$auto$insbuf.cc:97:execute$48205: 1'0 -> \txv_bump_data [339]
Add chiplet_0_qkv_outproj/$auto$insbuf.cc:97:execute$48206: 1'0 -> \txv_bump_data [340]
Add chiplet_0_qkv_outproj/$auto$insbuf.cc:97:execute$48207: 1'0 -> \txv_bump_data [341]
Add chiplet_0_qkv_outproj/$auto$insbuf.cc:97:execute$48208: 1'0 -> \txv_bump_data [342]
Add chiplet_0_qkv_outproj/$auto$insbuf.cc:97:execute$48209: 1'0 -> \txv_bump_data [343]
Add chiplet_0_qkv_outproj/$auto$insbuf.cc:97:execute$48210: 1'0 -> \txv_bump_data [344]
Add chiplet_0_qkv_outproj/$auto$insbuf.cc:97:execute$48211: 1'0 -> \txv_bump_data [345]
Add chiplet_0_qkv_outproj/$auto$insbuf.cc:97:execute$48212: 1'0 -> \txv_bump_data [346]
Add chiplet_0_qkv_outproj/$auto$insbuf.cc:97:execute$48213: 1'0 -> \txv_bump_data [347]
Add chiplet_0_qkv_outproj/$auto$insbuf.cc:97:execute$48214: 1'0 -> \txv_bump_data [348]
Add chiplet_0_qkv_outproj/$auto$insbuf.cc:97:execute$48215: 1'0 -> \txv_bump_data [349]
Add chiplet_0_qkv_outproj/$auto$insbuf.cc:97:execute$48216: 1'0 -> \txv_bump_data [350]
Add chiplet_0_qkv_outproj/$auto$insbuf.cc:97:execute$48217: 1'0 -> \txv_bump_data [351]
Add chiplet_0_qkv_outproj/$auto$insbuf.cc:97:execute$48218: 1'0 -> \txv_bump_data [352]
Add chiplet_0_qkv_outproj/$auto$insbuf.cc:97:execute$48219: 1'0 -> \txv_bump_data [353]
Add chiplet_0_qkv_outproj/$auto$insbuf.cc:97:execute$48220: 1'0 -> \txv_bump_data [354]
Add chiplet_0_qkv_outproj/$auto$insbuf.cc:97:execute$48221: 1'0 -> \txv_bump_data [355]
Add chiplet_0_qkv_outproj/$auto$insbuf.cc:97:execute$48222: 1'0 -> \txv_bump_data [356]
Add chiplet_0_qkv_outproj/$auto$insbuf.cc:97:execute$48223: 1'0 -> \txv_bump_data [357]
Add chiplet_0_qkv_outproj/$auto$insbuf.cc:97:execute$48224: 1'0 -> \txv_bump_data [358]
Add chiplet_0_qkv_outproj/$auto$insbuf.cc:97:execute$48225: 1'0 -> \txv_bump_data [359]
Add chiplet_0_qkv_outproj/$auto$insbuf.cc:97:execute$48226: 1'0 -> \txv_bump_data [360]
Add chiplet_0_qkv_outproj/$auto$insbuf.cc:97:execute$48227: 1'0 -> \txv_bump_data [361]
Add chiplet_0_qkv_outproj/$auto$insbuf.cc:97:execute$48228: 1'0 -> \txv_bump_data [362]
Add chiplet_0_qkv_outproj/$auto$insbuf.cc:97:execute$48229: 1'0 -> \txv_bump_data [363]
Add chiplet_0_qkv_outproj/$auto$insbuf.cc:97:execute$48230: 1'0 -> \txv_bump_data [364]
Add chiplet_0_qkv_outproj/$auto$insbuf.cc:97:execute$48231: 1'0 -> \txv_bump_data [365]
Add chiplet_0_qkv_outproj/$auto$insbuf.cc:97:execute$48232: 1'0 -> \txv_bump_data [366]
Add chiplet_0_qkv_outproj/$auto$insbuf.cc:97:execute$48233: 1'0 -> \txv_bump_data [367]
Add chiplet_0_qkv_outproj/$auto$insbuf.cc:97:execute$48234: 1'0 -> \txv_bump_data [368]
Add chiplet_0_qkv_outproj/$auto$insbuf.cc:97:execute$48235: 1'0 -> \txv_bump_data [369]
Add chiplet_0_qkv_outproj/$auto$insbuf.cc:97:execute$48236: 1'0 -> \txv_bump_data [370]
Add chiplet_0_qkv_outproj/$auto$insbuf.cc:97:execute$48237: 1'0 -> \txv_bump_data [371]
Add chiplet_0_qkv_outproj/$auto$insbuf.cc:97:execute$48238: 1'0 -> \txv_bump_data [372]
Add chiplet_0_qkv_outproj/$auto$insbuf.cc:97:execute$48239: 1'0 -> \txv_bump_data [373]
Add chiplet_0_qkv_outproj/$auto$insbuf.cc:97:execute$48240: 1'0 -> \txv_bump_data [374]
Add chiplet_0_qkv_outproj/$auto$insbuf.cc:97:execute$48241: 1'0 -> \txv_bump_data [375]
Add chiplet_0_qkv_outproj/$auto$insbuf.cc:97:execute$48242: 1'0 -> \txv_bump_data [376]
Add chiplet_0_qkv_outproj/$auto$insbuf.cc:97:execute$48243: 1'0 -> \txv_bump_data [377]
Add chiplet_0_qkv_outproj/$auto$insbuf.cc:97:execute$48244: 1'0 -> \txv_bump_data [378]
Add chiplet_0_qkv_outproj/$auto$insbuf.cc:97:execute$48245: 1'0 -> \txv_bump_data [379]
Add chiplet_0_qkv_outproj/$auto$insbuf.cc:97:execute$48246: 1'0 -> \txv_bump_data [380]
Add chiplet_0_qkv_outproj/$auto$insbuf.cc:97:execute$48247: 1'0 -> \txv_bump_data [381]
Add chiplet_0_qkv_outproj/$auto$insbuf.cc:97:execute$48248: 1'0 -> \txv_bump_data [382]
Add chiplet_0_qkv_outproj/$auto$insbuf.cc:97:execute$48249: 1'0 -> \txv_bump_data [383]
Add chiplet_0_qkv_outproj/$auto$insbuf.cc:97:execute$48250: 1'0 -> \txv_bump_data [384]
Add chiplet_0_qkv_outproj/$auto$insbuf.cc:97:execute$48251: 1'0 -> \txv_bump_data [385]
Add chiplet_0_qkv_outproj/$auto$insbuf.cc:97:execute$48252: 1'0 -> \txv_bump_data [386]
Add chiplet_0_qkv_outproj/$auto$insbuf.cc:97:execute$48253: 1'0 -> \txv_bump_data [387]
Add chiplet_0_qkv_outproj/$auto$insbuf.cc:97:execute$48254: 1'0 -> \txv_bump_data [388]
Add chiplet_0_qkv_outproj/$auto$insbuf.cc:97:execute$48255: 1'0 -> \txv_bump_data [389]
Add chiplet_0_qkv_outproj/$auto$insbuf.cc:97:execute$48256: 1'0 -> \txv_bump_data [390]
Add chiplet_0_qkv_outproj/$auto$insbuf.cc:97:execute$48257: 1'0 -> \txv_bump_data [391]
Add chiplet_0_qkv_outproj/$auto$insbuf.cc:97:execute$48258: 1'0 -> \txv_bump_data [392]
Add chiplet_0_qkv_outproj/$auto$insbuf.cc:97:execute$48259: 1'0 -> \txv_bump_data [393]
Add chiplet_0_qkv_outproj/$auto$insbuf.cc:97:execute$48260: 1'0 -> \txv_bump_data [394]
Add chiplet_0_qkv_outproj/$auto$insbuf.cc:97:execute$48261: 1'0 -> \txv_bump_data [395]
Add chiplet_0_qkv_outproj/$auto$insbuf.cc:97:execute$48262: 1'0 -> \txv_bump_data [396]
Add chiplet_0_qkv_outproj/$auto$insbuf.cc:97:execute$48263: 1'0 -> \txv_bump_data [397]
Add chiplet_0_qkv_outproj/$auto$insbuf.cc:97:execute$48264: 1'0 -> \txv_bump_data [398]
Add chiplet_0_qkv_outproj/$auto$insbuf.cc:97:execute$48265: 1'0 -> \txv_bump_data [399]
Add chiplet_0_qkv_outproj/$auto$insbuf.cc:97:execute$48266: 1'0 -> \txv_bump_data [400]
Add chiplet_0_qkv_outproj/$auto$insbuf.cc:97:execute$48267: 1'0 -> \txv_bump_data [401]
Add chiplet_0_qkv_outproj/$auto$insbuf.cc:97:execute$48268: 1'0 -> \txv_bump_data [402]
Add chiplet_0_qkv_outproj/$auto$insbuf.cc:97:execute$48269: 1'0 -> \txv_bump_data [403]
Add chiplet_0_qkv_outproj/$auto$insbuf.cc:97:execute$48270: 1'0 -> \txv_bump_data [404]
Add chiplet_0_qkv_outproj/$auto$insbuf.cc:97:execute$48271: 1'0 -> \txv_bump_data [405]
Add chiplet_0_qkv_outproj/$auto$insbuf.cc:97:execute$48272: 1'0 -> \txv_bump_data [406]
Add chiplet_0_qkv_outproj/$auto$insbuf.cc:97:execute$48273: 1'0 -> \txv_bump_data [407]
Add chiplet_0_qkv_outproj/$auto$insbuf.cc:97:execute$48274: 1'0 -> \txv_bump_data [408]
Add chiplet_0_qkv_outproj/$auto$insbuf.cc:97:execute$48275: 1'0 -> \txv_bump_data [409]
Add chiplet_0_qkv_outproj/$auto$insbuf.cc:97:execute$48276: 1'0 -> \txv_bump_data [410]
Add chiplet_0_qkv_outproj/$auto$insbuf.cc:97:execute$48277: 1'0 -> \txv_bump_data [411]
Add chiplet_0_qkv_outproj/$auto$insbuf.cc:97:execute$48278: 1'0 -> \txv_bump_data [412]
Add chiplet_0_qkv_outproj/$auto$insbuf.cc:97:execute$48279: 1'0 -> \txv_bump_data [413]
Add chiplet_0_qkv_outproj/$auto$insbuf.cc:97:execute$48280: 1'0 -> \txv_bump_data [414]
Add chiplet_0_qkv_outproj/$auto$insbuf.cc:97:execute$48281: 1'0 -> \txv_bump_data [415]
Add chiplet_0_qkv_outproj/$auto$insbuf.cc:97:execute$48282: 1'0 -> \txv_bump_data [416]
Add chiplet_0_qkv_outproj/$auto$insbuf.cc:97:execute$48283: 1'0 -> \txv_bump_data [417]
Add chiplet_0_qkv_outproj/$auto$insbuf.cc:97:execute$48284: 1'0 -> \txv_bump_data [418]
Add chiplet_0_qkv_outproj/$auto$insbuf.cc:97:execute$48285: 1'0 -> \txv_bump_data [419]
Add chiplet_0_qkv_outproj/$auto$insbuf.cc:97:execute$48286: 1'0 -> \txv_bump_data [420]
Add chiplet_0_qkv_outproj/$auto$insbuf.cc:97:execute$48287: 1'0 -> \txv_bump_data [421]
Add chiplet_0_qkv_outproj/$auto$insbuf.cc:97:execute$48288: 1'0 -> \txv_bump_data [422]
Add chiplet_0_qkv_outproj/$auto$insbuf.cc:97:execute$48289: 1'0 -> \txv_bump_data [423]
Add chiplet_0_qkv_outproj/$auto$insbuf.cc:97:execute$48290: 1'0 -> \txv_bump_data [424]
Add chiplet_0_qkv_outproj/$auto$insbuf.cc:97:execute$48291: 1'0 -> \txv_bump_data [425]
Add chiplet_0_qkv_outproj/$auto$insbuf.cc:97:execute$48292: 1'0 -> \txv_bump_data [426]
Add chiplet_0_qkv_outproj/$auto$insbuf.cc:97:execute$48293: 1'0 -> \txv_bump_data [427]
Add chiplet_0_qkv_outproj/$auto$insbuf.cc:97:execute$48294: 1'0 -> \txv_bump_data [428]
Add chiplet_0_qkv_outproj/$auto$insbuf.cc:97:execute$48295: 1'0 -> \txv_bump_data [429]
Add chiplet_0_qkv_outproj/$auto$insbuf.cc:97:execute$48296: 1'0 -> \txv_bump_data [430]
Add chiplet_0_qkv_outproj/$auto$insbuf.cc:97:execute$48297: 1'0 -> \txv_bump_data [431]
Add chiplet_0_qkv_outproj/$auto$insbuf.cc:97:execute$48298: 1'0 -> \txv_bump_data [432]
Add chiplet_0_qkv_outproj/$auto$insbuf.cc:97:execute$48299: 1'0 -> \txv_bump_data [433]
Add chiplet_0_qkv_outproj/$auto$insbuf.cc:97:execute$48300: 1'0 -> \txv_bump_data [434]
Add chiplet_0_qkv_outproj/$auto$insbuf.cc:97:execute$48301: 1'0 -> \txv_bump_data [435]
Add chiplet_0_qkv_outproj/$auto$insbuf.cc:97:execute$48302: 1'0 -> \txv_bump_data [436]
Add chiplet_0_qkv_outproj/$auto$insbuf.cc:97:execute$48303: 1'0 -> \txv_bump_data [437]
Add chiplet_0_qkv_outproj/$auto$insbuf.cc:97:execute$48304: 1'0 -> \txv_bump_data [438]
Add chiplet_0_qkv_outproj/$auto$insbuf.cc:97:execute$48305: 1'0 -> \txv_bump_data [439]
Add chiplet_0_qkv_outproj/$auto$insbuf.cc:97:execute$48306: 1'0 -> \txv_bump_data [440]
Add chiplet_0_qkv_outproj/$auto$insbuf.cc:97:execute$48307: 1'0 -> \txv_bump_data [441]
Add chiplet_0_qkv_outproj/$auto$insbuf.cc:97:execute$48308: 1'0 -> \txv_bump_data [442]
Add chiplet_0_qkv_outproj/$auto$insbuf.cc:97:execute$48309: 1'0 -> \txv_bump_data [443]
Add chiplet_0_qkv_outproj/$auto$insbuf.cc:97:execute$48310: 1'0 -> \txv_bump_data [444]
Add chiplet_0_qkv_outproj/$auto$insbuf.cc:97:execute$48311: 1'0 -> \txv_bump_data [445]
Add chiplet_0_qkv_outproj/$auto$insbuf.cc:97:execute$48312: 1'0 -> \txv_bump_data [446]
Add chiplet_0_qkv_outproj/$auto$insbuf.cc:97:execute$48313: 1'0 -> \txv_bump_data [447]
Add chiplet_0_qkv_outproj/$auto$insbuf.cc:97:execute$48314: 1'0 -> \txv_bump_data [448]
Add chiplet_0_qkv_outproj/$auto$insbuf.cc:97:execute$48315: 1'0 -> \txv_bump_data [449]
Add chiplet_0_qkv_outproj/$auto$insbuf.cc:97:execute$48316: 1'0 -> \txv_bump_data [450]
Add chiplet_0_qkv_outproj/$auto$insbuf.cc:97:execute$48317: 1'0 -> \txv_bump_data [451]
Add chiplet_0_qkv_outproj/$auto$insbuf.cc:97:execute$48318: 1'0 -> \txv_bump_data [452]
Add chiplet_0_qkv_outproj/$auto$insbuf.cc:97:execute$48319: 1'0 -> \txv_bump_data [453]
Add chiplet_0_qkv_outproj/$auto$insbuf.cc:97:execute$48320: 1'0 -> \txv_bump_data [454]
Add chiplet_0_qkv_outproj/$auto$insbuf.cc:97:execute$48321: 1'0 -> \txv_bump_data [455]
Add chiplet_0_qkv_outproj/$auto$insbuf.cc:97:execute$48322: 1'0 -> \txv_bump_data [456]
Add chiplet_0_qkv_outproj/$auto$insbuf.cc:97:execute$48323: 1'0 -> \txv_bump_data [457]
Add chiplet_0_qkv_outproj/$auto$insbuf.cc:97:execute$48324: 1'0 -> \txv_bump_data [458]
Add chiplet_0_qkv_outproj/$auto$insbuf.cc:97:execute$48325: 1'0 -> \txv_bump_data [459]
Add chiplet_0_qkv_outproj/$auto$insbuf.cc:97:execute$48326: 1'0 -> \txv_bump_data [460]
Add chiplet_0_qkv_outproj/$auto$insbuf.cc:97:execute$48327: 1'0 -> \txv_bump_data [461]
Add chiplet_0_qkv_outproj/$auto$insbuf.cc:97:execute$48328: 1'0 -> \txv_bump_data [462]
Add chiplet_0_qkv_outproj/$auto$insbuf.cc:97:execute$48329: 1'0 -> \txv_bump_data [463]
Add chiplet_0_qkv_outproj/$auto$insbuf.cc:97:execute$48330: 1'0 -> \txv_bump_data [464]
Add chiplet_0_qkv_outproj/$auto$insbuf.cc:97:execute$48331: 1'0 -> \txv_bump_data [465]
Add chiplet_0_qkv_outproj/$auto$insbuf.cc:97:execute$48332: 1'0 -> \txv_bump_data [466]
Add chiplet_0_qkv_outproj/$auto$insbuf.cc:97:execute$48333: 1'0 -> \txv_bump_data [467]
Add chiplet_0_qkv_outproj/$auto$insbuf.cc:97:execute$48334: 1'0 -> \txv_bump_data [468]
Add chiplet_0_qkv_outproj/$auto$insbuf.cc:97:execute$48335: 1'0 -> \txv_bump_data [469]
Add chiplet_0_qkv_outproj/$auto$insbuf.cc:97:execute$48336: 1'0 -> \txv_bump_data [470]
Add chiplet_0_qkv_outproj/$auto$insbuf.cc:97:execute$48337: 1'0 -> \txv_bump_data [471]
Add chiplet_0_qkv_outproj/$auto$insbuf.cc:97:execute$48338: 1'0 -> \txv_bump_data [472]
Add chiplet_0_qkv_outproj/$auto$insbuf.cc:97:execute$48339: 1'0 -> \txv_bump_data [473]
Add chiplet_0_qkv_outproj/$auto$insbuf.cc:97:execute$48340: 1'0 -> \txv_bump_data [474]
Add chiplet_0_qkv_outproj/$auto$insbuf.cc:97:execute$48341: 1'0 -> \txv_bump_data [475]
Add chiplet_0_qkv_outproj/$auto$insbuf.cc:97:execute$48342: 1'0 -> \txv_bump_data [476]
Add chiplet_0_qkv_outproj/$auto$insbuf.cc:97:execute$48343: 1'0 -> \txv_bump_data [477]
Add chiplet_0_qkv_outproj/$auto$insbuf.cc:97:execute$48344: 1'0 -> \txv_bump_data [478]
Add chiplet_0_qkv_outproj/$auto$insbuf.cc:97:execute$48345: 1'0 -> \txv_bump_data [479]
Add chiplet_0_qkv_outproj/$auto$insbuf.cc:97:execute$48346: 1'0 -> \txv_bump_data [480]
Add chiplet_0_qkv_outproj/$auto$insbuf.cc:97:execute$48347: 1'0 -> \txv_bump_data [481]
Add chiplet_0_qkv_outproj/$auto$insbuf.cc:97:execute$48348: 1'0 -> \txv_bump_data [482]
Add chiplet_0_qkv_outproj/$auto$insbuf.cc:97:execute$48349: 1'0 -> \txv_bump_data [483]
Add chiplet_0_qkv_outproj/$auto$insbuf.cc:97:execute$48350: 1'0 -> \txv_bump_data [484]
Add chiplet_0_qkv_outproj/$auto$insbuf.cc:97:execute$48351: 1'0 -> \txv_bump_data [485]
Add chiplet_0_qkv_outproj/$auto$insbuf.cc:97:execute$48352: 1'0 -> \txv_bump_data [486]
Add chiplet_0_qkv_outproj/$auto$insbuf.cc:97:execute$48353: 1'0 -> \txv_bump_data [487]
Add chiplet_0_qkv_outproj/$auto$insbuf.cc:97:execute$48354: 1'0 -> \txv_bump_data [488]
Add chiplet_0_qkv_outproj/$auto$insbuf.cc:97:execute$48355: 1'0 -> \txv_bump_data [489]
Add chiplet_0_qkv_outproj/$auto$insbuf.cc:97:execute$48356: 1'0 -> \txv_bump_data [490]
Add chiplet_0_qkv_outproj/$auto$insbuf.cc:97:execute$48357: 1'0 -> \txv_bump_data [491]
Add chiplet_0_qkv_outproj/$auto$insbuf.cc:97:execute$48358: 1'0 -> \txv_bump_data [492]
Add chiplet_0_qkv_outproj/$auto$insbuf.cc:97:execute$48359: 1'0 -> \txv_bump_data [493]
Add chiplet_0_qkv_outproj/$auto$insbuf.cc:97:execute$48360: 1'0 -> \txv_bump_data [494]
Add chiplet_0_qkv_outproj/$auto$insbuf.cc:97:execute$48361: 1'0 -> \txv_bump_data [495]
Add chiplet_0_qkv_outproj/$auto$insbuf.cc:97:execute$48362: 1'0 -> \txv_bump_data [496]
Add chiplet_0_qkv_outproj/$auto$insbuf.cc:97:execute$48363: 1'0 -> \txv_bump_data [497]
Add chiplet_0_qkv_outproj/$auto$insbuf.cc:97:execute$48364: 1'0 -> \txv_bump_data [498]
Add chiplet_0_qkv_outproj/$auto$insbuf.cc:97:execute$48365: 1'0 -> \txv_bump_data [499]
Add chiplet_0_qkv_outproj/$auto$insbuf.cc:97:execute$48366: 1'0 -> \txv_bump_data [500]
Add chiplet_0_qkv_outproj/$auto$insbuf.cc:97:execute$48367: 1'0 -> \txv_bump_data [501]
Add chiplet_0_qkv_outproj/$auto$insbuf.cc:97:execute$48368: 1'0 -> \txv_bump_data [502]
Add chiplet_0_qkv_outproj/$auto$insbuf.cc:97:execute$48369: 1'0 -> \txv_bump_data [503]
Add chiplet_0_qkv_outproj/$auto$insbuf.cc:97:execute$48370: 1'0 -> \txv_bump_data [504]
Add chiplet_0_qkv_outproj/$auto$insbuf.cc:97:execute$48371: 1'0 -> \txv_bump_data [505]
Add chiplet_0_qkv_outproj/$auto$insbuf.cc:97:execute$48372: 1'0 -> \txv_bump_data [506]
Add chiplet_0_qkv_outproj/$auto$insbuf.cc:97:execute$48373: 1'0 -> \txv_bump_data [507]
Add chiplet_0_qkv_outproj/$auto$insbuf.cc:97:execute$48374: 1'0 -> \txv_bump_data [508]
Add chiplet_0_qkv_outproj/$auto$insbuf.cc:97:execute$48375: 1'0 -> \txv_bump_data [509]
Add chiplet_0_qkv_outproj/$auto$insbuf.cc:97:execute$48376: 1'0 -> \txv_bump_data [510]
Add chiplet_0_qkv_outproj/$auto$insbuf.cc:97:execute$48377: 1'0 -> \txv_bump_data [511]
Add chiplet_0_qkv_outproj/$auto$insbuf.cc:97:execute$48378: 1'0 -> \txv_bump_valid

83. Executing CHECK pass (checking for obvious problems).
Checking module chiplet_0_qkv_outproj...
Found and reported 0 problems.
{
   "creator": "Yosys 0.38 (git sha1 543faed9c8c, clang++ 17.0.6 -fPIC -Os)",
   "invocation": "stat -json -liberty /work/runs/RUN_2026-05-18_06-24-15/tmp/18006b3f62ab4ee5b05050d130e00752.lib ",
   "modules": {
      "\\chiplet_0_qkv_outproj": {
         "num_wires":         62,
         "num_wire_bits":     3198,
         "num_pub_wires":     31,
         "num_pub_wire_bits": 3167,
         "num_memories":      0,
         "num_memory_bits":   0,
         "num_processes":     0,
         "num_cells":         2156,
         "area":              11081.878400,
         "num_cells_by_type": {
            "sky130_fd_sc_hd__a21o_2": 2,
            "sky130_fd_sc_hd__a21oi_2": 1,
            "sky130_fd_sc_hd__a31o_2": 2,
            "sky130_fd_sc_hd__a32o_2": 5,
            "sky130_fd_sc_hd__and2_2": 1,
            "sky130_fd_sc_hd__and3_2": 1,
            "sky130_fd_sc_hd__and4_2": 1,
            "sky130_fd_sc_hd__and4bb_2": 1,
            "sky130_fd_sc_hd__buf_2": 2118,
            "sky130_fd_sc_hd__dfrtp_2": 9,
            "sky130_fd_sc_hd__inv_2": 4,
            "sky130_fd_sc_hd__mux2_1": 1,
            "sky130_fd_sc_hd__nand2_2": 2,
            "sky130_fd_sc_hd__nand3_2": 1,
            "sky130_fd_sc_hd__nand4_2": 1,
            "sky130_fd_sc_hd__nor2_2": 1,
            "sky130_fd_sc_hd__o311a_2": 1,
            "sky130_fd_sc_hd__or2_2": 3,
            "sky130_fd_sc_hd__or4b_2": 1
         }
      }
   },
      "design": {
         "num_wires":         62,
         "num_wire_bits":     3198,
         "num_pub_wires":     31,
         "num_pub_wire_bits": 3167,
         "num_memories":      0,
         "num_memory_bits":   0,
         "num_processes":     0,
         "num_cells":         2156,
         "area":              11081.878400,
         "num_cells_by_type": {
            "sky130_fd_sc_hd__a21o_2": 2,
            "sky130_fd_sc_hd__a21oi_2": 1,
            "sky130_fd_sc_hd__a31o_2": 2,
            "sky130_fd_sc_hd__a32o_2": 5,
            "sky130_fd_sc_hd__and2_2": 1,
            "sky130_fd_sc_hd__and3_2": 1,
            "sky130_fd_sc_hd__and4_2": 1,
            "sky130_fd_sc_hd__and4bb_2": 1,
            "sky130_fd_sc_hd__buf_2": 2118,
            "sky130_fd_sc_hd__dfrtp_2": 9,
            "sky130_fd_sc_hd__inv_2": 4,
            "sky130_fd_sc_hd__mux2_1": 1,
            "sky130_fd_sc_hd__nand2_2": 2,
            "sky130_fd_sc_hd__nand3_2": 1,
            "sky130_fd_sc_hd__nand4_2": 1,
            "sky130_fd_sc_hd__nor2_2": 1,
            "sky130_fd_sc_hd__o311a_2": 1,
            "sky130_fd_sc_hd__or2_2": 3,
            "sky130_fd_sc_hd__or4b_2": 1
         }
      }
}

84. Printing statistics.

=== chiplet_0_qkv_outproj ===

   Number of wires:                 62
   Number of wire bits:           3198
   Number of public wires:          31
   Number of public wire bits:    3167
   Number of memories:               0
   Number of memory bits:            0
   Number of processes:              0
   Number of cells:               2156
     sky130_fd_sc_hd__a21o_2         2
     sky130_fd_sc_hd__a21oi_2        1
     sky130_fd_sc_hd__a31o_2         2
     sky130_fd_sc_hd__a32o_2         5
     sky130_fd_sc_hd__and2_2         1
     sky130_fd_sc_hd__and3_2         1
     sky130_fd_sc_hd__and4_2         1
     sky130_fd_sc_hd__and4bb_2       1
     sky130_fd_sc_hd__buf_2       2118
     sky130_fd_sc_hd__dfrtp_2        9
     sky130_fd_sc_hd__inv_2          4
     sky130_fd_sc_hd__mux2_1         1
     sky130_fd_sc_hd__nand2_2        2
     sky130_fd_sc_hd__nand3_2        1
     sky130_fd_sc_hd__nand4_2        1
     sky130_fd_sc_hd__nor2_2         1
     sky130_fd_sc_hd__o311a_2        1
     sky130_fd_sc_hd__or2_2          3
     sky130_fd_sc_hd__or4b_2         1

   Chip area for module '\chiplet_0_qkv_outproj': 11081.878400

85. Executing Verilog backend.
Dumping module `\chiplet_0_qkv_outproj'.

86. Executing JSON backend.

Warnings: 15 unique messages, 15 total
End of script. Logfile hash: 919ae91362, CPU: user 48.70s system 1.01s, MEM: 1628.51 MB peak
Yosys 0.38 (git sha1 543faed9c8c, clang++ 17.0.6 -fPIC -Os)
Time spent: 97% 41x read_verilog (48 sec), 0% 7x stat (0 sec), ...
